./bin/gfsim -f /tmp/opencode/pr163/benchmark/one-level-arch/output/solution/mega_moe/elf/solution_mega_moe_mega_moe_sim_mt_dyn.elf --conf fourpe 
[gfsim] explicit PE config present; skipping ELF auto-detection
Parse Config File:
Parse Config File:
Parse Config File:
Parse Config File:
Parse Config File:
Parse Config File:
Parse Config File:
Parse Config File:
Parse Config File:
Parse Config File:
Parse Config File:
Parse Config File:
Parse Config File:
Parse Config File:
Parse Config File:
Parse Config File:
Parse Config File:
Parse Config File:
Parse Config File:
Parse Config File:
Parse Config File:
Parse Config File:
Parse Config File:
Parse Config File:
Parse Config File:
Parse Config File:
Parse Config File:
Parse Config File:
Parse Config File:
Parse Config File:
Parse Config File:
Parse Config File:
Parse Config File:
Parse Config File:
Parse Config File:
Parse Config File:
Parse Config File:
Parse Config File:
Parse Config File:
Parse Config File:
Parse Config File:
Parse Config File:
Parse Config File:
Parse Config File:
Parse Config File:
Parse Config File:
Parse Config File:
Parse Config File:
Parse Config File:
Parse Config File:
Parse Config File:
Parse Config File:
Parse Config File:
Parse Config File:
Parse Config File:
Parse Config File:
Parse Config File:
Parse Config File:
Parse Config File:
Parse Config File:
Parse Config File:
Parse Config File:
Parse Config File:
Override configurations:
core.threadCount=4
core.stdPeCount=1
core.cube_core_num=4
core.cube_thread_num=1
core.vec_core_num=4
fourpe.pe_cluster_enable=true
fourpe.pe_cluster_count=4
fourpe.pe_cluster_frontend_thread_count=4
fourpe.pe_cluster_aggregate_decode_width=8
fourpe.pe_cluster_gpr_rename_partition_entries=128
fourpe.pe_cluster_scalar_rob_partition_entries=128
fourpe.pe_cluster_scalar_iq_partition_entries=128
fourpe.pe_cluster_block_rob_partition_entries=256
fourpe.pe_cluster_block_iq_partition_entries=88
fourpe.pe_cluster_local_reg_partition_entries=88
bfu.brq_depth=1024
fourpe.pe_cluster_partition_borrow_enable=false
fourpe.pe_cluster_eligible_rr_fairness_check=true
fourpe.pe_cluster_group_contract_fatal=false
dfx.swimCounterSampleInterval=8
Memory: 0x10200 - 0x10300 (Size=0KB) [.rodata]
Memory: 0x10304 - 0x10317 (Size=0KB) [.eh_frame_hdr]
Memory: 0x10318 - 0x10363 (Size=0KB) [.eh_frame]
Memory: 0x11364 - 0x12f77 (Size=7KB) [.text]
Memory: 0x13f78 - 0x13f8f (Size=0KB) [.data.rel.ro]
Memory: 0x15000 - 0x2dd9f (Size=99KB) [.bss]
Memory: 0x2dda0 - 0x803dda0 (Size=131136KB) [stack mem]
Memory: 0x4000802000 - 0x4008803000 (Size=131076KB) [map mem]
tid: 0 Core@100000: Retired blocks 12215. BROB head info: B238 STID0 BPC 0x11576 [STD COND]
tid: 1 Core@100000: Retired blocks 12215. BROB head info: B238 STID1 BPC 0x11576 [STD COND]
tid: 2 Core@100000: Retired blocks 12215. BROB head info: B238 STID2 BPC 0x11576 [STD COND]
tid: 3 Core@100000: Retired blocks 12215. BROB head info: B237 STID3 BPC 0x11576 [STD COND]
tid: 0 Core@200000: Retired blocks 24918. BROB head info: B85 STID0 BPC 0x115f4 [STD COND]
tid: 1 Core@200000: Retired blocks 24918. BROB head info: B86 STID1 BPC 0x115f4 [STD COND]
tid: 2 Core@200000: Retired blocks 24918. BROB head info: B86 STID2 BPC 0x115f4 [STD COND]
tid: 3 Core@200000: Retired blocks 24918. BROB head info: B85 STID3 BPC 0x115f4 [STD COND]
[C:223711 ][DFX.NA    ]: Deadlock detected at thread 2, cycles=223712, waitCycles exceeded threshold, verified blocks=6698, verified minsts=0
[C:223711 ][BCC.STAGE ]: ==================================================
[C:223711 ][BCC.STAGE ]: size: 231 commitPtr: 42 nonFlushBid: 16 allocPtr: 17
[C:223711 ][BCC.STAGE ]: 	|--B42 STID0 BPC 0x116ce [STD DIRECT] STD allocated<- oldest/commitPtr
[C:223711 ][BCC.STAGE ]: 	|--B43 STID0 BPC 0x116ce [STD DIRECT] STD allocated
[C:223711 ][BCC.STAGE ]: 	|--B44 STID0 BPC 0x116ce [STD DIRECT] STD allocated
[C:223711 ][BCC.STAGE ]: 	|--B45 STID0 BPC 0x116ce [STD DIRECT] STD allocated
[C:223711 ][BCC.STAGE ]: 	|--B46 STID0 BPC 0x116ce [STD DIRECT] STD allocated
[C:223711 ][BCC.STAGE ]: 	|--B47 STID0 BPC 0x116ce [STD DIRECT] STD allocated
[C:223711 ][BCC.STAGE ]: 	|--B48 STID0 BPC 0x116ce [STD DIRECT] STD allocated
[C:223711 ][BCC.STAGE ]: 	|--B49 STID0 BPC 0x116ce [STD DIRECT] STD allocated
[C:223711 ][BCC.STAGE ]: 	|--B50 STID0 BPC 0x116ce [STD DIRECT] STD allocated
[C:223711 ][BCC.STAGE ]: 	|--B51 STID0 BPC 0x116ce [STD DIRECT] STD allocated
[C:223711 ][BCC.STAGE ]: 	|--B52 STID0 BPC 0x116ce [STD DIRECT] STD allocated
[C:223711 ][BCC.STAGE ]: 	|--B53 STID0 BPC 0x116ce [STD DIRECT] STD allocated
[C:223711 ][BCC.STAGE ]: 	|--B54 STID0 BPC 0x116ce [STD DIRECT] STD allocated
[C:223711 ][BCC.STAGE ]: 	|--B55 STID0 BPC 0x116ce [STD DIRECT] STD allocated
[C:223711 ][BCC.STAGE ]: 	|--B56 STID0 BPC 0x116ce [STD DIRECT] STD allocated
[C:223711 ][BCC.STAGE ]: 	|--B57 STID0 BPC 0x116ce [STD DIRECT] STD allocated
[C:223711 ][BCC.STAGE ]: 	|--B58 STID0 BPC 0x116ce [STD DIRECT] STD allocated
[C:223711 ][BCC.STAGE ]: 	|--B59 STID0 BPC 0x116ce [STD DIRECT] STD allocated
[C:223711 ][BCC.STAGE ]: 	|--B60 STID0 BPC 0x116ce [STD DIRECT] STD allocated
[C:223711 ][BCC.STAGE ]: 	|--B61 STID0 BPC 0x116ce [STD DIRECT] STD allocated
[C:223711 ][BCC.STAGE ]: 	|--B62 STID0 BPC 0x116ce [STD DIRECT] STD allocated
[C:223711 ][BCC.STAGE ]: 	|--B63 STID0 BPC 0x116ce [STD DIRECT] STD allocated
[C:223711 ][BCC.STAGE ]: 	|--B64 STID0 BPC 0x116ce [STD DIRECT] STD allocated
[C:223711 ][BCC.STAGE ]: 	|--B65 STID0 BPC 0x116ce [STD DIRECT] STD allocated
[C:223711 ][BCC.STAGE ]: 	|--B66 STID0 BPC 0x116ce [STD DIRECT] STD allocated
[C:223711 ][BCC.STAGE ]: 	|--B67 STID0 BPC 0x116ce [STD DIRECT] STD allocated
[C:223711 ][BCC.STAGE ]: 	|--B68 STID0 BPC 0x116ce [STD DIRECT] STD allocated
[C:223711 ][BCC.STAGE ]: 	|--B69 STID0 BPC 0x116ce [STD DIRECT] STD allocated
[C:223711 ][BCC.STAGE ]: 	|--B70 STID0 BPC 0x116ce [STD DIRECT] STD allocated
[C:223711 ][BCC.STAGE ]: 	|--B71 STID0 BPC 0x116ce [STD DIRECT] STD allocated
[C:223711 ][BCC.STAGE ]: 	|--B72 STID0 BPC 0x116ce [STD DIRECT] STD allocated
[C:223711 ][BCC.STAGE ]: 	|--B73 STID0 BPC 0x116ce [STD DIRECT] STD allocated
[C:223711 ][BCC.STAGE ]: 	|--B74 STID0 BPC 0x116ce [STD DIRECT] STD allocated
[C:223711 ][BCC.STAGE ]: 	|--B75 STID0 BPC 0x116ce [STD DIRECT] STD allocated
[C:223711 ][BCC.STAGE ]: 	|--B76 STID0 BPC 0x116ce [STD DIRECT] STD allocated
[C:223711 ][BCC.STAGE ]: 	|--B77 STID0 BPC 0x116ce [STD DIRECT] STD allocated
[C:223711 ][BCC.STAGE ]: 	|--B78 STID0 BPC 0x116ce [STD DIRECT] STD allocated
[C:223711 ][BCC.STAGE ]: 	|--B79 STID0 BPC 0x116ce [STD DIRECT] STD allocated
[C:223711 ][BCC.STAGE ]: 	|--B80 STID0 BPC 0x116ce [STD DIRECT] STD allocated
[C:223711 ][BCC.STAGE ]: 	|--B81 STID0 BPC 0x116ce [STD DIRECT] STD allocated
[C:223711 ][BCC.STAGE ]: 	|--B82 STID0 BPC 0x116ce [STD DIRECT] STD allocated
[C:223711 ][BCC.STAGE ]: 	|--B83 STID0 BPC 0x116ce [STD DIRECT] STD allocated
[C:223711 ][BCC.STAGE ]: 	|--B84 STID0 BPC 0x116ce [STD DIRECT] STD allocated
[C:223711 ][BCC.STAGE ]: 	|--B85 STID0 BPC 0x116ce [STD DIRECT] STD allocated
[C:223711 ][BCC.STAGE ]: 	|--B86 STID0 BPC 0x116ce [STD DIRECT] STD allocated
[C:223711 ][BCC.STAGE ]: 	|--B87 STID0 BPC 0x116ce [STD DIRECT] STD allocated
[C:223711 ][BCC.STAGE ]: 	|--B88 STID0 BPC 0x116ce [STD DIRECT] STD allocated
[C:223711 ][BCC.STAGE ]: 	|--B89 STID0 BPC 0x116ce [STD DIRECT] STD allocated
[C:223711 ][BCC.STAGE ]: 	|--B90 STID0 BPC 0x116ce [STD DIRECT] STD allocated
[C:223711 ][BCC.STAGE ]: 	|--B91 STID0 BPC 0x116ce [STD DIRECT] STD allocated
[C:223711 ][BCC.STAGE ]: 	|--B92 STID0 BPC 0x116ce [STD DIRECT] STD allocated
[C:223711 ][BCC.STAGE ]: 	|--B93 STID0 BPC 0x116ce [STD DIRECT] STD allocated
[C:223711 ][BCC.STAGE ]: 	|--B94 STID0 BPC 0x116ce [STD DIRECT] STD allocated
[C:223711 ][BCC.STAGE ]: 	|--B95 STID0 BPC 0x116ce [STD DIRECT] STD allocated
[C:223711 ][BCC.STAGE ]: 	|--B96 STID0 BPC 0x116ce [STD DIRECT] STD allocated
[C:223711 ][BCC.STAGE ]: 	|--B97 STID0 BPC 0x116ce [STD DIRECT] STD allocated
[C:223711 ][BCC.STAGE ]: 	|--B98 STID0 BPC 0x116ce [STD DIRECT] STD allocated
[C:223711 ][BCC.STAGE ]: 	|--B99 STID0 BPC 0x116ce [STD DIRECT] STD allocated
[C:223711 ][BCC.STAGE ]: 	|--B100 STID0 BPC 0x116ce [STD DIRECT] STD allocated
[C:223711 ][BCC.STAGE ]: 	|--B101 STID0 BPC 0x116ce [STD DIRECT] STD allocated
[C:223711 ][BCC.STAGE ]: 	|--B102 STID0 BPC 0x116ce [STD DIRECT] STD allocated
[C:223711 ][BCC.STAGE ]: 	|--B103 STID0 BPC 0x116ce [STD DIRECT] STD allocated
[C:223711 ][BCC.STAGE ]: 	|--B104 STID0 BPC 0x116ce [STD DIRECT] STD allocated
[C:223711 ][BCC.STAGE ]: 	|--B105 STID0 BPC 0x116ce [STD DIRECT] STD allocated
[C:223711 ][BCC.STAGE ]: 	|--B106 STID0 BPC 0x116ce [STD DIRECT] STD allocated
[C:223711 ][BCC.STAGE ]: 	|--B107 STID0 BPC 0x116ce [STD DIRECT] STD allocated
[C:223711 ][BCC.STAGE ]: 	|--B108 STID0 BPC 0x116ce [STD DIRECT] STD allocated
[C:223711 ][BCC.STAGE ]: 	|--B109 STID0 BPC 0x116ce [STD DIRECT] STD allocated
[C:223711 ][BCC.STAGE ]: 	|--B110 STID0 BPC 0x116ce [STD DIRECT] STD allocated
[C:223711 ][BCC.STAGE ]: 	|--B111 STID0 BPC 0x116ce [STD DIRECT] STD allocated
[C:223711 ][BCC.STAGE ]: 	|--B112 STID0 BPC 0x116ce [STD DIRECT] STD allocated
[C:223711 ][BCC.STAGE ]: 	|--B113 STID0 BPC 0x116ce [STD DIRECT] STD allocated
[C:223711 ][BCC.STAGE ]: 	|--B114 STID0 BPC 0x116ce [STD DIRECT] STD allocated
[C:223711 ][BCC.STAGE ]: 	|--B115 STID0 BPC 0x116ce [STD DIRECT] STD allocated
[C:223711 ][BCC.STAGE ]: 	|--B116 STID0 BPC 0x116ce [STD DIRECT] STD allocated
[C:223711 ][BCC.STAGE ]: 	|--B117 STID0 BPC 0x116ce [STD DIRECT] STD allocated
[C:223711 ][BCC.STAGE ]: 	|--B118 STID0 BPC 0x116ce [STD DIRECT] STD allocated
[C:223711 ][BCC.STAGE ]: 	|--B119 STID0 BPC 0x116ce [STD DIRECT] STD allocated
[C:223711 ][BCC.STAGE ]: 	|--B120 STID0 BPC 0x116ce [STD DIRECT] STD allocated
[C:223711 ][BCC.STAGE ]: 	|--B121 STID0 BPC 0x116ce [STD DIRECT] STD allocated
[C:223711 ][BCC.STAGE ]: 	|--B122 STID0 BPC 0x116ce [STD DIRECT] STD allocated
[C:223711 ][BCC.STAGE ]: 	|--B123 STID0 BPC 0x116ce [STD DIRECT] STD allocated
[C:223711 ][BCC.STAGE ]: 	|--B124 STID0 BPC 0x116ce [STD DIRECT] STD allocated
[C:223711 ][BCC.STAGE ]: 	|--B125 STID0 BPC 0x116ce [STD DIRECT] STD allocated
[C:223711 ][BCC.STAGE ]: 	|--B126 STID0 BPC 0x116ce [STD DIRECT] STD allocated
[C:223711 ][BCC.STAGE ]: 	|--B127 STID0 BPC 0x116ce [STD DIRECT] STD allocated
[C:223711 ][BCC.STAGE ]: 	|--B128 STID0 BPC 0x116ce [STD DIRECT] STD allocated
[C:223711 ][BCC.STAGE ]: 	|--B129 STID0 BPC 0x116ce [STD DIRECT] STD allocated
[C:223711 ][BCC.STAGE ]: 	|--B130 STID0 BPC 0x116ce [STD DIRECT] STD allocated
[C:223711 ][BCC.STAGE ]: 	|--B131 STID0 BPC 0x116ce [STD DIRECT] STD allocated
[C:223711 ][BCC.STAGE ]: 	|--B132 STID0 BPC 0x116ce [STD DIRECT] STD allocated
[C:223711 ][BCC.STAGE ]: 	|--B133 STID0 BPC 0x116ce [STD DIRECT] STD allocated
[C:223711 ][BCC.STAGE ]: 	|--B134 STID0 BPC 0x116ce [STD DIRECT] STD allocated
[C:223711 ][BCC.STAGE ]: 	|--B135 STID0 BPC 0x116ce [STD DIRECT] STD allocated
[C:223711 ][BCC.STAGE ]: 	|--B136 STID0 BPC 0x116ce [STD DIRECT] STD allocated
[C:223711 ][BCC.STAGE ]: 	|--B137 STID0 BPC 0x116ce [STD DIRECT] STD allocated
[C:223711 ][BCC.STAGE ]: 	|--B138 STID0 BPC 0x116ce [STD DIRECT] STD allocated
[C:223711 ][BCC.STAGE ]: 	|--B139 STID0 BPC 0x116ce [STD DIRECT] STD allocated
[C:223711 ][BCC.STAGE ]: 	|--B140 STID0 BPC 0x116ce [STD DIRECT] STD allocated
[C:223711 ][BCC.STAGE ]: 	|--B141 STID0 BPC 0x116ce [STD DIRECT] STD allocated
[C:223711 ][BCC.STAGE ]: 	|--B142 STID0 BPC 0x116ce [STD DIRECT] STD allocated
[C:223711 ][BCC.STAGE ]: 	|--B143 STID0 BPC 0x116ce [STD DIRECT] STD allocated
[C:223711 ][BCC.STAGE ]: 	|--B144 STID0 BPC 0x116ce [STD DIRECT] STD allocated
[C:223711 ][BCC.STAGE ]: 	|--B145 STID0 BPC 0x116ce [STD DIRECT] STD allocated
[C:223711 ][BCC.STAGE ]: 	|--B146 STID0 BPC 0x116ce [STD DIRECT] STD allocated
[C:223711 ][BCC.STAGE ]: 	|--B147 STID0 BPC 0x116ce [STD DIRECT] STD allocated
[C:223711 ][BCC.STAGE ]: 	|--B148 STID0 BPC 0x116ce [STD DIRECT] STD allocated
[C:223711 ][BCC.STAGE ]: 	|--B149 STID0 BPC 0x116ce [STD DIRECT] STD allocated
[C:223711 ][BCC.STAGE ]: 	|--B150 STID0 BPC 0x116ce [STD DIRECT] STD allocated
[C:223711 ][BCC.STAGE ]: 	|--B151 STID0 BPC 0x116ce [STD DIRECT] STD allocated
[C:223711 ][BCC.STAGE ]: 	|--B152 STID0 BPC 0x116ce [STD DIRECT] STD allocated
[C:223711 ][BCC.STAGE ]: 	|--B153 STID0 BPC 0x116ce [STD DIRECT] STD allocated
[C:223711 ][BCC.STAGE ]: 	|--B154 STID0 BPC 0x116ce [STD DIRECT] STD allocated
[C:223711 ][BCC.STAGE ]: 	|--B155 STID0 BPC 0x116ce [STD DIRECT] STD allocated
[C:223711 ][BCC.STAGE ]: 	|--B156 STID0 BPC 0x116ce [STD DIRECT] STD allocated
[C:223711 ][BCC.STAGE ]: 	|--B157 STID0 BPC 0x116ce [STD DIRECT] STD allocated
[C:223711 ][BCC.STAGE ]: 	|--B158 STID0 BPC 0x116ce [STD DIRECT] STD allocated
[C:223711 ][BCC.STAGE ]: 	|--B159 STID0 BPC 0x116ce [STD DIRECT] STD allocated
[C:223711 ][BCC.STAGE ]: 	|--B160 STID0 BPC 0x116ce [STD DIRECT] STD allocated
[C:223711 ][BCC.STAGE ]: 	|--B161 STID0 BPC 0x116ce [STD DIRECT] STD allocated
[C:223711 ][BCC.STAGE ]: 	|--B162 STID0 BPC 0x116ce [STD DIRECT] STD allocated
[C:223711 ][BCC.STAGE ]: 	|--B163 STID0 BPC 0x116ce [STD DIRECT] STD allocated
[C:223711 ][BCC.STAGE ]: 	|--B164 STID0 BPC 0x116ce [STD DIRECT] STD allocated
[C:223711 ][BCC.STAGE ]: 	|--B165 STID0 BPC 0x116ce [STD DIRECT] STD allocated
[C:223711 ][BCC.STAGE ]: 	|--B166 STID0 BPC 0x116ce [STD DIRECT] STD allocated
[C:223711 ][BCC.STAGE ]: 	|--B167 STID0 BPC 0x116ce [STD DIRECT] STD allocated
[C:223711 ][BCC.STAGE ]: 	|--B168 STID0 BPC 0x116ce [STD DIRECT] STD allocated
[C:223711 ][BCC.STAGE ]: 	|--B169 STID0 BPC 0x116ce [STD DIRECT] STD allocated
[C:223711 ][BCC.STAGE ]: 	|--B170 STID0 BPC 0x116ce [STD DIRECT] STD allocated
[C:223711 ][BCC.STAGE ]: 	|--B171 STID0 BPC 0x116ce [STD DIRECT] STD allocated
[C:223711 ][BCC.STAGE ]: 	|--B172 STID0 BPC 0x116ce [STD DIRECT] STD allocated
[C:223711 ][BCC.STAGE ]: 	|--B173 STID0 BPC 0x116ce [STD DIRECT] STD allocated
[C:223711 ][BCC.STAGE ]: 	|--B174 STID0 BPC 0x116ce [STD DIRECT] STD allocated
[C:223711 ][BCC.STAGE ]: 	|--B175 STID0 BPC 0x116ce [STD DIRECT] STD allocated
[C:223711 ][BCC.STAGE ]: 	|--B176 STID0 BPC 0x116ce [STD DIRECT] STD allocated
[C:223711 ][BCC.STAGE ]: 	|--B177 STID0 BPC 0x116ce [STD DIRECT] STD allocated
[C:223711 ][BCC.STAGE ]: 	|--B178 STID0 BPC 0x116ce [STD DIRECT] STD allocated
[C:223711 ][BCC.STAGE ]: 	|--B179 STID0 BPC 0x116ce [STD DIRECT] STD allocated
[C:223711 ][BCC.STAGE ]: 	|--B180 STID0 BPC 0x116ce [STD DIRECT] STD allocated
[C:223711 ][BCC.STAGE ]: 	|--B181 STID0 BPC 0x116ce [STD DIRECT] STD allocated
[C:223711 ][BCC.STAGE ]: 	|--B182 STID0 BPC 0x116ce [STD DIRECT] STD allocated
[C:223711 ][BCC.STAGE ]: 	|--B183 STID0 BPC 0x116ce [STD DIRECT] STD allocated
[C:223711 ][BCC.STAGE ]: 	|--B184 STID0 BPC 0x116ce [STD DIRECT] STD allocated
[C:223711 ][BCC.STAGE ]: 	|--B185 STID0 BPC 0x116ce [STD DIRECT] STD allocated
[C:223711 ][BCC.STAGE ]: 	|--B186 STID0 BPC 0x116ce [STD DIRECT] STD allocated
[C:223711 ][BCC.STAGE ]: 	|--B187 STID0 BPC 0x116ce [STD DIRECT] STD allocated
[C:223711 ][BCC.STAGE ]: 	|--B188 STID0 BPC 0x116ce [STD DIRECT] STD allocated
[C:223711 ][BCC.STAGE ]: 	|--B189 STID0 BPC 0x116ce [STD DIRECT] STD allocated
[C:223711 ][BCC.STAGE ]: 	|--B190 STID0 BPC 0x116ce [STD DIRECT] STD allocated
[C:223711 ][BCC.STAGE ]: 	|--B191 STID0 BPC 0x116ce [STD DIRECT] STD allocated
[C:223711 ][BCC.STAGE ]: 	|--B192 STID0 BPC 0x116ce [STD DIRECT] STD allocated
[C:223711 ][BCC.STAGE ]: 	|--B193 STID0 BPC 0x116ce [STD DIRECT] STD allocated
[C:223711 ][BCC.STAGE ]: 	|--B194 STID0 BPC 0x116ce [STD DIRECT] STD allocated
[C:223711 ][BCC.STAGE ]: 	|--B195 STID0 BPC 0x116ce [STD DIRECT] STD allocated
[C:223711 ][BCC.STAGE ]: 	|--B196 STID0 BPC 0x116ce [STD DIRECT] STD allocated
[C:223711 ][BCC.STAGE ]: 	|--B197 STID0 BPC 0x116ce [STD DIRECT] STD allocated
[C:223711 ][BCC.STAGE ]: 	|--B198 STID0 BPC 0x116ce [STD DIRECT] STD allocated
[C:223711 ][BCC.STAGE ]: 	|--B199 STID0 BPC 0x116ce [STD DIRECT] STD allocated
[C:223711 ][BCC.STAGE ]: 	|--B200 STID0 BPC 0x116ce [STD DIRECT] STD allocated
[C:223711 ][BCC.STAGE ]: 	|--B201 STID0 BPC 0x116ce [STD DIRECT] STD allocated
[C:223711 ][BCC.STAGE ]: 	|--B202 STID0 BPC 0x116ce [STD DIRECT] STD allocated
[C:223711 ][BCC.STAGE ]: 	|--B203 STID0 BPC 0x116ce [STD DIRECT] STD allocated
[C:223711 ][BCC.STAGE ]: 	|--B204 STID0 BPC 0x116ce [STD DIRECT] STD allocated
[C:223711 ][BCC.STAGE ]: 	|--B205 STID0 BPC 0x116ce [STD DIRECT] STD allocated
[C:223711 ][BCC.STAGE ]: 	|--B206 STID0 BPC 0x116ce [STD DIRECT] STD allocated
[C:223711 ][BCC.STAGE ]: 	|--B207 STID0 BPC 0x116ce [STD DIRECT] STD allocated
[C:223711 ][BCC.STAGE ]: 	|--B208 STID0 BPC 0x116ce [STD DIRECT] STD allocated
[C:223711 ][BCC.STAGE ]: 	|--B209 STID0 BPC 0x116ce [STD DIRECT] STD allocated
[C:223711 ][BCC.STAGE ]: 	|--B210 STID0 BPC 0x116ce [STD DIRECT] STD allocated
[C:223711 ][BCC.STAGE ]: 	|--B211 STID0 BPC 0x116ce [STD DIRECT] STD allocated
[C:223711 ][BCC.STAGE ]: 	|--B212 STID0 BPC 0x116ce [STD DIRECT] STD allocated
[C:223711 ][BCC.STAGE ]: 	|--B213 STID0 BPC 0x116ce [STD DIRECT] STD allocated
[C:223711 ][BCC.STAGE ]: 	|--B214 STID0 BPC 0x116ce [STD DIRECT] STD allocated
[C:223711 ][BCC.STAGE ]: 	|--B215 STID0 BPC 0x116ce [STD DIRECT] STD allocated
[C:223711 ][BCC.STAGE ]: 	|--B216 STID0 BPC 0x116ce [STD DIRECT] STD allocated
[C:223711 ][BCC.STAGE ]: 	|--B217 STID0 BPC 0x116ce [STD DIRECT] STD allocated
[C:223711 ][BCC.STAGE ]: 	|--B218 STID0 BPC 0x116ce [STD DIRECT] STD allocated
[C:223711 ][BCC.STAGE ]: 	|--B219 STID0 BPC 0x116ce [STD DIRECT] STD allocated
[C:223711 ][BCC.STAGE ]: 	|--B220 STID0 BPC 0x116ce [STD DIRECT] STD allocated
[C:223711 ][BCC.STAGE ]: 	|--B221 STID0 BPC 0x116ce [STD DIRECT] STD allocated
[C:223711 ][BCC.STAGE ]: 	|--B222 STID0 BPC 0x116ce [STD DIRECT] STD allocated
[C:223711 ][BCC.STAGE ]: 	|--B223 STID0 BPC 0x116ce [STD DIRECT] STD allocated
[C:223711 ][BCC.STAGE ]: 	|--B224 STID0 BPC 0x116ce [STD DIRECT] STD allocated
[C:223711 ][BCC.STAGE ]: 	|--B225 STID0 BPC 0x116ce [STD DIRECT] STD allocated
[C:223711 ][BCC.STAGE ]: 	|--B226 STID0 BPC 0x116ce [STD DIRECT] STD allocated
[C:223711 ][BCC.STAGE ]: 	|--B227 STID0 BPC 0x116ce [STD DIRECT] STD allocated
[C:223711 ][BCC.STAGE ]: 	|--B228 STID0 BPC 0x116ce [STD DIRECT] STD allocated
[C:223711 ][BCC.STAGE ]: 	|--B229 STID0 BPC 0x116ce [STD DIRECT] STD allocated
[C:223711 ][BCC.STAGE ]: 	|--B230 STID0 BPC 0x116ce [STD DIRECT] STD allocated
[C:223711 ][BCC.STAGE ]: 	|--B231 STID0 BPC 0x116ce [STD DIRECT] STD allocated
[C:223711 ][BCC.STAGE ]: 	|--B232 STID0 BPC 0x116ce [STD DIRECT] STD allocated
[C:223711 ][BCC.STAGE ]: 	|--B233 STID0 BPC 0x116ce [STD DIRECT] STD allocated
[C:223711 ][BCC.STAGE ]: 	|--B234 STID0 BPC 0x116ce [STD DIRECT] STD allocated
[C:223711 ][BCC.STAGE ]: 	|--B235 STID0 BPC 0x116ce [STD DIRECT] STD allocated
[C:223711 ][BCC.STAGE ]: 	|--B236 STID0 BPC 0x116ce [STD DIRECT] STD allocated
[C:223711 ][BCC.STAGE ]: 	|--B237 STID0 BPC 0x116ce [STD DIRECT] STD allocated
[C:223711 ][BCC.STAGE ]: 	|--B238 STID0 BPC 0x116ce [STD DIRECT] STD allocated
[C:223711 ][BCC.STAGE ]: 	|--B239 STID0 BPC 0x116ce [STD DIRECT] STD allocated
[C:223711 ][BCC.STAGE ]: 	|--B240 STID0 BPC 0x116ce [STD DIRECT] STD allocated
[C:223711 ][BCC.STAGE ]: 	|--B241 STID0 BPC 0x116ce [STD DIRECT] STD allocated
[C:223711 ][BCC.STAGE ]: 	|--B242 STID0 BPC 0x116ce [STD DIRECT] STD allocated
[C:223711 ][BCC.STAGE ]: 	|--B243 STID0 BPC 0x116ce [STD DIRECT] STD allocated
[C:223711 ][BCC.STAGE ]: 	|--B244 STID0 BPC 0x116ce [STD DIRECT] STD allocated
[C:223711 ][BCC.STAGE ]: 	|--B245 STID0 BPC 0x116ce [STD DIRECT] STD allocated
[C:223711 ][BCC.STAGE ]: 	|--B246 STID0 BPC 0x116ce [STD DIRECT] STD allocated
[C:223711 ][BCC.STAGE ]: 	|--B247 STID0 BPC 0x116ce [STD DIRECT] STD allocated
[C:223711 ][BCC.STAGE ]: 	|--B248 STID0 BPC 0x116ce [STD DIRECT] STD allocated
[C:223711 ][BCC.STAGE ]: 	|--B249 STID0 BPC 0x116ce [STD DIRECT] STD allocated
[C:223711 ][BCC.STAGE ]: 	|--B250 STID0 BPC 0x116ce [STD DIRECT] STD allocated
[C:223711 ][BCC.STAGE ]: 	|--B251 STID0 BPC 0x116ce [STD DIRECT] STD allocated
[C:223711 ][BCC.STAGE ]: 	|--B252 STID0 BPC 0x116ce [STD DIRECT] STD allocated
[C:223711 ][BCC.STAGE ]: 	|--B253 STID0 BPC 0x116ce [STD DIRECT] STD allocated
[C:223711 ][BCC.STAGE ]: 	|--B254 STID0 BPC 0x116ce [STD DIRECT] STD allocated
[C:223711 ][BCC.STAGE ]: 	|--B255 STID0 BPC 0x116ce [STD DIRECT] STD allocated
[C:223711 ][BCC.STAGE ]: 	|--B0 STID0 BPC 0x116ce [STD DIRECT] STD allocated
[C:223711 ][BCC.STAGE ]: 	|--B1 STID0 BPC 0x116ce [STD DIRECT] STD allocated
[C:223711 ][BCC.STAGE ]: 	|--B2 STID0 BPC 0x116ce [STD DIRECT] STD allocated
[C:223711 ][BCC.STAGE ]: 	|--B3 STID0 BPC 0x116ce [STD DIRECT] STD allocated
[C:223711 ][BCC.STAGE ]: 	|--B4 STID0 BPC 0x116ce [STD DIRECT] STD allocated
[C:223711 ][BCC.STAGE ]: 	|--B5 STID0 BPC 0x116ce [STD DIRECT] STD allocated
[C:223711 ][BCC.STAGE ]: 	|--B6 STID0 BPC 0x116ce [STD DIRECT] STD allocated
[C:223711 ][BCC.STAGE ]: 	|--B7 STID0 BPC 0x116ce [STD DIRECT] STD allocated
[C:223711 ][BCC.STAGE ]: 	|--B8 STID0 BPC 0x116ce [STD DIRECT] STD allocated
[C:223711 ][BCC.STAGE ]: 	|--B9 STID0 BPC 0x116ce [STD DIRECT] STD allocated
[C:223711 ][BCC.STAGE ]: 	|--B10 STID0 BPC 0x116ce [STD DIRECT] STD allocated
[C:223711 ][BCC.STAGE ]: 	|--B11 STID0 BPC 0x116ce [STD DIRECT] STD allocated
[C:223711 ][BCC.STAGE ]: 	|--B12 STID0 BPC 0x116ce [STD DIRECT] STD allocated
[C:223711 ][BCC.STAGE ]: 	|--B13 STID0 BPC 0x116ce [STD DIRECT] STD allocated
[C:223711 ][BCC.STAGE ]: 	|--B14 STID0 BPC 0x116ce [STD DIRECT] STD allocated
[C:223711 ][BCC.STAGE ]: 	|--B15 STID0 BPC 0x116ce [STD DIRECT] STD allocated
[C:223711 ][BCC.STAGE ]: 	|--B16 STID0 BPC 0x116ce [STD DIRECT] STD allocated<- nonFlushBid
[C:223711 ][BCC.STAGE ]: ==================================================
B42 STID0 BPC 0x116ce [STD DIRECT] STD allocated
[C:223711 ][BCC.STAGE ]: ==================================================
[C:223711 ][BCC.STAGE ]: size: 231 commitPtr: 42 nonFlushBid: 16 allocPtr: 17
[C:223711 ][BCC.STAGE ]: 	|--B42 STID1 BPC 0x116ce [STD DIRECT] STD allocated<- oldest/commitPtr
[C:223711 ][BCC.STAGE ]: 	|--B43 STID1 BPC 0x116ce [STD DIRECT] STD allocated
[C:223711 ][BCC.STAGE ]: 	|--B44 STID1 BPC 0x116ce [STD DIRECT] STD allocated
[C:223711 ][BCC.STAGE ]: 	|--B45 STID1 BPC 0x116ce [STD DIRECT] STD allocated
[C:223711 ][BCC.STAGE ]: 	|--B46 STID1 BPC 0x116ce [STD DIRECT] STD allocated
[C:223711 ][BCC.STAGE ]: 	|--B47 STID1 BPC 0x116ce [STD DIRECT] STD allocated
[C:223711 ][BCC.STAGE ]: 	|--B48 STID1 BPC 0x116ce [STD DIRECT] STD allocated
[C:223711 ][BCC.STAGE ]: 	|--B49 STID1 BPC 0x116ce [STD DIRECT] STD allocated
[C:223711 ][BCC.STAGE ]: 	|--B50 STID1 BPC 0x116ce [STD DIRECT] STD allocated
[C:223711 ][BCC.STAGE ]: 	|--B51 STID1 BPC 0x116ce [STD DIRECT] STD allocated
[C:223711 ][BCC.STAGE ]: 	|--B52 STID1 BPC 0x116ce [STD DIRECT] STD allocated
[C:223711 ][BCC.STAGE ]: 	|--B53 STID1 BPC 0x116ce [STD DIRECT] STD allocated
[C:223711 ][BCC.STAGE ]: 	|--B54 STID1 BPC 0x116ce [STD DIRECT] STD allocated
[C:223711 ][BCC.STAGE ]: 	|--B55 STID1 BPC 0x116ce [STD DIRECT] STD allocated
[C:223711 ][BCC.STAGE ]: 	|--B56 STID1 BPC 0x116ce [STD DIRECT] STD allocated
[C:223711 ][BCC.STAGE ]: 	|--B57 STID1 BPC 0x116ce [STD DIRECT] STD allocated
[C:223711 ][BCC.STAGE ]: 	|--B58 STID1 BPC 0x116ce [STD DIRECT] STD allocated
[C:223711 ][BCC.STAGE ]: 	|--B59 STID1 BPC 0x116ce [STD DIRECT] STD allocated
[C:223711 ][BCC.STAGE ]: 	|--B60 STID1 BPC 0x116ce [STD DIRECT] STD allocated
[C:223711 ][BCC.STAGE ]: 	|--B61 STID1 BPC 0x116ce [STD DIRECT] STD allocated
[C:223711 ][BCC.STAGE ]: 	|--B62 STID1 BPC 0x116ce [STD DIRECT] STD allocated
[C:223711 ][BCC.STAGE ]: 	|--B63 STID1 BPC 0x116ce [STD DIRECT] STD allocated
[C:223711 ][BCC.STAGE ]: 	|--B64 STID1 BPC 0x116ce [STD DIRECT] STD allocated
[C:223711 ][BCC.STAGE ]: 	|--B65 STID1 BPC 0x116ce [STD DIRECT] STD allocated
[C:223711 ][BCC.STAGE ]: 	|--B66 STID1 BPC 0x116ce [STD DIRECT] STD allocated
[C:223711 ][BCC.STAGE ]: 	|--B67 STID1 BPC 0x116ce [STD DIRECT] STD allocated
[C:223711 ][BCC.STAGE ]: 	|--B68 STID1 BPC 0x116ce [STD DIRECT] STD allocated
[C:223711 ][BCC.STAGE ]: 	|--B69 STID1 BPC 0x116ce [STD DIRECT] STD allocated
[C:223711 ][BCC.STAGE ]: 	|--B70 STID1 BPC 0x116ce [STD DIRECT] STD allocated
[C:223711 ][BCC.STAGE ]: 	|--B71 STID1 BPC 0x116ce [STD DIRECT] STD allocated
[C:223711 ][BCC.STAGE ]: 	|--B72 STID1 BPC 0x116ce [STD DIRECT] STD allocated
[C:223711 ][BCC.STAGE ]: 	|--B73 STID1 BPC 0x116ce [STD DIRECT] STD allocated
[C:223711 ][BCC.STAGE ]: 	|--B74 STID1 BPC 0x116ce [STD DIRECT] STD allocated
[C:223711 ][BCC.STAGE ]: 	|--B75 STID1 BPC 0x116ce [STD DIRECT] STD allocated
[C:223711 ][BCC.STAGE ]: 	|--B76 STID1 BPC 0x116ce [STD DIRECT] STD allocated
[C:223711 ][BCC.STAGE ]: 	|--B77 STID1 BPC 0x116ce [STD DIRECT] STD allocated
[C:223711 ][BCC.STAGE ]: 	|--B78 STID1 BPC 0x116ce [STD DIRECT] STD allocated
[C:223711 ][BCC.STAGE ]: 	|--B79 STID1 BPC 0x116ce [STD DIRECT] STD allocated
[C:223711 ][BCC.STAGE ]: 	|--B80 STID1 BPC 0x116ce [STD DIRECT] STD allocated
[C:223711 ][BCC.STAGE ]: 	|--B81 STID1 BPC 0x116ce [STD DIRECT] STD allocated
[C:223711 ][BCC.STAGE ]: 	|--B82 STID1 BPC 0x116ce [STD DIRECT] STD allocated
[C:223711 ][BCC.STAGE ]: 	|--B83 STID1 BPC 0x116ce [STD DIRECT] STD allocated
[C:223711 ][BCC.STAGE ]: 	|--B84 STID1 BPC 0x116ce [STD DIRECT] STD allocated
[C:223711 ][BCC.STAGE ]: 	|--B85 STID1 BPC 0x116ce [STD DIRECT] STD allocated
[C:223711 ][BCC.STAGE ]: 	|--B86 STID1 BPC 0x116ce [STD DIRECT] STD allocated
[C:223711 ][BCC.STAGE ]: 	|--B87 STID1 BPC 0x116ce [STD DIRECT] STD allocated
[C:223711 ][BCC.STAGE ]: 	|--B88 STID1 BPC 0x116ce [STD DIRECT] STD allocated
[C:223711 ][BCC.STAGE ]: 	|--B89 STID1 BPC 0x116ce [STD DIRECT] STD allocated
[C:223711 ][BCC.STAGE ]: 	|--B90 STID1 BPC 0x116ce [STD DIRECT] STD allocated
[C:223711 ][BCC.STAGE ]: 	|--B91 STID1 BPC 0x116ce [STD DIRECT] STD allocated
[C:223711 ][BCC.STAGE ]: 	|--B92 STID1 BPC 0x116ce [STD DIRECT] STD allocated
[C:223711 ][BCC.STAGE ]: 	|--B93 STID1 BPC 0x116ce [STD DIRECT] STD allocated
[C:223711 ][BCC.STAGE ]: 	|--B94 STID1 BPC 0x116ce [STD DIRECT] STD allocated
[C:223711 ][BCC.STAGE ]: 	|--B95 STID1 BPC 0x116ce [STD DIRECT] STD allocated
[C:223711 ][BCC.STAGE ]: 	|--B96 STID1 BPC 0x116ce [STD DIRECT] STD allocated
[C:223711 ][BCC.STAGE ]: 	|--B97 STID1 BPC 0x116ce [STD DIRECT] STD allocated
[C:223711 ][BCC.STAGE ]: 	|--B98 STID1 BPC 0x116ce [STD DIRECT] STD allocated
[C:223711 ][BCC.STAGE ]: 	|--B99 STID1 BPC 0x116ce [STD DIRECT] STD allocated
[C:223711 ][BCC.STAGE ]: 	|--B100 STID1 BPC 0x116ce [STD DIRECT] STD allocated
[C:223711 ][BCC.STAGE ]: 	|--B101 STID1 BPC 0x116ce [STD DIRECT] STD allocated
[C:223711 ][BCC.STAGE ]: 	|--B102 STID1 BPC 0x116ce [STD DIRECT] STD allocated
[C:223711 ][BCC.STAGE ]: 	|--B103 STID1 BPC 0x116ce [STD DIRECT] STD allocated
[C:223711 ][BCC.STAGE ]: 	|--B104 STID1 BPC 0x116ce [STD DIRECT] STD allocated
[C:223711 ][BCC.STAGE ]: 	|--B105 STID1 BPC 0x116ce [STD DIRECT] STD allocated
[C:223711 ][BCC.STAGE ]: 	|--B106 STID1 BPC 0x116ce [STD DIRECT] STD allocated
[C:223711 ][BCC.STAGE ]: 	|--B107 STID1 BPC 0x116ce [STD DIRECT] STD allocated
[C:223711 ][BCC.STAGE ]: 	|--B108 STID1 BPC 0x116ce [STD DIRECT] STD allocated
[C:223711 ][BCC.STAGE ]: 	|--B109 STID1 BPC 0x116ce [STD DIRECT] STD allocated
[C:223711 ][BCC.STAGE ]: 	|--B110 STID1 BPC 0x116ce [STD DIRECT] STD allocated
[C:223711 ][BCC.STAGE ]: 	|--B111 STID1 BPC 0x116ce [STD DIRECT] STD allocated
[C:223711 ][BCC.STAGE ]: 	|--B112 STID1 BPC 0x116ce [STD DIRECT] STD allocated
[C:223711 ][BCC.STAGE ]: 	|--B113 STID1 BPC 0x116ce [STD DIRECT] STD allocated
[C:223711 ][BCC.STAGE ]: 	|--B114 STID1 BPC 0x116ce [STD DIRECT] STD allocated
[C:223711 ][BCC.STAGE ]: 	|--B115 STID1 BPC 0x116ce [STD DIRECT] STD allocated
[C:223711 ][BCC.STAGE ]: 	|--B116 STID1 BPC 0x116ce [STD DIRECT] STD allocated
[C:223711 ][BCC.STAGE ]: 	|--B117 STID1 BPC 0x116ce [STD DIRECT] STD allocated
[C:223711 ][BCC.STAGE ]: 	|--B118 STID1 BPC 0x116ce [STD DIRECT] STD allocated
[C:223711 ][BCC.STAGE ]: 	|--B119 STID1 BPC 0x116ce [STD DIRECT] STD allocated
[C:223711 ][BCC.STAGE ]: 	|--B120 STID1 BPC 0x116ce [STD DIRECT] STD allocated
[C:223711 ][BCC.STAGE ]: 	|--B121 STID1 BPC 0x116ce [STD DIRECT] STD allocated
[C:223711 ][BCC.STAGE ]: 	|--B122 STID1 BPC 0x116ce [STD DIRECT] STD allocated
[C:223711 ][BCC.STAGE ]: 	|--B123 STID1 BPC 0x116ce [STD DIRECT] STD allocated
[C:223711 ][BCC.STAGE ]: 	|--B124 STID1 BPC 0x116ce [STD DIRECT] STD allocated
[C:223711 ][BCC.STAGE ]: 	|--B125 STID1 BPC 0x116ce [STD DIRECT] STD allocated
[C:223711 ][BCC.STAGE ]: 	|--B126 STID1 BPC 0x116ce [STD DIRECT] STD allocated
[C:223711 ][BCC.STAGE ]: 	|--B127 STID1 BPC 0x116ce [STD DIRECT] STD allocated
[C:223711 ][BCC.STAGE ]: 	|--B128 STID1 BPC 0x116ce [STD DIRECT] STD allocated
[C:223711 ][BCC.STAGE ]: 	|--B129 STID1 BPC 0x116ce [STD DIRECT] STD allocated
[C:223711 ][BCC.STAGE ]: 	|--B130 STID1 BPC 0x116ce [STD DIRECT] STD allocated
[C:223711 ][BCC.STAGE ]: 	|--B131 STID1 BPC 0x116ce [STD DIRECT] STD allocated
[C:223711 ][BCC.STAGE ]: 	|--B132 STID1 BPC 0x116ce [STD DIRECT] STD allocated
[C:223711 ][BCC.STAGE ]: 	|--B133 STID1 BPC 0x116ce [STD DIRECT] STD allocated
[C:223711 ][BCC.STAGE ]: 	|--B134 STID1 BPC 0x116ce [STD DIRECT] STD allocated
[C:223711 ][BCC.STAGE ]: 	|--B135 STID1 BPC 0x116ce [STD DIRECT] STD allocated
[C:223711 ][BCC.STAGE ]: 	|--B136 STID1 BPC 0x116ce [STD DIRECT] STD allocated
[C:223711 ][BCC.STAGE ]: 	|--B137 STID1 BPC 0x116ce [STD DIRECT] STD allocated
[C:223711 ][BCC.STAGE ]: 	|--B138 STID1 BPC 0x116ce [STD DIRECT] STD allocated
[C:223711 ][BCC.STAGE ]: 	|--B139 STID1 BPC 0x116ce [STD DIRECT] STD allocated
[C:223711 ][BCC.STAGE ]: 	|--B140 STID1 BPC 0x116ce [STD DIRECT] STD allocated
[C:223711 ][BCC.STAGE ]: 	|--B141 STID1 BPC 0x116ce [STD DIRECT] STD allocated
[C:223711 ][BCC.STAGE ]: 	|--B142 STID1 BPC 0x116ce [STD DIRECT] STD allocated
[C:223711 ][BCC.STAGE ]: 	|--B143 STID1 BPC 0x116ce [STD DIRECT] STD allocated
[C:223711 ][BCC.STAGE ]: 	|--B144 STID1 BPC 0x116ce [STD DIRECT] STD allocated
[C:223711 ][BCC.STAGE ]: 	|--B145 STID1 BPC 0x116ce [STD DIRECT] STD allocated
[C:223711 ][BCC.STAGE ]: 	|--B146 STID1 BPC 0x116ce [STD DIRECT] STD allocated
[C:223711 ][BCC.STAGE ]: 	|--B147 STID1 BPC 0x116ce [STD DIRECT] STD allocated
[C:223711 ][BCC.STAGE ]: 	|--B148 STID1 BPC 0x116ce [STD DIRECT] STD allocated
[C:223711 ][BCC.STAGE ]: 	|--B149 STID1 BPC 0x116ce [STD DIRECT] STD allocated
[C:223711 ][BCC.STAGE ]: 	|--B150 STID1 BPC 0x116ce [STD DIRECT] STD allocated
[C:223711 ][BCC.STAGE ]: 	|--B151 STID1 BPC 0x116ce [STD DIRECT] STD allocated
[C:223711 ][BCC.STAGE ]: 	|--B152 STID1 BPC 0x116ce [STD DIRECT] STD allocated
[C:223711 ][BCC.STAGE ]: 	|--B153 STID1 BPC 0x116ce [STD DIRECT] STD allocated
[C:223711 ][BCC.STAGE ]: 	|--B154 STID1 BPC 0x116ce [STD DIRECT] STD allocated
[C:223711 ][BCC.STAGE ]: 	|--B155 STID1 BPC 0x116ce [STD DIRECT] STD allocated
[C:223711 ][BCC.STAGE ]: 	|--B156 STID1 BPC 0x116ce [STD DIRECT] STD allocated
[C:223711 ][BCC.STAGE ]: 	|--B157 STID1 BPC 0x116ce [STD DIRECT] STD allocated
[C:223711 ][BCC.STAGE ]: 	|--B158 STID1 BPC 0x116ce [STD DIRECT] STD allocated
[C:223711 ][BCC.STAGE ]: 	|--B159 STID1 BPC 0x116ce [STD DIRECT] STD allocated
[C:223711 ][BCC.STAGE ]: 	|--B160 STID1 BPC 0x116ce [STD DIRECT] STD allocated
[C:223711 ][BCC.STAGE ]: 	|--B161 STID1 BPC 0x116ce [STD DIRECT] STD allocated
[C:223711 ][BCC.STAGE ]: 	|--B162 STID1 BPC 0x116ce [STD DIRECT] STD allocated
[C:223711 ][BCC.STAGE ]: 	|--B163 STID1 BPC 0x116ce [STD DIRECT] STD allocated
[C:223711 ][BCC.STAGE ]: 	|--B164 STID1 BPC 0x116ce [STD DIRECT] STD allocated
[C:223711 ][BCC.STAGE ]: 	|--B165 STID1 BPC 0x116ce [STD DIRECT] STD allocated
[C:223711 ][BCC.STAGE ]: 	|--B166 STID1 BPC 0x116ce [STD DIRECT] STD allocated
[C:223711 ][BCC.STAGE ]: 	|--B167 STID1 BPC 0x116ce [STD DIRECT] STD allocated
[C:223711 ][BCC.STAGE ]: 	|--B168 STID1 BPC 0x116ce [STD DIRECT] STD allocated
[C:223711 ][BCC.STAGE ]: 	|--B169 STID1 BPC 0x116ce [STD DIRECT] STD allocated
[C:223711 ][BCC.STAGE ]: 	|--B170 STID1 BPC 0x116ce [STD DIRECT] STD allocated
[C:223711 ][BCC.STAGE ]: 	|--B171 STID1 BPC 0x116ce [STD DIRECT] STD allocated
[C:223711 ][BCC.STAGE ]: 	|--B172 STID1 BPC 0x116ce [STD DIRECT] STD allocated
[C:223711 ][BCC.STAGE ]: 	|--B173 STID1 BPC 0x116ce [STD DIRECT] STD allocated
[C:223711 ][BCC.STAGE ]: 	|--B174 STID1 BPC 0x116ce [STD DIRECT] STD allocated
[C:223711 ][BCC.STAGE ]: 	|--B175 STID1 BPC 0x116ce [STD DIRECT] STD allocated
[C:223711 ][BCC.STAGE ]: 	|--B176 STID1 BPC 0x116ce [STD DIRECT] STD allocated
[C:223711 ][BCC.STAGE ]: 	|--B177 STID1 BPC 0x116ce [STD DIRECT] STD allocated
[C:223711 ][BCC.STAGE ]: 	|--B178 STID1 BPC 0x116ce [STD DIRECT] STD allocated
[C:223711 ][BCC.STAGE ]: 	|--B179 STID1 BPC 0x116ce [STD DIRECT] STD allocated
[C:223711 ][BCC.STAGE ]: 	|--B180 STID1 BPC 0x116ce [STD DIRECT] STD allocated
[C:223711 ][BCC.STAGE ]: 	|--B181 STID1 BPC 0x116ce [STD DIRECT] STD allocated
[C:223711 ][BCC.STAGE ]: 	|--B182 STID1 BPC 0x116ce [STD DIRECT] STD allocated
[C:223711 ][BCC.STAGE ]: 	|--B183 STID1 BPC 0x116ce [STD DIRECT] STD allocated
[C:223711 ][BCC.STAGE ]: 	|--B184 STID1 BPC 0x116ce [STD DIRECT] STD allocated
[C:223711 ][BCC.STAGE ]: 	|--B185 STID1 BPC 0x116ce [STD DIRECT] STD allocated
[C:223711 ][BCC.STAGE ]: 	|--B186 STID1 BPC 0x116ce [STD DIRECT] STD allocated
[C:223711 ][BCC.STAGE ]: 	|--B187 STID1 BPC 0x116ce [STD DIRECT] STD allocated
[C:223711 ][BCC.STAGE ]: 	|--B188 STID1 BPC 0x116ce [STD DIRECT] STD allocated
[C:223711 ][BCC.STAGE ]: 	|--B189 STID1 BPC 0x116ce [STD DIRECT] STD allocated
[C:223711 ][BCC.STAGE ]: 	|--B190 STID1 BPC 0x116ce [STD DIRECT] STD allocated
[C:223711 ][BCC.STAGE ]: 	|--B191 STID1 BPC 0x116ce [STD DIRECT] STD allocated
[C:223711 ][BCC.STAGE ]: 	|--B192 STID1 BPC 0x116ce [STD DIRECT] STD allocated
[C:223711 ][BCC.STAGE ]: 	|--B193 STID1 BPC 0x116ce [STD DIRECT] STD allocated
[C:223711 ][BCC.STAGE ]: 	|--B194 STID1 BPC 0x116ce [STD DIRECT] STD allocated
[C:223711 ][BCC.STAGE ]: 	|--B195 STID1 BPC 0x116ce [STD DIRECT] STD allocated
[C:223711 ][BCC.STAGE ]: 	|--B196 STID1 BPC 0x116ce [STD DIRECT] STD allocated
[C:223711 ][BCC.STAGE ]: 	|--B197 STID1 BPC 0x116ce [STD DIRECT] STD allocated
[C:223711 ][BCC.STAGE ]: 	|--B198 STID1 BPC 0x116ce [STD DIRECT] STD allocated
[C:223711 ][BCC.STAGE ]: 	|--B199 STID1 BPC 0x116ce [STD DIRECT] STD allocated
[C:223711 ][BCC.STAGE ]: 	|--B200 STID1 BPC 0x116ce [STD DIRECT] STD allocated
[C:223711 ][BCC.STAGE ]: 	|--B201 STID1 BPC 0x116ce [STD DIRECT] STD allocated
[C:223711 ][BCC.STAGE ]: 	|--B202 STID1 BPC 0x116ce [STD DIRECT] STD allocated
[C:223711 ][BCC.STAGE ]: 	|--B203 STID1 BPC 0x116ce [STD DIRECT] STD allocated
[C:223711 ][BCC.STAGE ]: 	|--B204 STID1 BPC 0x116ce [STD DIRECT] STD allocated
[C:223711 ][BCC.STAGE ]: 	|--B205 STID1 BPC 0x116ce [STD DIRECT] STD allocated
[C:223711 ][BCC.STAGE ]: 	|--B206 STID1 BPC 0x116ce [STD DIRECT] STD allocated
[C:223711 ][BCC.STAGE ]: 	|--B207 STID1 BPC 0x116ce [STD DIRECT] STD allocated
[C:223711 ][BCC.STAGE ]: 	|--B208 STID1 BPC 0x116ce [STD DIRECT] STD allocated
[C:223711 ][BCC.STAGE ]: 	|--B209 STID1 BPC 0x116ce [STD DIRECT] STD allocated
[C:223711 ][BCC.STAGE ]: 	|--B210 STID1 BPC 0x116ce [STD DIRECT] STD allocated
[C:223711 ][BCC.STAGE ]: 	|--B211 STID1 BPC 0x116ce [STD DIRECT] STD allocated
[C:223711 ][BCC.STAGE ]: 	|--B212 STID1 BPC 0x116ce [STD DIRECT] STD allocated
[C:223711 ][BCC.STAGE ]: 	|--B213 STID1 BPC 0x116ce [STD DIRECT] STD allocated
[C:223711 ][BCC.STAGE ]: 	|--B214 STID1 BPC 0x116ce [STD DIRECT] STD allocated
[C:223711 ][BCC.STAGE ]: 	|--B215 STID1 BPC 0x116ce [STD DIRECT] STD allocated
[C:223711 ][BCC.STAGE ]: 	|--B216 STID1 BPC 0x116ce [STD DIRECT] STD allocated
[C:223711 ][BCC.STAGE ]: 	|--B217 STID1 BPC 0x116ce [STD DIRECT] STD allocated
[C:223711 ][BCC.STAGE ]: 	|--B218 STID1 BPC 0x116ce [STD DIRECT] STD allocated
[C:223711 ][BCC.STAGE ]: 	|--B219 STID1 BPC 0x116ce [STD DIRECT] STD allocated
[C:223711 ][BCC.STAGE ]: 	|--B220 STID1 BPC 0x116ce [STD DIRECT] STD allocated
[C:223711 ][BCC.STAGE ]: 	|--B221 STID1 BPC 0x116ce [STD DIRECT] STD allocated
[C:223711 ][BCC.STAGE ]: 	|--B222 STID1 BPC 0x116ce [STD DIRECT] STD allocated
[C:223711 ][BCC.STAGE ]: 	|--B223 STID1 BPC 0x116ce [STD DIRECT] STD allocated
[C:223711 ][BCC.STAGE ]: 	|--B224 STID1 BPC 0x116ce [STD DIRECT] STD allocated
[C:223711 ][BCC.STAGE ]: 	|--B225 STID1 BPC 0x116ce [STD DIRECT] STD allocated
[C:223711 ][BCC.STAGE ]: 	|--B226 STID1 BPC 0x116ce [STD DIRECT] STD allocated
[C:223711 ][BCC.STAGE ]: 	|--B227 STID1 BPC 0x116ce [STD DIRECT] STD allocated
[C:223711 ][BCC.STAGE ]: 	|--B228 STID1 BPC 0x116ce [STD DIRECT] STD allocated
[C:223711 ][BCC.STAGE ]: 	|--B229 STID1 BPC 0x116ce [STD DIRECT] STD allocated
[C:223711 ][BCC.STAGE ]: 	|--B230 STID1 BPC 0x116ce [STD DIRECT] STD allocated
[C:223711 ][BCC.STAGE ]: 	|--B231 STID1 BPC 0x116ce [STD DIRECT] STD allocated
[C:223711 ][BCC.STAGE ]: 	|--B232 STID1 BPC 0x116ce [STD DIRECT] STD allocated
[C:223711 ][BCC.STAGE ]: 	|--B233 STID1 BPC 0x116ce [STD DIRECT] STD allocated
[C:223711 ][BCC.STAGE ]: 	|--B234 STID1 BPC 0x116ce [STD DIRECT] STD allocated
[C:223711 ][BCC.STAGE ]: 	|--B235 STID1 BPC 0x116ce [STD DIRECT] STD allocated
[C:223711 ][BCC.STAGE ]: 	|--B236 STID1 BPC 0x116ce [STD DIRECT] STD allocated
[C:223711 ][BCC.STAGE ]: 	|--B237 STID1 BPC 0x116ce [STD DIRECT] STD allocated
[C:223711 ][BCC.STAGE ]: 	|--B238 STID1 BPC 0x116ce [STD DIRECT] STD allocated
[C:223711 ][BCC.STAGE ]: 	|--B239 STID1 BPC 0x116ce [STD DIRECT] STD allocated
[C:223711 ][BCC.STAGE ]: 	|--B240 STID1 BPC 0x116ce [STD DIRECT] STD allocated
[C:223711 ][BCC.STAGE ]: 	|--B241 STID1 BPC 0x116ce [STD DIRECT] STD allocated
[C:223711 ][BCC.STAGE ]: 	|--B242 STID1 BPC 0x116ce [STD DIRECT] STD allocated
[C:223711 ][BCC.STAGE ]: 	|--B243 STID1 BPC 0x116ce [STD DIRECT] STD allocated
[C:223711 ][BCC.STAGE ]: 	|--B244 STID1 BPC 0x116ce [STD DIRECT] STD allocated
[C:223711 ][BCC.STAGE ]: 	|--B245 STID1 BPC 0x116ce [STD DIRECT] STD allocated
[C:223711 ][BCC.STAGE ]: 	|--B246 STID1 BPC 0x116ce [STD DIRECT] STD allocated
[C:223711 ][BCC.STAGE ]: 	|--B247 STID1 BPC 0x116ce [STD DIRECT] STD allocated
[C:223711 ][BCC.STAGE ]: 	|--B248 STID1 BPC 0x116ce [STD DIRECT] STD allocated
[C:223711 ][BCC.STAGE ]: 	|--B249 STID1 BPC 0x116ce [STD DIRECT] STD allocated
[C:223711 ][BCC.STAGE ]: 	|--B250 STID1 BPC 0x116ce [STD DIRECT] STD allocated
[C:223711 ][BCC.STAGE ]: 	|--B251 STID1 BPC 0x116ce [STD DIRECT] STD allocated
[C:223711 ][BCC.STAGE ]: 	|--B252 STID1 BPC 0x116ce [STD DIRECT] STD allocated
[C:223711 ][BCC.STAGE ]: 	|--B253 STID1 BPC 0x116ce [STD DIRECT] STD allocated
[C:223711 ][BCC.STAGE ]: 	|--B254 STID1 BPC 0x116ce [STD DIRECT] STD allocated
[C:223711 ][BCC.STAGE ]: 	|--B255 STID1 BPC 0x116ce [STD DIRECT] STD allocated
[C:223711 ][BCC.STAGE ]: 	|--B0 STID1 BPC 0x116ce [STD DIRECT] STD allocated
[C:223711 ][BCC.STAGE ]: 	|--B1 STID1 BPC 0x116ce [STD DIRECT] STD allocated
[C:223711 ][BCC.STAGE ]: 	|--B2 STID1 BPC 0x116ce [STD DIRECT] STD allocated
[C:223711 ][BCC.STAGE ]: 	|--B3 STID1 BPC 0x116ce [STD DIRECT] STD allocated
[C:223711 ][BCC.STAGE ]: 	|--B4 STID1 BPC 0x116ce [STD DIRECT] STD allocated
[C:223711 ][BCC.STAGE ]: 	|--B5 STID1 BPC 0x116ce [STD DIRECT] STD allocated
[C:223711 ][BCC.STAGE ]: 	|--B6 STID1 BPC 0x116ce [STD DIRECT] STD allocated
[C:223711 ][BCC.STAGE ]: 	|--B7 STID1 BPC 0x116ce [STD DIRECT] STD allocated
[C:223711 ][BCC.STAGE ]: 	|--B8 STID1 BPC 0x116ce [STD DIRECT] STD allocated
[C:223711 ][BCC.STAGE ]: 	|--B9 STID1 BPC 0x116ce [STD DIRECT] STD allocated
[C:223711 ][BCC.STAGE ]: 	|--B10 STID1 BPC 0x116ce [STD DIRECT] STD allocated
[C:223711 ][BCC.STAGE ]: 	|--B11 STID1 BPC 0x116ce [STD DIRECT] STD allocated
[C:223711 ][BCC.STAGE ]: 	|--B12 STID1 BPC 0x116ce [STD DIRECT] STD allocated
[C:223711 ][BCC.STAGE ]: 	|--B13 STID1 BPC 0x116ce [STD DIRECT] STD allocated
[C:223711 ][BCC.STAGE ]: 	|--B14 STID1 BPC 0x116ce [STD DIRECT] STD allocated
[C:223711 ][BCC.STAGE ]: 	|--B15 STID1 BPC 0x116ce [STD DIRECT] STD allocated
[C:223711 ][BCC.STAGE ]: 	|--B16 STID1 BPC 0x116ce [STD DIRECT] STD allocated<- nonFlushBid
[C:223711 ][BCC.STAGE ]: ==================================================
B42 STID1 BPC 0x116ce [STD DIRECT] STD allocated
[C:223711 ][BCC.STAGE ]: ==================================================
[C:223711 ][BCC.STAGE ]: size: 231 commitPtr: 42 nonFlushBid: 16 allocPtr: 17
[C:223711 ][BCC.STAGE ]: 	|--B42 STID2 BPC 0x116ce [STD DIRECT] STD allocated<- oldest/commitPtr
[C:223711 ][BCC.STAGE ]: 	|--B43 STID2 BPC 0x116ce [STD DIRECT] STD allocated
[C:223711 ][BCC.STAGE ]: 	|--B44 STID2 BPC 0x116ce [STD DIRECT] STD allocated
[C:223711 ][BCC.STAGE ]: 	|--B45 STID2 BPC 0x116ce [STD DIRECT] STD allocated
[C:223711 ][BCC.STAGE ]: 	|--B46 STID2 BPC 0x116ce [STD DIRECT] STD allocated
[C:223711 ][BCC.STAGE ]: 	|--B47 STID2 BPC 0x116ce [STD DIRECT] STD allocated
[C:223711 ][BCC.STAGE ]: 	|--B48 STID2 BPC 0x116ce [STD DIRECT] STD allocated
[C:223711 ][BCC.STAGE ]: 	|--B49 STID2 BPC 0x116ce [STD DIRECT] STD allocated
[C:223711 ][BCC.STAGE ]: 	|--B50 STID2 BPC 0x116ce [STD DIRECT] STD allocated
[C:223711 ][BCC.STAGE ]: 	|--B51 STID2 BPC 0x116ce [STD DIRECT] STD allocated
[C:223711 ][BCC.STAGE ]: 	|--B52 STID2 BPC 0x116ce [STD DIRECT] STD allocated
[C:223711 ][BCC.STAGE ]: 	|--B53 STID2 BPC 0x116ce [STD DIRECT] STD allocated
[C:223711 ][BCC.STAGE ]: 	|--B54 STID2 BPC 0x116ce [STD DIRECT] STD allocated
[C:223711 ][BCC.STAGE ]: 	|--B55 STID2 BPC 0x116ce [STD DIRECT] STD allocated
[C:223711 ][BCC.STAGE ]: 	|--B56 STID2 BPC 0x116ce [STD DIRECT] STD allocated
[C:223711 ][BCC.STAGE ]: 	|--B57 STID2 BPC 0x116ce [STD DIRECT] STD allocated
[C:223711 ][BCC.STAGE ]: 	|--B58 STID2 BPC 0x116ce [STD DIRECT] STD allocated
[C:223711 ][BCC.STAGE ]: 	|--B59 STID2 BPC 0x116ce [STD DIRECT] STD allocated
[C:223711 ][BCC.STAGE ]: 	|--B60 STID2 BPC 0x116ce [STD DIRECT] STD allocated
[C:223711 ][BCC.STAGE ]: 	|--B61 STID2 BPC 0x116ce [STD DIRECT] STD allocated
[C:223711 ][BCC.STAGE ]: 	|--B62 STID2 BPC 0x116ce [STD DIRECT] STD allocated
[C:223711 ][BCC.STAGE ]: 	|--B63 STID2 BPC 0x116ce [STD DIRECT] STD allocated
[C:223711 ][BCC.STAGE ]: 	|--B64 STID2 BPC 0x116ce [STD DIRECT] STD allocated
[C:223711 ][BCC.STAGE ]: 	|--B65 STID2 BPC 0x116ce [STD DIRECT] STD allocated
[C:223711 ][BCC.STAGE ]: 	|--B66 STID2 BPC 0x116ce [STD DIRECT] STD allocated
[C:223711 ][BCC.STAGE ]: 	|--B67 STID2 BPC 0x116ce [STD DIRECT] STD allocated
[C:223711 ][BCC.STAGE ]: 	|--B68 STID2 BPC 0x116ce [STD DIRECT] STD allocated
[C:223711 ][BCC.STAGE ]: 	|--B69 STID2 BPC 0x116ce [STD DIRECT] STD allocated
[C:223711 ][BCC.STAGE ]: 	|--B70 STID2 BPC 0x116ce [STD DIRECT] STD allocated
[C:223711 ][BCC.STAGE ]: 	|--B71 STID2 BPC 0x116ce [STD DIRECT] STD allocated
[C:223711 ][BCC.STAGE ]: 	|--B72 STID2 BPC 0x116ce [STD DIRECT] STD allocated
[C:223711 ][BCC.STAGE ]: 	|--B73 STID2 BPC 0x116ce [STD DIRECT] STD allocated
[C:223711 ][BCC.STAGE ]: 	|--B74 STID2 BPC 0x116ce [STD DIRECT] STD allocated
[C:223711 ][BCC.STAGE ]: 	|--B75 STID2 BPC 0x116ce [STD DIRECT] STD allocated
[C:223711 ][BCC.STAGE ]: 	|--B76 STID2 BPC 0x116ce [STD DIRECT] STD allocated
[C:223711 ][BCC.STAGE ]: 	|--B77 STID2 BPC 0x116ce [STD DIRECT] STD allocated
[C:223711 ][BCC.STAGE ]: 	|--B78 STID2 BPC 0x116ce [STD DIRECT] STD allocated
[C:223711 ][BCC.STAGE ]: 	|--B79 STID2 BPC 0x116ce [STD DIRECT] STD allocated
[C:223711 ][BCC.STAGE ]: 	|--B80 STID2 BPC 0x116ce [STD DIRECT] STD allocated
[C:223711 ][BCC.STAGE ]: 	|--B81 STID2 BPC 0x116ce [STD DIRECT] STD allocated
[C:223711 ][BCC.STAGE ]: 	|--B82 STID2 BPC 0x116ce [STD DIRECT] STD allocated
[C:223711 ][BCC.STAGE ]: 	|--B83 STID2 BPC 0x116ce [STD DIRECT] STD allocated
[C:223711 ][BCC.STAGE ]: 	|--B84 STID2 BPC 0x116ce [STD DIRECT] STD allocated
[C:223711 ][BCC.STAGE ]: 	|--B85 STID2 BPC 0x116ce [STD DIRECT] STD allocated
[C:223711 ][BCC.STAGE ]: 	|--B86 STID2 BPC 0x116ce [STD DIRECT] STD allocated
[C:223711 ][BCC.STAGE ]: 	|--B87 STID2 BPC 0x116ce [STD DIRECT] STD allocated
[C:223711 ][BCC.STAGE ]: 	|--B88 STID2 BPC 0x116ce [STD DIRECT] STD allocated
[C:223711 ][BCC.STAGE ]: 	|--B89 STID2 BPC 0x116ce [STD DIRECT] STD allocated
[C:223711 ][BCC.STAGE ]: 	|--B90 STID2 BPC 0x116ce [STD DIRECT] STD allocated
[C:223711 ][BCC.STAGE ]: 	|--B91 STID2 BPC 0x116ce [STD DIRECT] STD allocated
[C:223711 ][BCC.STAGE ]: 	|--B92 STID2 BPC 0x116ce [STD DIRECT] STD allocated
[C:223711 ][BCC.STAGE ]: 	|--B93 STID2 BPC 0x116ce [STD DIRECT] STD allocated
[C:223711 ][BCC.STAGE ]: 	|--B94 STID2 BPC 0x116ce [STD DIRECT] STD allocated
[C:223711 ][BCC.STAGE ]: 	|--B95 STID2 BPC 0x116ce [STD DIRECT] STD allocated
[C:223711 ][BCC.STAGE ]: 	|--B96 STID2 BPC 0x116ce [STD DIRECT] STD allocated
[C:223711 ][BCC.STAGE ]: 	|--B97 STID2 BPC 0x116ce [STD DIRECT] STD allocated
[C:223711 ][BCC.STAGE ]: 	|--B98 STID2 BPC 0x116ce [STD DIRECT] STD allocated
[C:223711 ][BCC.STAGE ]: 	|--B99 STID2 BPC 0x116ce [STD DIRECT] STD allocated
[C:223711 ][BCC.STAGE ]: 	|--B100 STID2 BPC 0x116ce [STD DIRECT] STD allocated
[C:223711 ][BCC.STAGE ]: 	|--B101 STID2 BPC 0x116ce [STD DIRECT] STD allocated
[C:223711 ][BCC.STAGE ]: 	|--B102 STID2 BPC 0x116ce [STD DIRECT] STD allocated
[C:223711 ][BCC.STAGE ]: 	|--B103 STID2 BPC 0x116ce [STD DIRECT] STD allocated
[C:223711 ][BCC.STAGE ]: 	|--B104 STID2 BPC 0x116ce [STD DIRECT] STD allocated
[C:223711 ][BCC.STAGE ]: 	|--B105 STID2 BPC 0x116ce [STD DIRECT] STD allocated
[C:223711 ][BCC.STAGE ]: 	|--B106 STID2 BPC 0x116ce [STD DIRECT] STD allocated
[C:223711 ][BCC.STAGE ]: 	|--B107 STID2 BPC 0x116ce [STD DIRECT] STD allocated
[C:223711 ][BCC.STAGE ]: 	|--B108 STID2 BPC 0x116ce [STD DIRECT] STD allocated
[C:223711 ][BCC.STAGE ]: 	|--B109 STID2 BPC 0x116ce [STD DIRECT] STD allocated
[C:223711 ][BCC.STAGE ]: 	|--B110 STID2 BPC 0x116ce [STD DIRECT] STD allocated
[C:223711 ][BCC.STAGE ]: 	|--B111 STID2 BPC 0x116ce [STD DIRECT] STD allocated
[C:223711 ][BCC.STAGE ]: 	|--B112 STID2 BPC 0x116ce [STD DIRECT] STD allocated
[C:223711 ][BCC.STAGE ]: 	|--B113 STID2 BPC 0x116ce [STD DIRECT] STD allocated
[C:223711 ][BCC.STAGE ]: 	|--B114 STID2 BPC 0x116ce [STD DIRECT] STD allocated
[C:223711 ][BCC.STAGE ]: 	|--B115 STID2 BPC 0x116ce [STD DIRECT] STD allocated
[C:223711 ][BCC.STAGE ]: 	|--B116 STID2 BPC 0x116ce [STD DIRECT] STD allocated
[C:223711 ][BCC.STAGE ]: 	|--B117 STID2 BPC 0x116ce [STD DIRECT] STD allocated
[C:223711 ][BCC.STAGE ]: 	|--B118 STID2 BPC 0x116ce [STD DIRECT] STD allocated
[C:223711 ][BCC.STAGE ]: 	|--B119 STID2 BPC 0x116ce [STD DIRECT] STD allocated
[C:223711 ][BCC.STAGE ]: 	|--B120 STID2 BPC 0x116ce [STD DIRECT] STD allocated
[C:223711 ][BCC.STAGE ]: 	|--B121 STID2 BPC 0x116ce [STD DIRECT] STD allocated
[C:223711 ][BCC.STAGE ]: 	|--B122 STID2 BPC 0x116ce [STD DIRECT] STD allocated
[C:223711 ][BCC.STAGE ]: 	|--B123 STID2 BPC 0x116ce [STD DIRECT] STD allocated
[C:223711 ][BCC.STAGE ]: 	|--B124 STID2 BPC 0x116ce [STD DIRECT] STD allocated
[C:223711 ][BCC.STAGE ]: 	|--B125 STID2 BPC 0x116ce [STD DIRECT] STD allocated
[C:223711 ][BCC.STAGE ]: 	|--B126 STID2 BPC 0x116ce [STD DIRECT] STD allocated
[C:223711 ][BCC.STAGE ]: 	|--B127 STID2 BPC 0x116ce [STD DIRECT] STD allocated
[C:223711 ][BCC.STAGE ]: 	|--B128 STID2 BPC 0x116ce [STD DIRECT] STD allocated
[C:223711 ][BCC.STAGE ]: 	|--B129 STID2 BPC 0x116ce [STD DIRECT] STD allocated
[C:223711 ][BCC.STAGE ]: 	|--B130 STID2 BPC 0x116ce [STD DIRECT] STD allocated
[C:223711 ][BCC.STAGE ]: 	|--B131 STID2 BPC 0x116ce [STD DIRECT] STD allocated
[C:223711 ][BCC.STAGE ]: 	|--B132 STID2 BPC 0x116ce [STD DIRECT] STD allocated
[C:223711 ][BCC.STAGE ]: 	|--B133 STID2 BPC 0x116ce [STD DIRECT] STD allocated
[C:223711 ][BCC.STAGE ]: 	|--B134 STID2 BPC 0x116ce [STD DIRECT] STD allocated
[C:223711 ][BCC.STAGE ]: 	|--B135 STID2 BPC 0x116ce [STD DIRECT] STD allocated
[C:223711 ][BCC.STAGE ]: 	|--B136 STID2 BPC 0x116ce [STD DIRECT] STD allocated
[C:223711 ][BCC.STAGE ]: 	|--B137 STID2 BPC 0x116ce [STD DIRECT] STD allocated
[C:223711 ][BCC.STAGE ]: 	|--B138 STID2 BPC 0x116ce [STD DIRECT] STD allocated
[C:223711 ][BCC.STAGE ]: 	|--B139 STID2 BPC 0x116ce [STD DIRECT] STD allocated
[C:223711 ][BCC.STAGE ]: 	|--B140 STID2 BPC 0x116ce [STD DIRECT] STD allocated
[C:223711 ][BCC.STAGE ]: 	|--B141 STID2 BPC 0x116ce [STD DIRECT] STD allocated
[C:223711 ][BCC.STAGE ]: 	|--B142 STID2 BPC 0x116ce [STD DIRECT] STD allocated
[C:223711 ][BCC.STAGE ]: 	|--B143 STID2 BPC 0x116ce [STD DIRECT] STD allocated
[C:223711 ][BCC.STAGE ]: 	|--B144 STID2 BPC 0x116ce [STD DIRECT] STD allocated
[C:223711 ][BCC.STAGE ]: 	|--B145 STID2 BPC 0x116ce [STD DIRECT] STD allocated
[C:223711 ][BCC.STAGE ]: 	|--B146 STID2 BPC 0x116ce [STD DIRECT] STD allocated
[C:223711 ][BCC.STAGE ]: 	|--B147 STID2 BPC 0x116ce [STD DIRECT] STD allocated
[C:223711 ][BCC.STAGE ]: 	|--B148 STID2 BPC 0x116ce [STD DIRECT] STD allocated
[C:223711 ][BCC.STAGE ]: 	|--B149 STID2 BPC 0x116ce [STD DIRECT] STD allocated
[C:223711 ][BCC.STAGE ]: 	|--B150 STID2 BPC 0x116ce [STD DIRECT] STD allocated
[C:223711 ][BCC.STAGE ]: 	|--B151 STID2 BPC 0x116ce [STD DIRECT] STD allocated
[C:223711 ][BCC.STAGE ]: 	|--B152 STID2 BPC 0x116ce [STD DIRECT] STD allocated
[C:223711 ][BCC.STAGE ]: 	|--B153 STID2 BPC 0x116ce [STD DIRECT] STD allocated
[C:223711 ][BCC.STAGE ]: 	|--B154 STID2 BPC 0x116ce [STD DIRECT] STD allocated
[C:223711 ][BCC.STAGE ]: 	|--B155 STID2 BPC 0x116ce [STD DIRECT] STD allocated
[C:223711 ][BCC.STAGE ]: 	|--B156 STID2 BPC 0x116ce [STD DIRECT] STD allocated
[C:223711 ][BCC.STAGE ]: 	|--B157 STID2 BPC 0x116ce [STD DIRECT] STD allocated
[C:223711 ][BCC.STAGE ]: 	|--B158 STID2 BPC 0x116ce [STD DIRECT] STD allocated
[C:223711 ][BCC.STAGE ]: 	|--B159 STID2 BPC 0x116ce [STD DIRECT] STD allocated
[C:223711 ][BCC.STAGE ]: 	|--B160 STID2 BPC 0x116ce [STD DIRECT] STD allocated
[C:223711 ][BCC.STAGE ]: 	|--B161 STID2 BPC 0x116ce [STD DIRECT] STD allocated
[C:223711 ][BCC.STAGE ]: 	|--B162 STID2 BPC 0x116ce [STD DIRECT] STD allocated
[C:223711 ][BCC.STAGE ]: 	|--B163 STID2 BPC 0x116ce [STD DIRECT] STD allocated
[C:223711 ][BCC.STAGE ]: 	|--B164 STID2 BPC 0x116ce [STD DIRECT] STD allocated
[C:223711 ][BCC.STAGE ]: 	|--B165 STID2 BPC 0x116ce [STD DIRECT] STD allocated
[C:223711 ][BCC.STAGE ]: 	|--B166 STID2 BPC 0x116ce [STD DIRECT] STD allocated
[C:223711 ][BCC.STAGE ]: 	|--B167 STID2 BPC 0x116ce [STD DIRECT] STD allocated
[C:223711 ][BCC.STAGE ]: 	|--B168 STID2 BPC 0x116ce [STD DIRECT] STD allocated
[C:223711 ][BCC.STAGE ]: 	|--B169 STID2 BPC 0x116ce [STD DIRECT] STD allocated
[C:223711 ][BCC.STAGE ]: 	|--B170 STID2 BPC 0x116ce [STD DIRECT] STD allocated
[C:223711 ][BCC.STAGE ]: 	|--B171 STID2 BPC 0x116ce [STD DIRECT] STD allocated
[C:223711 ][BCC.STAGE ]: 	|--B172 STID2 BPC 0x116ce [STD DIRECT] STD allocated
[C:223711 ][BCC.STAGE ]: 	|--B173 STID2 BPC 0x116ce [STD DIRECT] STD allocated
[C:223711 ][BCC.STAGE ]: 	|--B174 STID2 BPC 0x116ce [STD DIRECT] STD allocated
[C:223711 ][BCC.STAGE ]: 	|--B175 STID2 BPC 0x116ce [STD DIRECT] STD allocated
[C:223711 ][BCC.STAGE ]: 	|--B176 STID2 BPC 0x116ce [STD DIRECT] STD allocated
[C:223711 ][BCC.STAGE ]: 	|--B177 STID2 BPC 0x116ce [STD DIRECT] STD allocated
[C:223711 ][BCC.STAGE ]: 	|--B178 STID2 BPC 0x116ce [STD DIRECT] STD allocated
[C:223711 ][BCC.STAGE ]: 	|--B179 STID2 BPC 0x116ce [STD DIRECT] STD allocated
[C:223711 ][BCC.STAGE ]: 	|--B180 STID2 BPC 0x116ce [STD DIRECT] STD allocated
[C:223711 ][BCC.STAGE ]: 	|--B181 STID2 BPC 0x116ce [STD DIRECT] STD allocated
[C:223711 ][BCC.STAGE ]: 	|--B182 STID2 BPC 0x116ce [STD DIRECT] STD allocated
[C:223711 ][BCC.STAGE ]: 	|--B183 STID2 BPC 0x116ce [STD DIRECT] STD allocated
[C:223711 ][BCC.STAGE ]: 	|--B184 STID2 BPC 0x116ce [STD DIRECT] STD allocated
[C:223711 ][BCC.STAGE ]: 	|--B185 STID2 BPC 0x116ce [STD DIRECT] STD allocated
[C:223711 ][BCC.STAGE ]: 	|--B186 STID2 BPC 0x116ce [STD DIRECT] STD allocated
[C:223711 ][BCC.STAGE ]: 	|--B187 STID2 BPC 0x116ce [STD DIRECT] STD allocated
[C:223711 ][BCC.STAGE ]: 	|--B188 STID2 BPC 0x116ce [STD DIRECT] STD allocated
[C:223711 ][BCC.STAGE ]: 	|--B189 STID2 BPC 0x116ce [STD DIRECT] STD allocated
[C:223711 ][BCC.STAGE ]: 	|--B190 STID2 BPC 0x116ce [STD DIRECT] STD allocated
[C:223711 ][BCC.STAGE ]: 	|--B191 STID2 BPC 0x116ce [STD DIRECT] STD allocated
[C:223711 ][BCC.STAGE ]: 	|--B192 STID2 BPC 0x116ce [STD DIRECT] STD allocated
[C:223711 ][BCC.STAGE ]: 	|--B193 STID2 BPC 0x116ce [STD DIRECT] STD allocated
[C:223711 ][BCC.STAGE ]: 	|--B194 STID2 BPC 0x116ce [STD DIRECT] STD allocated
[C:223711 ][BCC.STAGE ]: 	|--B195 STID2 BPC 0x116ce [STD DIRECT] STD allocated
[C:223711 ][BCC.STAGE ]: 	|--B196 STID2 BPC 0x116ce [STD DIRECT] STD allocated
[C:223711 ][BCC.STAGE ]: 	|--B197 STID2 BPC 0x116ce [STD DIRECT] STD allocated
[C:223711 ][BCC.STAGE ]: 	|--B198 STID2 BPC 0x116ce [STD DIRECT] STD allocated
[C:223711 ][BCC.STAGE ]: 	|--B199 STID2 BPC 0x116ce [STD DIRECT] STD allocated
[C:223711 ][BCC.STAGE ]: 	|--B200 STID2 BPC 0x116ce [STD DIRECT] STD allocated
[C:223711 ][BCC.STAGE ]: 	|--B201 STID2 BPC 0x116ce [STD DIRECT] STD allocated
[C:223711 ][BCC.STAGE ]: 	|--B202 STID2 BPC 0x116ce [STD DIRECT] STD allocated
[C:223711 ][BCC.STAGE ]: 	|--B203 STID2 BPC 0x116ce [STD DIRECT] STD allocated
[C:223711 ][BCC.STAGE ]: 	|--B204 STID2 BPC 0x116ce [STD DIRECT] STD allocated
[C:223711 ][BCC.STAGE ]: 	|--B205 STID2 BPC 0x116ce [STD DIRECT] STD allocated
[C:223711 ][BCC.STAGE ]: 	|--B206 STID2 BPC 0x116ce [STD DIRECT] STD allocated
[C:223711 ][BCC.STAGE ]: 	|--B207 STID2 BPC 0x116ce [STD DIRECT] STD allocated
[C:223711 ][BCC.STAGE ]: 	|--B208 STID2 BPC 0x116ce [STD DIRECT] STD allocated
[C:223711 ][BCC.STAGE ]: 	|--B209 STID2 BPC 0x116ce [STD DIRECT] STD allocated
[C:223711 ][BCC.STAGE ]: 	|--B210 STID2 BPC 0x116ce [STD DIRECT] STD allocated
[C:223711 ][BCC.STAGE ]: 	|--B211 STID2 BPC 0x116ce [STD DIRECT] STD allocated
[C:223711 ][BCC.STAGE ]: 	|--B212 STID2 BPC 0x116ce [STD DIRECT] STD allocated
[C:223711 ][BCC.STAGE ]: 	|--B213 STID2 BPC 0x116ce [STD DIRECT] STD allocated
[C:223711 ][BCC.STAGE ]: 	|--B214 STID2 BPC 0x116ce [STD DIRECT] STD allocated
[C:223711 ][BCC.STAGE ]: 	|--B215 STID2 BPC 0x116ce [STD DIRECT] STD allocated
[C:223711 ][BCC.STAGE ]: 	|--B216 STID2 BPC 0x116ce [STD DIRECT] STD allocated
[C:223711 ][BCC.STAGE ]: 	|--B217 STID2 BPC 0x116ce [STD DIRECT] STD allocated
[C:223711 ][BCC.STAGE ]: 	|--B218 STID2 BPC 0x116ce [STD DIRECT] STD allocated
[C:223711 ][BCC.STAGE ]: 	|--B219 STID2 BPC 0x116ce [STD DIRECT] STD allocated
[C:223711 ][BCC.STAGE ]: 	|--B220 STID2 BPC 0x116ce [STD DIRECT] STD allocated
[C:223711 ][BCC.STAGE ]: 	|--B221 STID2 BPC 0x116ce [STD DIRECT] STD allocated
[C:223711 ][BCC.STAGE ]: 	|--B222 STID2 BPC 0x116ce [STD DIRECT] STD allocated
[C:223711 ][BCC.STAGE ]: 	|--B223 STID2 BPC 0x116ce [STD DIRECT] STD allocated
[C:223711 ][BCC.STAGE ]: 	|--B224 STID2 BPC 0x116ce [STD DIRECT] STD allocated
[C:223711 ][BCC.STAGE ]: 	|--B225 STID2 BPC 0x116ce [STD DIRECT] STD allocated
[C:223711 ][BCC.STAGE ]: 	|--B226 STID2 BPC 0x116ce [STD DIRECT] STD allocated
[C:223711 ][BCC.STAGE ]: 	|--B227 STID2 BPC 0x116ce [STD DIRECT] STD allocated
[C:223711 ][BCC.STAGE ]: 	|--B228 STID2 BPC 0x116ce [STD DIRECT] STD allocated
[C:223711 ][BCC.STAGE ]: 	|--B229 STID2 BPC 0x116ce [STD DIRECT] STD allocated
[C:223711 ][BCC.STAGE ]: 	|--B230 STID2 BPC 0x116ce [STD DIRECT] STD allocated
[C:223711 ][BCC.STAGE ]: 	|--B231 STID2 BPC 0x116ce [STD DIRECT] STD allocated
[C:223711 ][BCC.STAGE ]: 	|--B232 STID2 BPC 0x116ce [STD DIRECT] STD allocated
[C:223711 ][BCC.STAGE ]: 	|--B233 STID2 BPC 0x116ce [STD DIRECT] STD allocated
[C:223711 ][BCC.STAGE ]: 	|--B234 STID2 BPC 0x116ce [STD DIRECT] STD allocated
[C:223711 ][BCC.STAGE ]: 	|--B235 STID2 BPC 0x116ce [STD DIRECT] STD allocated
[C:223711 ][BCC.STAGE ]: 	|--B236 STID2 BPC 0x116ce [STD DIRECT] STD allocated
[C:223711 ][BCC.STAGE ]: 	|--B237 STID2 BPC 0x116ce [STD DIRECT] STD allocated
[C:223711 ][BCC.STAGE ]: 	|--B238 STID2 BPC 0x116ce [STD DIRECT] STD allocated
[C:223711 ][BCC.STAGE ]: 	|--B239 STID2 BPC 0x116ce [STD DIRECT] STD allocated
[C:223711 ][BCC.STAGE ]: 	|--B240 STID2 BPC 0x116ce [STD DIRECT] STD allocated
[C:223711 ][BCC.STAGE ]: 	|--B241 STID2 BPC 0x116ce [STD DIRECT] STD allocated
[C:223711 ][BCC.STAGE ]: 	|--B242 STID2 BPC 0x116ce [STD DIRECT] STD allocated
[C:223711 ][BCC.STAGE ]: 	|--B243 STID2 BPC 0x116ce [STD DIRECT] STD allocated
[C:223711 ][BCC.STAGE ]: 	|--B244 STID2 BPC 0x116ce [STD DIRECT] STD allocated
[C:223711 ][BCC.STAGE ]: 	|--B245 STID2 BPC 0x116ce [STD DIRECT] STD allocated
[C:223711 ][BCC.STAGE ]: 	|--B246 STID2 BPC 0x116ce [STD DIRECT] STD allocated
[C:223711 ][BCC.STAGE ]: 	|--B247 STID2 BPC 0x116ce [STD DIRECT] STD allocated
[C:223711 ][BCC.STAGE ]: 	|--B248 STID2 BPC 0x116ce [STD DIRECT] STD allocated
[C:223711 ][BCC.STAGE ]: 	|--B249 STID2 BPC 0x116ce [STD DIRECT] STD allocated
[C:223711 ][BCC.STAGE ]: 	|--B250 STID2 BPC 0x116ce [STD DIRECT] STD allocated
[C:223711 ][BCC.STAGE ]: 	|--B251 STID2 BPC 0x116ce [STD DIRECT] STD allocated
[C:223711 ][BCC.STAGE ]: 	|--B252 STID2 BPC 0x116ce [STD DIRECT] STD allocated
[C:223711 ][BCC.STAGE ]: 	|--B253 STID2 BPC 0x116ce [STD DIRECT] STD allocated
[C:223711 ][BCC.STAGE ]: 	|--B254 STID2 BPC 0x116ce [STD DIRECT] STD allocated
[C:223711 ][BCC.STAGE ]: 	|--B255 STID2 BPC 0x116ce [STD DIRECT] STD allocated
[C:223711 ][BCC.STAGE ]: 	|--B0 STID2 BPC 0x116ce [STD DIRECT] STD allocated
[C:223711 ][BCC.STAGE ]: 	|--B1 STID2 BPC 0x116ce [STD DIRECT] STD allocated
[C:223711 ][BCC.STAGE ]: 	|--B2 STID2 BPC 0x116ce [STD DIRECT] STD allocated
[C:223711 ][BCC.STAGE ]: 	|--B3 STID2 BPC 0x116ce [STD DIRECT] STD allocated
[C:223711 ][BCC.STAGE ]: 	|--B4 STID2 BPC 0x116ce [STD DIRECT] STD allocated
[C:223711 ][BCC.STAGE ]: 	|--B5 STID2 BPC 0x116ce [STD DIRECT] STD allocated
[C:223711 ][BCC.STAGE ]: 	|--B6 STID2 BPC 0x116ce [STD DIRECT] STD allocated
[C:223711 ][BCC.STAGE ]: 	|--B7 STID2 BPC 0x116ce [STD DIRECT] STD allocated
[C:223711 ][BCC.STAGE ]: 	|--B8 STID2 BPC 0x116ce [STD DIRECT] STD allocated
[C:223711 ][BCC.STAGE ]: 	|--B9 STID2 BPC 0x116ce [STD DIRECT] STD allocated
[C:223711 ][BCC.STAGE ]: 	|--B10 STID2 BPC 0x116ce [STD DIRECT] STD allocated
[C:223711 ][BCC.STAGE ]: 	|--B11 STID2 BPC 0x116ce [STD DIRECT] STD allocated
[C:223711 ][BCC.STAGE ]: 	|--B12 STID2 BPC 0x116ce [STD DIRECT] STD allocated
[C:223711 ][BCC.STAGE ]: 	|--B13 STID2 BPC 0x116ce [STD DIRECT] STD allocated
[C:223711 ][BCC.STAGE ]: 	|--B14 STID2 BPC 0x116ce [STD DIRECT] STD allocated
[C:223711 ][BCC.STAGE ]: 	|--B15 STID2 BPC 0x116ce [STD DIRECT] STD allocated
[C:223711 ][BCC.STAGE ]: 	|--B16 STID2 BPC 0x116ce [STD DIRECT] STD allocated<- nonFlushBid
[C:223711 ][BCC.STAGE ]: ==================================================
B42 STID2 BPC 0x116ce [STD DIRECT] STD allocated
[C:223711 ][BCC.STAGE ]: ==================================================
[C:223711 ][BCC.STAGE ]: size: 231 commitPtr: 42 nonFlushBid: 16 allocPtr: 17
[C:223711 ][BCC.STAGE ]: 	|--B42 STID3 BPC 0x116ce [STD DIRECT] STD allocated<- oldest/commitPtr
[C:223711 ][BCC.STAGE ]: 	|--B43 STID3 BPC 0x116ce [STD DIRECT] STD allocated
[C:223711 ][BCC.STAGE ]: 	|--B44 STID3 BPC 0x116ce [STD DIRECT] STD allocated
[C:223711 ][BCC.STAGE ]: 	|--B45 STID3 BPC 0x116ce [STD DIRECT] STD allocated
[C:223711 ][BCC.STAGE ]: 	|--B46 STID3 BPC 0x116ce [STD DIRECT] STD allocated
[C:223711 ][BCC.STAGE ]: 	|--B47 STID3 BPC 0x116ce [STD DIRECT] STD allocated
[C:223711 ][BCC.STAGE ]: 	|--B48 STID3 BPC 0x116ce [STD DIRECT] STD allocated
[C:223711 ][BCC.STAGE ]: 	|--B49 STID3 BPC 0x116ce [STD DIRECT] STD allocated
[C:223711 ][BCC.STAGE ]: 	|--B50 STID3 BPC 0x116ce [STD DIRECT] STD allocated
[C:223711 ][BCC.STAGE ]: 	|--B51 STID3 BPC 0x116ce [STD DIRECT] STD allocated
[C:223711 ][BCC.STAGE ]: 	|--B52 STID3 BPC 0x116ce [STD DIRECT] STD allocated
[C:223711 ][BCC.STAGE ]: 	|--B53 STID3 BPC 0x116ce [STD DIRECT] STD allocated
[C:223711 ][BCC.STAGE ]: 	|--B54 STID3 BPC 0x116ce [STD DIRECT] STD allocated
[C:223711 ][BCC.STAGE ]: 	|--B55 STID3 BPC 0x116ce [STD DIRECT] STD allocated
[C:223711 ][BCC.STAGE ]: 	|--B56 STID3 BPC 0x116ce [STD DIRECT] STD allocated
[C:223711 ][BCC.STAGE ]: 	|--B57 STID3 BPC 0x116ce [STD DIRECT] STD allocated
[C:223711 ][BCC.STAGE ]: 	|--B58 STID3 BPC 0x116ce [STD DIRECT] STD allocated
[C:223711 ][BCC.STAGE ]: 	|--B59 STID3 BPC 0x116ce [STD DIRECT] STD allocated
[C:223711 ][BCC.STAGE ]: 	|--B60 STID3 BPC 0x116ce [STD DIRECT] STD allocated
[C:223711 ][BCC.STAGE ]: 	|--B61 STID3 BPC 0x116ce [STD DIRECT] STD allocated
[C:223711 ][BCC.STAGE ]: 	|--B62 STID3 BPC 0x116ce [STD DIRECT] STD allocated
[C:223711 ][BCC.STAGE ]: 	|--B63 STID3 BPC 0x116ce [STD DIRECT] STD allocated
[C:223711 ][BCC.STAGE ]: 	|--B64 STID3 BPC 0x116ce [STD DIRECT] STD allocated
[C:223711 ][BCC.STAGE ]: 	|--B65 STID3 BPC 0x116ce [STD DIRECT] STD allocated
[C:223711 ][BCC.STAGE ]: 	|--B66 STID3 BPC 0x116ce [STD DIRECT] STD allocated
[C:223711 ][BCC.STAGE ]: 	|--B67 STID3 BPC 0x116ce [STD DIRECT] STD allocated
[C:223711 ][BCC.STAGE ]: 	|--B68 STID3 BPC 0x116ce [STD DIRECT] STD allocated
[C:223711 ][BCC.STAGE ]: 	|--B69 STID3 BPC 0x116ce [STD DIRECT] STD allocated
[C:223711 ][BCC.STAGE ]: 	|--B70 STID3 BPC 0x116ce [STD DIRECT] STD allocated
[C:223711 ][BCC.STAGE ]: 	|--B71 STID3 BPC 0x116ce [STD DIRECT] STD allocated
[C:223711 ][BCC.STAGE ]: 	|--B72 STID3 BPC 0x116ce [STD DIRECT] STD allocated
[C:223711 ][BCC.STAGE ]: 	|--B73 STID3 BPC 0x116ce [STD DIRECT] STD allocated
[C:223711 ][BCC.STAGE ]: 	|--B74 STID3 BPC 0x116ce [STD DIRECT] STD allocated
[C:223711 ][BCC.STAGE ]: 	|--B75 STID3 BPC 0x116ce [STD DIRECT] STD allocated
[C:223711 ][BCC.STAGE ]: 	|--B76 STID3 BPC 0x116ce [STD DIRECT] STD allocated
[C:223711 ][BCC.STAGE ]: 	|--B77 STID3 BPC 0x116ce [STD DIRECT] STD allocated
[C:223711 ][BCC.STAGE ]: 	|--B78 STID3 BPC 0x116ce [STD DIRECT] STD allocated
[C:223711 ][BCC.STAGE ]: 	|--B79 STID3 BPC 0x116ce [STD DIRECT] STD allocated
[C:223711 ][BCC.STAGE ]: 	|--B80 STID3 BPC 0x116ce [STD DIRECT] STD allocated
[C:223711 ][BCC.STAGE ]: 	|--B81 STID3 BPC 0x116ce [STD DIRECT] STD allocated
[C:223711 ][BCC.STAGE ]: 	|--B82 STID3 BPC 0x116ce [STD DIRECT] STD allocated
[C:223711 ][BCC.STAGE ]: 	|--B83 STID3 BPC 0x116ce [STD DIRECT] STD allocated
[C:223711 ][BCC.STAGE ]: 	|--B84 STID3 BPC 0x116ce [STD DIRECT] STD allocated
[C:223711 ][BCC.STAGE ]: 	|--B85 STID3 BPC 0x116ce [STD DIRECT] STD allocated
[C:223711 ][BCC.STAGE ]: 	|--B86 STID3 BPC 0x116ce [STD DIRECT] STD allocated
[C:223711 ][BCC.STAGE ]: 	|--B87 STID3 BPC 0x116ce [STD DIRECT] STD allocated
[C:223711 ][BCC.STAGE ]: 	|--B88 STID3 BPC 0x116ce [STD DIRECT] STD allocated
[C:223711 ][BCC.STAGE ]: 	|--B89 STID3 BPC 0x116ce [STD DIRECT] STD allocated
[C:223711 ][BCC.STAGE ]: 	|--B90 STID3 BPC 0x116ce [STD DIRECT] STD allocated
[C:223711 ][BCC.STAGE ]: 	|--B91 STID3 BPC 0x116ce [STD DIRECT] STD allocated
[C:223711 ][BCC.STAGE ]: 	|--B92 STID3 BPC 0x116ce [STD DIRECT] STD allocated
[C:223711 ][BCC.STAGE ]: 	|--B93 STID3 BPC 0x116ce [STD DIRECT] STD allocated
[C:223711 ][BCC.STAGE ]: 	|--B94 STID3 BPC 0x116ce [STD DIRECT] STD allocated
[C:223711 ][BCC.STAGE ]: 	|--B95 STID3 BPC 0x116ce [STD DIRECT] STD allocated
[C:223711 ][BCC.STAGE ]: 	|--B96 STID3 BPC 0x116ce [STD DIRECT] STD allocated
[C:223711 ][BCC.STAGE ]: 	|--B97 STID3 BPC 0x116ce [STD DIRECT] STD allocated
[C:223711 ][BCC.STAGE ]: 	|--B98 STID3 BPC 0x116ce [STD DIRECT] STD allocated
[C:223711 ][BCC.STAGE ]: 	|--B99 STID3 BPC 0x116ce [STD DIRECT] STD allocated
[C:223711 ][BCC.STAGE ]: 	|--B100 STID3 BPC 0x116ce [STD DIRECT] STD allocated
[C:223711 ][BCC.STAGE ]: 	|--B101 STID3 BPC 0x116ce [STD DIRECT] STD allocated
[C:223711 ][BCC.STAGE ]: 	|--B102 STID3 BPC 0x116ce [STD DIRECT] STD allocated
[C:223711 ][BCC.STAGE ]: 	|--B103 STID3 BPC 0x116ce [STD DIRECT] STD allocated
[C:223711 ][BCC.STAGE ]: 	|--B104 STID3 BPC 0x116ce [STD DIRECT] STD allocated
[C:223711 ][BCC.STAGE ]: 	|--B105 STID3 BPC 0x116ce [STD DIRECT] STD allocated
[C:223711 ][BCC.STAGE ]: 	|--B106 STID3 BPC 0x116ce [STD DIRECT] STD allocated
[C:223711 ][BCC.STAGE ]: 	|--B107 STID3 BPC 0x116ce [STD DIRECT] STD allocated
[C:223711 ][BCC.STAGE ]: 	|--B108 STID3 BPC 0x116ce [STD DIRECT] STD allocated
[C:223711 ][BCC.STAGE ]: 	|--B109 STID3 BPC 0x116ce [STD DIRECT] STD allocated
[C:223711 ][BCC.STAGE ]: 	|--B110 STID3 BPC 0x116ce [STD DIRECT] STD allocated
[C:223711 ][BCC.STAGE ]: 	|--B111 STID3 BPC 0x116ce [STD DIRECT] STD allocated
[C:223711 ][BCC.STAGE ]: 	|--B112 STID3 BPC 0x116ce [STD DIRECT] STD allocated
[C:223711 ][BCC.STAGE ]: 	|--B113 STID3 BPC 0x116ce [STD DIRECT] STD allocated
[C:223711 ][BCC.STAGE ]: 	|--B114 STID3 BPC 0x116ce [STD DIRECT] STD allocated
[C:223711 ][BCC.STAGE ]: 	|--B115 STID3 BPC 0x116ce [STD DIRECT] STD allocated
[C:223711 ][BCC.STAGE ]: 	|--B116 STID3 BPC 0x116ce [STD DIRECT] STD allocated
[C:223711 ][BCC.STAGE ]: 	|--B117 STID3 BPC 0x116ce [STD DIRECT] STD allocated
[C:223711 ][BCC.STAGE ]: 	|--B118 STID3 BPC 0x116ce [STD DIRECT] STD allocated
[C:223711 ][BCC.STAGE ]: 	|--B119 STID3 BPC 0x116ce [STD DIRECT] STD allocated
[C:223711 ][BCC.STAGE ]: 	|--B120 STID3 BPC 0x116ce [STD DIRECT] STD allocated
[C:223711 ][BCC.STAGE ]: 	|--B121 STID3 BPC 0x116ce [STD DIRECT] STD allocated
[C:223711 ][BCC.STAGE ]: 	|--B122 STID3 BPC 0x116ce [STD DIRECT] STD allocated
[C:223711 ][BCC.STAGE ]: 	|--B123 STID3 BPC 0x116ce [STD DIRECT] STD allocated
[C:223711 ][BCC.STAGE ]: 	|--B124 STID3 BPC 0x116ce [STD DIRECT] STD allocated
[C:223711 ][BCC.STAGE ]: 	|--B125 STID3 BPC 0x116ce [STD DIRECT] STD allocated
[C:223711 ][BCC.STAGE ]: 	|--B126 STID3 BPC 0x116ce [STD DIRECT] STD allocated
[C:223711 ][BCC.STAGE ]: 	|--B127 STID3 BPC 0x116ce [STD DIRECT] STD allocated
[C:223711 ][BCC.STAGE ]: 	|--B128 STID3 BPC 0x116ce [STD DIRECT] STD allocated
[C:223711 ][BCC.STAGE ]: 	|--B129 STID3 BPC 0x116ce [STD DIRECT] STD allocated
[C:223711 ][BCC.STAGE ]: 	|--B130 STID3 BPC 0x116ce [STD DIRECT] STD allocated
[C:223711 ][BCC.STAGE ]: 	|--B131 STID3 BPC 0x116ce [STD DIRECT] STD allocated
[C:223711 ][BCC.STAGE ]: 	|--B132 STID3 BPC 0x116ce [STD DIRECT] STD allocated
[C:223711 ][BCC.STAGE ]: 	|--B133 STID3 BPC 0x116ce [STD DIRECT] STD allocated
[C:223711 ][BCC.STAGE ]: 	|--B134 STID3 BPC 0x116ce [STD DIRECT] STD allocated
[C:223711 ][BCC.STAGE ]: 	|--B135 STID3 BPC 0x116ce [STD DIRECT] STD allocated
[C:223711 ][BCC.STAGE ]: 	|--B136 STID3 BPC 0x116ce [STD DIRECT] STD allocated
[C:223711 ][BCC.STAGE ]: 	|--B137 STID3 BPC 0x116ce [STD DIRECT] STD allocated
[C:223711 ][BCC.STAGE ]: 	|--B138 STID3 BPC 0x116ce [STD DIRECT] STD allocated
[C:223711 ][BCC.STAGE ]: 	|--B139 STID3 BPC 0x116ce [STD DIRECT] STD allocated
[C:223711 ][BCC.STAGE ]: 	|--B140 STID3 BPC 0x116ce [STD DIRECT] STD allocated
[C:223711 ][BCC.STAGE ]: 	|--B141 STID3 BPC 0x116ce [STD DIRECT] STD allocated
[C:223711 ][BCC.STAGE ]: 	|--B142 STID3 BPC 0x116ce [STD DIRECT] STD allocated
[C:223711 ][BCC.STAGE ]: 	|--B143 STID3 BPC 0x116ce [STD DIRECT] STD allocated
[C:223711 ][BCC.STAGE ]: 	|--B144 STID3 BPC 0x116ce [STD DIRECT] STD allocated
[C:223711 ][BCC.STAGE ]: 	|--B145 STID3 BPC 0x116ce [STD DIRECT] STD allocated
[C:223711 ][BCC.STAGE ]: 	|--B146 STID3 BPC 0x116ce [STD DIRECT] STD allocated
[C:223711 ][BCC.STAGE ]: 	|--B147 STID3 BPC 0x116ce [STD DIRECT] STD allocated
[C:223711 ][BCC.STAGE ]: 	|--B148 STID3 BPC 0x116ce [STD DIRECT] STD allocated
[C:223711 ][BCC.STAGE ]: 	|--B149 STID3 BPC 0x116ce [STD DIRECT] STD allocated
[C:223711 ][BCC.STAGE ]: 	|--B150 STID3 BPC 0x116ce [STD DIRECT] STD allocated
[C:223711 ][BCC.STAGE ]: 	|--B151 STID3 BPC 0x116ce [STD DIRECT] STD allocated
[C:223711 ][BCC.STAGE ]: 	|--B152 STID3 BPC 0x116ce [STD DIRECT] STD allocated
[C:223711 ][BCC.STAGE ]: 	|--B153 STID3 BPC 0x116ce [STD DIRECT] STD allocated
[C:223711 ][BCC.STAGE ]: 	|--B154 STID3 BPC 0x116ce [STD DIRECT] STD allocated
[C:223711 ][BCC.STAGE ]: 	|--B155 STID3 BPC 0x116ce [STD DIRECT] STD allocated
[C:223711 ][BCC.STAGE ]: 	|--B156 STID3 BPC 0x116ce [STD DIRECT] STD allocated
[C:223711 ][BCC.STAGE ]: 	|--B157 STID3 BPC 0x116ce [STD DIRECT] STD allocated
[C:223711 ][BCC.STAGE ]: 	|--B158 STID3 BPC 0x116ce [STD DIRECT] STD allocated
[C:223711 ][BCC.STAGE ]: 	|--B159 STID3 BPC 0x116ce [STD DIRECT] STD allocated
[C:223711 ][BCC.STAGE ]: 	|--B160 STID3 BPC 0x116ce [STD DIRECT] STD allocated
[C:223711 ][BCC.STAGE ]: 	|--B161 STID3 BPC 0x116ce [STD DIRECT] STD allocated
[C:223711 ][BCC.STAGE ]: 	|--B162 STID3 BPC 0x116ce [STD DIRECT] STD allocated
[C:223711 ][BCC.STAGE ]: 	|--B163 STID3 BPC 0x116ce [STD DIRECT] STD allocated
[C:223711 ][BCC.STAGE ]: 	|--B164 STID3 BPC 0x116ce [STD DIRECT] STD allocated
[C:223711 ][BCC.STAGE ]: 	|--B165 STID3 BPC 0x116ce [STD DIRECT] STD allocated
[C:223711 ][BCC.STAGE ]: 	|--B166 STID3 BPC 0x116ce [STD DIRECT] STD allocated
[C:223711 ][BCC.STAGE ]: 	|--B167 STID3 BPC 0x116ce [STD DIRECT] STD allocated
[C:223711 ][BCC.STAGE ]: 	|--B168 STID3 BPC 0x116ce [STD DIRECT] STD allocated
[C:223711 ][BCC.STAGE ]: 	|--B169 STID3 BPC 0x116ce [STD DIRECT] STD allocated
[C:223711 ][BCC.STAGE ]: 	|--B170 STID3 BPC 0x116ce [STD DIRECT] STD allocated
[C:223711 ][BCC.STAGE ]: 	|--B171 STID3 BPC 0x116ce [STD DIRECT] STD allocated
[C:223711 ][BCC.STAGE ]: 	|--B172 STID3 BPC 0x116ce [STD DIRECT] STD allocated
[C:223711 ][BCC.STAGE ]: 	|--B173 STID3 BPC 0x116ce [STD DIRECT] STD allocated
[C:223711 ][BCC.STAGE ]: 	|--B174 STID3 BPC 0x116ce [STD DIRECT] STD allocated
[C:223711 ][BCC.STAGE ]: 	|--B175 STID3 BPC 0x116ce [STD DIRECT] STD allocated
[C:223711 ][BCC.STAGE ]: 	|--B176 STID3 BPC 0x116ce [STD DIRECT] STD allocated
[C:223711 ][BCC.STAGE ]: 	|--B177 STID3 BPC 0x116ce [STD DIRECT] STD allocated
[C:223711 ][BCC.STAGE ]: 	|--B178 STID3 BPC 0x116ce [STD DIRECT] STD allocated
[C:223711 ][BCC.STAGE ]: 	|--B179 STID3 BPC 0x116ce [STD DIRECT] STD allocated
[C:223711 ][BCC.STAGE ]: 	|--B180 STID3 BPC 0x116ce [STD DIRECT] STD allocated
[C:223711 ][BCC.STAGE ]: 	|--B181 STID3 BPC 0x116ce [STD DIRECT] STD allocated
[C:223711 ][BCC.STAGE ]: 	|--B182 STID3 BPC 0x116ce [STD DIRECT] STD allocated
[C:223711 ][BCC.STAGE ]: 	|--B183 STID3 BPC 0x116ce [STD DIRECT] STD allocated
[C:223711 ][BCC.STAGE ]: 	|--B184 STID3 BPC 0x116ce [STD DIRECT] STD allocated
[C:223711 ][BCC.STAGE ]: 	|--B185 STID3 BPC 0x116ce [STD DIRECT] STD allocated
[C:223711 ][BCC.STAGE ]: 	|--B186 STID3 BPC 0x116ce [STD DIRECT] STD allocated
[C:223711 ][BCC.STAGE ]: 	|--B187 STID3 BPC 0x116ce [STD DIRECT] STD allocated
[C:223711 ][BCC.STAGE ]: 	|--B188 STID3 BPC 0x116ce [STD DIRECT] STD allocated
[C:223711 ][BCC.STAGE ]: 	|--B189 STID3 BPC 0x116ce [STD DIRECT] STD allocated
[C:223711 ][BCC.STAGE ]: 	|--B190 STID3 BPC 0x116ce [STD DIRECT] STD allocated
[C:223711 ][BCC.STAGE ]: 	|--B191 STID3 BPC 0x116ce [STD DIRECT] STD allocated
[C:223711 ][BCC.STAGE ]: 	|--B192 STID3 BPC 0x116ce [STD DIRECT] STD allocated
[C:223711 ][BCC.STAGE ]: 	|--B193 STID3 BPC 0x116ce [STD DIRECT] STD allocated
[C:223711 ][BCC.STAGE ]: 	|--B194 STID3 BPC 0x116ce [STD DIRECT] STD allocated
[C:223711 ][BCC.STAGE ]: 	|--B195 STID3 BPC 0x116ce [STD DIRECT] STD allocated
[C:223711 ][BCC.STAGE ]: 	|--B196 STID3 BPC 0x116ce [STD DIRECT] STD allocated
[C:223711 ][BCC.STAGE ]: 	|--B197 STID3 BPC 0x116ce [STD DIRECT] STD allocated
[C:223711 ][BCC.STAGE ]: 	|--B198 STID3 BPC 0x116ce [STD DIRECT] STD allocated
[C:223711 ][BCC.STAGE ]: 	|--B199 STID3 BPC 0x116ce [STD DIRECT] STD allocated
[C:223711 ][BCC.STAGE ]: 	|--B200 STID3 BPC 0x116ce [STD DIRECT] STD allocated
[C:223711 ][BCC.STAGE ]: 	|--B201 STID3 BPC 0x116ce [STD DIRECT] STD allocated
[C:223711 ][BCC.STAGE ]: 	|--B202 STID3 BPC 0x116ce [STD DIRECT] STD allocated
[C:223711 ][BCC.STAGE ]: 	|--B203 STID3 BPC 0x116ce [STD DIRECT] STD allocated
[C:223711 ][BCC.STAGE ]: 	|--B204 STID3 BPC 0x116ce [STD DIRECT] STD allocated
[C:223711 ][BCC.STAGE ]: 	|--B205 STID3 BPC 0x116ce [STD DIRECT] STD allocated
[C:223711 ][BCC.STAGE ]: 	|--B206 STID3 BPC 0x116ce [STD DIRECT] STD allocated
[C:223711 ][BCC.STAGE ]: 	|--B207 STID3 BPC 0x116ce [STD DIRECT] STD allocated
[C:223711 ][BCC.STAGE ]: 	|--B208 STID3 BPC 0x116ce [STD DIRECT] STD allocated
[C:223711 ][BCC.STAGE ]: 	|--B209 STID3 BPC 0x116ce [STD DIRECT] STD allocated
[C:223711 ][BCC.STAGE ]: 	|--B210 STID3 BPC 0x116ce [STD DIRECT] STD allocated
[C:223711 ][BCC.STAGE ]: 	|--B211 STID3 BPC 0x116ce [STD DIRECT] STD allocated
[C:223711 ][BCC.STAGE ]: 	|--B212 STID3 BPC 0x116ce [STD DIRECT] STD allocated
[C:223711 ][BCC.STAGE ]: 	|--B213 STID3 BPC 0x116ce [STD DIRECT] STD allocated
[C:223711 ][BCC.STAGE ]: 	|--B214 STID3 BPC 0x116ce [STD DIRECT] STD allocated
[C:223711 ][BCC.STAGE ]: 	|--B215 STID3 BPC 0x116ce [STD DIRECT] STD allocated
[C:223711 ][BCC.STAGE ]: 	|--B216 STID3 BPC 0x116ce [STD DIRECT] STD allocated
[C:223711 ][BCC.STAGE ]: 	|--B217 STID3 BPC 0x116ce [STD DIRECT] STD allocated
[C:223711 ][BCC.STAGE ]: 	|--B218 STID3 BPC 0x116ce [STD DIRECT] STD allocated
[C:223711 ][BCC.STAGE ]: 	|--B219 STID3 BPC 0x116ce [STD DIRECT] STD allocated
[C:223711 ][BCC.STAGE ]: 	|--B220 STID3 BPC 0x116ce [STD DIRECT] STD allocated
[C:223711 ][BCC.STAGE ]: 	|--B221 STID3 BPC 0x116ce [STD DIRECT] STD allocated
[C:223711 ][BCC.STAGE ]: 	|--B222 STID3 BPC 0x116ce [STD DIRECT] STD allocated
[C:223711 ][BCC.STAGE ]: 	|--B223 STID3 BPC 0x116ce [STD DIRECT] STD allocated
[C:223711 ][BCC.STAGE ]: 	|--B224 STID3 BPC 0x116ce [STD DIRECT] STD allocated
[C:223711 ][BCC.STAGE ]: 	|--B225 STID3 BPC 0x116ce [STD DIRECT] STD allocated
[C:223711 ][BCC.STAGE ]: 	|--B226 STID3 BPC 0x116ce [STD DIRECT] STD allocated
[C:223711 ][BCC.STAGE ]: 	|--B227 STID3 BPC 0x116ce [STD DIRECT] STD allocated
[C:223711 ][BCC.STAGE ]: 	|--B228 STID3 BPC 0x116ce [STD DIRECT] STD allocated
[C:223711 ][BCC.STAGE ]: 	|--B229 STID3 BPC 0x116ce [STD DIRECT] STD allocated
[C:223711 ][BCC.STAGE ]: 	|--B230 STID3 BPC 0x116ce [STD DIRECT] STD allocated
[C:223711 ][BCC.STAGE ]: 	|--B231 STID3 BPC 0x116ce [STD DIRECT] STD allocated
[C:223711 ][BCC.STAGE ]: 	|--B232 STID3 BPC 0x116ce [STD DIRECT] STD allocated
[C:223711 ][BCC.STAGE ]: 	|--B233 STID3 BPC 0x116ce [STD DIRECT] STD allocated
[C:223711 ][BCC.STAGE ]: 	|--B234 STID3 BPC 0x116ce [STD DIRECT] STD allocated
[C:223711 ][BCC.STAGE ]: 	|--B235 STID3 BPC 0x116ce [STD DIRECT] STD allocated
[C:223711 ][BCC.STAGE ]: 	|--B236 STID3 BPC 0x116ce [STD DIRECT] STD allocated
[C:223711 ][BCC.STAGE ]: 	|--B237 STID3 BPC 0x116ce [STD DIRECT] STD allocated
[C:223711 ][BCC.STAGE ]: 	|--B238 STID3 BPC 0x116ce [STD DIRECT] STD allocated
[C:223711 ][BCC.STAGE ]: 	|--B239 STID3 BPC 0x116ce [STD DIRECT] STD allocated
[C:223711 ][BCC.STAGE ]: 	|--B240 STID3 BPC 0x116ce [STD DIRECT] STD allocated
[C:223711 ][BCC.STAGE ]: 	|--B241 STID3 BPC 0x116ce [STD DIRECT] STD allocated
[C:223711 ][BCC.STAGE ]: 	|--B242 STID3 BPC 0x116ce [STD DIRECT] STD allocated
[C:223711 ][BCC.STAGE ]: 	|--B243 STID3 BPC 0x116ce [STD DIRECT] STD allocated
[C:223711 ][BCC.STAGE ]: 	|--B244 STID3 BPC 0x116ce [STD DIRECT] STD allocated
[C:223711 ][BCC.STAGE ]: 	|--B245 STID3 BPC 0x116ce [STD DIRECT] STD allocated
[C:223711 ][BCC.STAGE ]: 	|--B246 STID3 BPC 0x116ce [STD DIRECT] STD allocated
[C:223711 ][BCC.STAGE ]: 	|--B247 STID3 BPC 0x116ce [STD DIRECT] STD allocated
[C:223711 ][BCC.STAGE ]: 	|--B248 STID3 BPC 0x116ce [STD DIRECT] STD allocated
[C:223711 ][BCC.STAGE ]: 	|--B249 STID3 BPC 0x116ce [STD DIRECT] STD allocated
[C:223711 ][BCC.STAGE ]: 	|--B250 STID3 BPC 0x116ce [STD DIRECT] STD allocated
[C:223711 ][BCC.STAGE ]: 	|--B251 STID3 BPC 0x116ce [STD DIRECT] STD allocated
[C:223711 ][BCC.STAGE ]: 	|--B252 STID3 BPC 0x116ce [STD DIRECT] STD allocated
[C:223711 ][BCC.STAGE ]: 	|--B253 STID3 BPC 0x116ce [STD DIRECT] STD allocated
[C:223711 ][BCC.STAGE ]: 	|--B254 STID3 BPC 0x116ce [STD DIRECT] STD allocated
[C:223711 ][BCC.STAGE ]: 	|--B255 STID3 BPC 0x116ce [STD DIRECT] STD allocated
[C:223711 ][BCC.STAGE ]: 	|--B0 STID3 BPC 0x116ce [STD DIRECT] STD allocated
[C:223711 ][BCC.STAGE ]: 	|--B1 STID3 BPC 0x116ce [STD DIRECT] STD allocated
[C:223711 ][BCC.STAGE ]: 	|--B2 STID3 BPC 0x116ce [STD DIRECT] STD allocated
[C:223711 ][BCC.STAGE ]: 	|--B3 STID3 BPC 0x116ce [STD DIRECT] STD allocated
[C:223711 ][BCC.STAGE ]: 	|--B4 STID3 BPC 0x116ce [STD DIRECT] STD allocated
[C:223711 ][BCC.STAGE ]: 	|--B5 STID3 BPC 0x116ce [STD DIRECT] STD allocated
[C:223711 ][BCC.STAGE ]: 	|--B6 STID3 BPC 0x116ce [STD DIRECT] STD allocated
[C:223711 ][BCC.STAGE ]: 	|--B7 STID3 BPC 0x116ce [STD DIRECT] STD allocated
[C:223711 ][BCC.STAGE ]: 	|--B8 STID3 BPC 0x116ce [STD DIRECT] STD allocated
[C:223711 ][BCC.STAGE ]: 	|--B9 STID3 BPC 0x116ce [STD DIRECT] STD allocated
[C:223711 ][BCC.STAGE ]: 	|--B10 STID3 BPC 0x116ce [STD DIRECT] STD allocated
[C:223711 ][BCC.STAGE ]: 	|--B11 STID3 BPC 0x116ce [STD DIRECT] STD allocated
[C:223711 ][BCC.STAGE ]: 	|--B12 STID3 BPC 0x116ce [STD DIRECT] STD allocated
[C:223711 ][BCC.STAGE ]: 	|--B13 STID3 BPC 0x116ce [STD DIRECT] STD allocated
[C:223711 ][BCC.STAGE ]: 	|--B14 STID3 BPC 0x116ce [STD DIRECT] STD allocated
[C:223711 ][BCC.STAGE ]: 	|--B15 STID3 BPC 0x116ce [STD DIRECT] STD allocated
[C:223711 ][BCC.STAGE ]: 	|--B16 STID3 BPC 0x116ce [STD DIRECT] STD allocated<- nonFlushBid
[C:223711 ][BCC.STAGE ]: ==================================================
B42 STID3 BPC 0x116ce [STD DIRECT] STD allocated
[C:223711 ][SPE.STAGE ]: ==================================================
[C:223711 ][SPE.STAGE ]: PEID:0 tid:0, size 123 osdSize 123
[C:223711 ][SPE.STAGE ]: 	|-- BPC:0x116ce TPC:0x116d0 P0-L0-(B42-)-G0-T0-I31-ST0  TR33-UR6 sid:0 lsid:0 src0:t#2-P(31)-not_rdy,src1:t#1-P(32)-not_rdy,->dst0:t-P(33),|c.or t#2, t#1 -> t last: false in_queue top:free<- oldest
[C:223711 ][SPE.STAGE ]: 	|-- BPC:0x116ce TPC:0x116d2 P0-L0-(B42-)-G0-T0-I32-ST0  TR34-UR6 sid:0 lsid:0 src0:a5-P(16)-rdy data=0x1,src1:0,->dst0:t-P(34) data=0x0,|cmp.eqi a5, 0 -> t last: false completed top:free
[C:223711 ][SPE.STAGE ]: 	|-- BPC:0x116ce TPC:0x116d6 P0-L0-(B42-)-G0-T0-I33-ST0  TR35-UR6 sid:0 lsid:0 src0:t#2-P(33)-not_rdy,src1:t#1-P(34)-rdy,|setc.or t#2, t#1 last: false in_queue top:free
[C:223711 ][SPE.STAGE ]: 	|-- BPC:0x116ce TPC:0x116da P0-L0-(B42-)-G0-T0-I34-ST0  TR35-UR6 sid:0 lsid:0 |BSTOP last: true completed top:free<- stop of B42
[C:223711 ][SPE.STAGE ]: 	|-- BPC:0x116ce TPC:0x116ce P0-L0-(B43-)-G0-T0-I35-ST0  TR35-UR6 sid:0 lsid:0|C.BSTART.STD DIRECT, 0x116ce last: false completed top:free
[C:223711 ][SPE.STAGE ]: 	|-- BPC:0x116ce TPC:0x116d0 P0-L0-(B43-)-G0-T0-I36-ST0  TR35-UR6 sid:0 lsid:0 src0:t#2-P(33)-not_rdy,src1:t#1-P(34)-rdy,->dst0:t-P(35),|c.or t#2, t#1 -> t last: false in_queue top:free
[C:223711 ][SPE.STAGE ]: 	|-- BPC:0x116ce TPC:0x116d2 P0-L0-(B43-)-G0-T0-I37-ST0  TR36-UR6 sid:0 lsid:0 src0:a5-P(16)-rdy data=0x1,src1:0,->dst0:t-P(36) data=0x0,|cmp.eqi a5, 0 -> t last: false completed top:free
[C:223711 ][SPE.STAGE ]: 	|-- BPC:0x116ce TPC:0x116d6 P0-L0-(B43-)-G0-T0-I38-ST0  TR37-UR6 sid:0 lsid:0 src0:t#2-P(35)-not_rdy,src1:t#1-P(36)-rdy,|setc.or t#2, t#1 last: false in_queue top:free
[C:223711 ][SPE.STAGE ]: 	|-- BPC:0x116ce TPC:0x116da P0-L0-(B43-)-G0-T0-I39-ST0  TR37-UR6 sid:0 lsid:0 |BSTOP last: true completed top:free<- stop of B43
[C:223711 ][SPE.STAGE ]: 	|-- BPC:0x116ce TPC:0x116ce P0-L0-(B44-)-G0-T0-I40-ST0  TR37-UR6 sid:0 lsid:0|C.BSTART.STD DIRECT, 0x116ce last: false completed top:free
[C:223711 ][SPE.STAGE ]: 	|-- BPC:0x116ce TPC:0x116d0 P0-L0-(B44-)-G0-T0-I41-ST0  TR37-UR6 sid:0 lsid:0 src0:t#2-P(35)-not_rdy,src1:t#1-P(36)-rdy,->dst0:t-P(37),|c.or t#2, t#1 -> t last: false in_queue top:free
[C:223711 ][SPE.STAGE ]: 	|-- BPC:0x116ce TPC:0x116d2 P0-L0-(B44-)-G0-T0-I42-ST0  TR38-UR6 sid:0 lsid:0 src0:a5-P(16)-rdy data=0x1,src1:0,->dst0:t-P(38) data=0x0,|cmp.eqi a5, 0 -> t last: false completed top:free
[C:223711 ][SPE.STAGE ]: 	|-- BPC:0x116ce TPC:0x116d6 P0-L0-(B44-)-G0-T0-I43-ST0  TR39-UR6 sid:0 lsid:0 src0:t#2-P(37)-not_rdy,src1:t#1-P(38)-rdy,|setc.or t#2, t#1 last: false in_queue top:free
[C:223711 ][SPE.STAGE ]: 	|-- BPC:0x116ce TPC:0x116da P0-L0-(B44-)-G0-T0-I44-ST0  TR39-UR6 sid:0 lsid:0 |BSTOP last: true completed top:free<- stop of B44
[C:223711 ][SPE.STAGE ]: 	|-- BPC:0x116ce TPC:0x116ce P0-L0-(B45-)-G0-T0-I45-ST0  TR39-UR6 sid:0 lsid:0|C.BSTART.STD DIRECT, 0x116ce last: false completed top:free
[C:223711 ][SPE.STAGE ]: 	|-- BPC:0x116ce TPC:0x116d0 P0-L0-(B45-)-G0-T0-I46-ST0  TR39-UR6 sid:0 lsid:0 src0:t#2-P(37)-not_rdy,src1:t#1-P(38)-rdy,->dst0:t-P(39),|c.or t#2, t#1 -> t last: false in_queue top:free
[C:223711 ][SPE.STAGE ]: 	|-- BPC:0x116ce TPC:0x116d2 P0-L0-(B45-)-G0-T0-I47-ST0  TR40-UR6 sid:0 lsid:0 src0:a5-P(16)-rdy data=0x1,src1:0,->dst0:t-P(40) data=0x0,|cmp.eqi a5, 0 -> t last: false completed top:free
[C:223711 ][SPE.STAGE ]: 	|-- BPC:0x116ce TPC:0x116d6 P0-L0-(B45-)-G0-T0-I48-ST0  TR41-UR6 sid:0 lsid:0 src0:t#2-P(39)-not_rdy,src1:t#1-P(40)-rdy,|setc.or t#2, t#1 last: false in_queue top:free
[C:223711 ][SPE.STAGE ]: 	|-- BPC:0x116ce TPC:0x116da P0-L0-(B45-)-G0-T0-I49-ST0  TR41-UR6 sid:0 lsid:0 |BSTOP last: true completed top:free<- stop of B45
[C:223711 ][SPE.STAGE ]: 	|-- BPC:0x116ce TPC:0x116ce P0-L0-(B46-)-G0-T0-I50-ST0  TR41-UR6 sid:0 lsid:0|C.BSTART.STD DIRECT, 0x116ce last: false completed top:free
[C:223711 ][SPE.STAGE ]: 	|-- BPC:0x116ce TPC:0x116d0 P0-L0-(B46-)-G0-T0-I51-ST0  TR41-UR6 sid:0 lsid:0 src0:t#2-P(39)-not_rdy,src1:t#1-P(40)-rdy,->dst0:t-P(41),|c.or t#2, t#1 -> t last: false in_queue top:free
[C:223711 ][SPE.STAGE ]: 	|-- BPC:0x116ce TPC:0x116d2 P0-L0-(B46-)-G0-T0-I52-ST0  TR42-UR6 sid:0 lsid:0 src0:a5-P(16)-rdy data=0x1,src1:0,->dst0:t-P(42) data=0x0,|cmp.eqi a5, 0 -> t last: false completed top:free
[C:223711 ][SPE.STAGE ]: 	|-- BPC:0x116ce TPC:0x116d6 P0-L0-(B46-)-G0-T0-I53-ST0  TR43-UR6 sid:0 lsid:0 src0:t#2-P(41)-not_rdy,src1:t#1-P(42)-rdy,|setc.or t#2, t#1 last: false in_queue top:free
[C:223711 ][SPE.STAGE ]: 	|-- BPC:0x116ce TPC:0x116da P0-L0-(B46-)-G0-T0-I54-ST0  TR43-UR6 sid:0 lsid:0 |BSTOP last: true completed top:free<- stop of B46
[C:223711 ][SPE.STAGE ]: 	|-- BPC:0x116ce TPC:0x116ce P0-L0-(B47-)-G0-T0-I55-ST0  TR43-UR6 sid:0 lsid:0|C.BSTART.STD DIRECT, 0x116ce last: false completed top:free
[C:223711 ][SPE.STAGE ]: 	|-- BPC:0x116ce TPC:0x116d0 P0-L0-(B47-)-G0-T0-I56-ST0  TR43-UR6 sid:0 lsid:0 src0:t#2-P(41)-not_rdy,src1:t#1-P(42)-rdy,->dst0:t-P(43),|c.or t#2, t#1 -> t last: false in_queue top:free
[C:223711 ][SPE.STAGE ]: 	|-- BPC:0x116ce TPC:0x116d2 P0-L0-(B47-)-G0-T0-I57-ST0  TR44-UR6 sid:0 lsid:0 src0:a5-P(16)-rdy data=0x1,src1:0,->dst0:t-P(44) data=0x0,|cmp.eqi a5, 0 -> t last: false completed top:free
[C:223711 ][SPE.STAGE ]: 	|-- BPC:0x116ce TPC:0x116d6 P0-L0-(B47-)-G0-T0-I58-ST0  TR45-UR6 sid:0 lsid:0 src0:t#2-P(43)-not_rdy,src1:t#1-P(44)-rdy,|setc.or t#2, t#1 last: false in_queue top:free
[C:223711 ][SPE.STAGE ]: 	|-- BPC:0x116ce TPC:0x116da P0-L0-(B47-)-G0-T0-I59-ST0  TR45-UR6 sid:0 lsid:0 |BSTOP last: true completed top:free<- stop of B47
[C:223711 ][SPE.STAGE ]: 	|-- BPC:0x116ce TPC:0x116ce P0-L0-(B48-)-G0-T0-I60-ST0  TR45-UR6 sid:0 lsid:0|C.BSTART.STD DIRECT, 0x116ce last: false completed top:free
[C:223711 ][SPE.STAGE ]: 	|-- BPC:0x116ce TPC:0x116d0 P0-L0-(B48-)-G0-T0-I61-ST0  TR45-UR6 sid:0 lsid:0 src0:t#2-P(43)-not_rdy,src1:t#1-P(44)-rdy,->dst0:t-P(45),|c.or t#2, t#1 -> t last: false in_queue top:free
[C:223711 ][SPE.STAGE ]: 	|-- BPC:0x116ce TPC:0x116d2 P0-L0-(B48-)-G0-T0-I62-ST0  TR46-UR6 sid:0 lsid:0 src0:a5-P(16)-rdy data=0x1,src1:0,->dst0:t-P(46) data=0x0,|cmp.eqi a5, 0 -> t last: false completed top:free
[C:223711 ][SPE.STAGE ]: 	|-- BPC:0x116ce TPC:0x116d6 P0-L0-(B48-)-G0-T0-I63-ST0  TR47-UR6 sid:0 lsid:0 src0:t#2-P(45)-not_rdy,src1:t#1-P(46)-rdy,|setc.or t#2, t#1 last: false in_queue top:free
[C:223711 ][SPE.STAGE ]: 	|-- BPC:0x116ce TPC:0x116da P0-L0-(B48-)-G0-T0-I64-ST0  TR47-UR6 sid:0 lsid:0 |BSTOP last: true completed top:free<- stop of B48
[C:223711 ][SPE.STAGE ]: 	|-- BPC:0x116ce TPC:0x116ce P0-L0-(B49-)-G0-T0-I65-ST0  TR47-UR6 sid:0 lsid:0|C.BSTART.STD DIRECT, 0x116ce last: false completed top:free
[C:223711 ][SPE.STAGE ]: 	|-- BPC:0x116ce TPC:0x116d0 P0-L0-(B49-)-G0-T0-I66-ST0  TR47-UR6 sid:0 lsid:0 src0:t#2-P(45)-not_rdy,src1:t#1-P(46)-rdy,->dst0:t-P(47),|c.or t#2, t#1 -> t last: false in_queue top:free
[C:223711 ][SPE.STAGE ]: 	|-- BPC:0x116ce TPC:0x116d2 P0-L0-(B49-)-G0-T0-I67-ST0  TR48-UR6 sid:0 lsid:0 src0:a5-P(16)-rdy data=0x1,src1:0,->dst0:t-P(48) data=0x0,|cmp.eqi a5, 0 -> t last: false completed top:free
[C:223711 ][SPE.STAGE ]: 	|-- BPC:0x116ce TPC:0x116d6 P0-L0-(B49-)-G0-T0-I68-ST0  TR49-UR6 sid:0 lsid:0 src0:t#2-P(47)-not_rdy,src1:t#1-P(48)-rdy,|setc.or t#2, t#1 last: false in_queue top:free
[C:223711 ][SPE.STAGE ]: 	|-- BPC:0x116ce TPC:0x116da P0-L0-(B49-)-G0-T0-I69-ST0  TR49-UR6 sid:0 lsid:0 |BSTOP last: true completed top:free<- stop of B49
[C:223711 ][SPE.STAGE ]: 	|-- BPC:0x116ce TPC:0x116ce P0-L0-(B50-)-G0-T0-I70-ST0  TR49-UR6 sid:0 lsid:0|C.BSTART.STD DIRECT, 0x116ce last: false completed top:free
[C:223711 ][SPE.STAGE ]: 	|-- BPC:0x116ce TPC:0x116d0 P0-L0-(B50-)-G0-T0-I71-ST0  TR49-UR6 sid:0 lsid:0 src0:t#2-P(47)-not_rdy,src1:t#1-P(48)-rdy,->dst0:t-P(49),|c.or t#2, t#1 -> t last: false in_queue top:free
[C:223711 ][SPE.STAGE ]: 	|-- BPC:0x116ce TPC:0x116d2 P0-L0-(B50-)-G0-T0-I72-ST0  TR50-UR6 sid:0 lsid:0 src0:a5-P(16)-rdy data=0x1,src1:0,->dst0:t-P(50) data=0x0,|cmp.eqi a5, 0 -> t last: false completed top:free
[C:223711 ][SPE.STAGE ]: 	|-- BPC:0x116ce TPC:0x116d6 P0-L0-(B50-)-G0-T0-I73-ST0  TR51-UR6 sid:0 lsid:0 src0:t#2-P(49)-not_rdy,src1:t#1-P(50)-rdy,|setc.or t#2, t#1 last: false in_queue top:free
[C:223711 ][SPE.STAGE ]: 	|-- BPC:0x116ce TPC:0x116da P0-L0-(B50-)-G0-T0-I74-ST0  TR51-UR6 sid:0 lsid:0 |BSTOP last: true completed top:free<- stop of B50
[C:223711 ][SPE.STAGE ]: 	|-- BPC:0x116ce TPC:0x116ce P0-L0-(B51-)-G0-T0-I75-ST0  TR51-UR6 sid:0 lsid:0|C.BSTART.STD DIRECT, 0x116ce last: false completed top:free
[C:223711 ][SPE.STAGE ]: 	|-- BPC:0x116ce TPC:0x116d0 P0-L0-(B51-)-G0-T0-I76-ST0  TR51-UR6 sid:0 lsid:0 src0:t#2-P(49)-not_rdy,src1:t#1-P(50)-rdy,->dst0:t-P(51),|c.or t#2, t#1 -> t last: false in_queue top:free
[C:223711 ][SPE.STAGE ]: 	|-- BPC:0x116ce TPC:0x116d2 P0-L0-(B51-)-G0-T0-I77-ST0  TR52-UR6 sid:0 lsid:0 src0:a5-P(16)-rdy data=0x1,src1:0,->dst0:t-P(52) data=0x0,|cmp.eqi a5, 0 -> t last: false completed top:free
[C:223711 ][SPE.STAGE ]: 	|-- BPC:0x116ce TPC:0x116d6 P0-L0-(B51-)-G0-T0-I78-ST0  TR53-UR6 sid:0 lsid:0 src0:t#2-P(51)-not_rdy,src1:t#1-P(52)-rdy,|setc.or t#2, t#1 last: false in_queue top:free
[C:223711 ][SPE.STAGE ]: 	|-- BPC:0x116ce TPC:0x116da P0-L0-(B51-)-G0-T0-I79-ST0  TR53-UR6 sid:0 lsid:0 |BSTOP last: true completed top:free<- stop of B51
[C:223711 ][SPE.STAGE ]: 	|-- BPC:0x116ce TPC:0x116ce P0-L0-(B52-)-G0-T0-I80-ST0  TR53-UR6 sid:0 lsid:0|C.BSTART.STD DIRECT, 0x116ce last: false completed top:free
[C:223711 ][SPE.STAGE ]: 	|-- BPC:0x116ce TPC:0x116d0 P0-L0-(B52-)-G0-T0-I81-ST0  TR53-UR6 sid:0 lsid:0 src0:t#2-P(51)-not_rdy,src1:t#1-P(52)-rdy,->dst0:t-P(53),|c.or t#2, t#1 -> t last: false in_queue top:free
[C:223711 ][SPE.STAGE ]: 	|-- BPC:0x116ce TPC:0x116d2 P0-L0-(B52-)-G0-T0-I82-ST0  TR54-UR6 sid:0 lsid:0 src0:a5-P(16)-rdy data=0x1,src1:0,->dst0:t-P(54) data=0x0,|cmp.eqi a5, 0 -> t last: false completed top:free
[C:223711 ][SPE.STAGE ]: 	|-- BPC:0x116ce TPC:0x116d6 P0-L0-(B52-)-G0-T0-I83-ST0  TR55-UR6 sid:0 lsid:0 src0:t#2-P(53)-not_rdy,src1:t#1-P(54)-rdy,|setc.or t#2, t#1 last: false in_queue top:free
[C:223711 ][SPE.STAGE ]: 	|-- BPC:0x116ce TPC:0x116da P0-L0-(B52-)-G0-T0-I84-ST0  TR55-UR6 sid:0 lsid:0 |BSTOP last: true completed top:free<- stop of B52
[C:223711 ][SPE.STAGE ]: 	|-- BPC:0x116ce TPC:0x116ce P0-L0-(B53-)-G0-T0-I85-ST0  TR55-UR6 sid:0 lsid:0|C.BSTART.STD DIRECT, 0x116ce last: false completed top:free
[C:223711 ][SPE.STAGE ]: 	|-- BPC:0x116ce TPC:0x116d0 P0-L0-(B53-)-G0-T0-I86-ST0  TR55-UR6 sid:0 lsid:0 src0:t#2-P(53)-not_rdy,src1:t#1-P(54)-rdy,->dst0:t-P(55),|c.or t#2, t#1 -> t last: false in_queue top:free
[C:223711 ][SPE.STAGE ]: 	|-- BPC:0x116ce TPC:0x116d2 P0-L0-(B53-)-G0-T0-I87-ST0  TR56-UR6 sid:0 lsid:0 src0:a5-P(16)-rdy data=0x1,src1:0,->dst0:t-P(56) data=0x0,|cmp.eqi a5, 0 -> t last: false completed top:free
[C:223711 ][SPE.STAGE ]: 	|-- BPC:0x116ce TPC:0x116d6 P0-L0-(B53-)-G0-T0-I88-ST0  TR57-UR6 sid:0 lsid:0 src0:t#2-P(55)-not_rdy,src1:t#1-P(56)-rdy,|setc.or t#2, t#1 last: false in_queue top:free
[C:223711 ][SPE.STAGE ]: 	|-- BPC:0x116ce TPC:0x116da P0-L0-(B53-)-G0-T0-I89-ST0  TR57-UR6 sid:0 lsid:0 |BSTOP last: true completed top:free<- stop of B53
[C:223711 ][SPE.STAGE ]: 	|-- BPC:0x116ce TPC:0x116ce P0-L0-(B54-)-G0-T0-I90-ST0  TR57-UR6 sid:0 lsid:0|C.BSTART.STD DIRECT, 0x116ce last: false completed top:free
[C:223711 ][SPE.STAGE ]: 	|-- BPC:0x116ce TPC:0x116d0 P0-L0-(B54-)-G0-T0-I91-ST0  TR57-UR6 sid:0 lsid:0 src0:t#2-P(55)-not_rdy,src1:t#1-P(56)-rdy,->dst0:t-P(57),|c.or t#2, t#1 -> t last: false in_queue top:free
[C:223711 ][SPE.STAGE ]: 	|-- BPC:0x116ce TPC:0x116d2 P0-L0-(B54-)-G0-T0-I92-ST0  TR58-UR6 sid:0 lsid:0 src0:a5-P(16)-rdy data=0x1,src1:0,->dst0:t-P(58) data=0x0,|cmp.eqi a5, 0 -> t last: false completed top:free
[C:223711 ][SPE.STAGE ]: 	|-- BPC:0x116ce TPC:0x116d6 P0-L0-(B54-)-G0-T0-I93-ST0  TR59-UR6 sid:0 lsid:0 src0:t#2-P(57)-not_rdy,src1:t#1-P(58)-rdy,|setc.or t#2, t#1 last: false in_queue top:free
[C:223711 ][SPE.STAGE ]: 	|-- BPC:0x116ce TPC:0x116da P0-L0-(B54-)-G0-T0-I94-ST0  TR59-UR6 sid:0 lsid:0 |BSTOP last: true completed top:free<- stop of B54
[C:223711 ][SPE.STAGE ]: 	|-- BPC:0x116ce TPC:0x116ce P0-L0-(B55-)-G0-T0-I95-ST0  TR59-UR6 sid:0 lsid:0|C.BSTART.STD DIRECT, 0x116ce last: false completed top:free
[C:223711 ][SPE.STAGE ]: 	|-- BPC:0x116ce TPC:0x116d0 P0-L0-(B55-)-G0-T0-I96-ST0  TR59-UR6 sid:0 lsid:0 src0:t#2-P(57)-not_rdy,src1:t#1-P(58)-rdy,->dst0:t-P(59),|c.or t#2, t#1 -> t last: false in_queue top:free
[C:223711 ][SPE.STAGE ]: 	|-- BPC:0x116ce TPC:0x116d2 P0-L0-(B55-)-G0-T0-I97-ST0  TR60-UR6 sid:0 lsid:0 src0:a5-P(16)-rdy data=0x1,src1:0,->dst0:t-P(60) data=0x0,|cmp.eqi a5, 0 -> t last: false completed top:free
[C:223711 ][SPE.STAGE ]: 	|-- BPC:0x116ce TPC:0x116d6 P0-L0-(B55-)-G0-T0-I98-ST0  TR61-UR6 sid:0 lsid:0 src0:t#2-P(59)-not_rdy,src1:t#1-P(60)-rdy,|setc.or t#2, t#1 last: false in_queue top:free
[C:223711 ][SPE.STAGE ]: 	|-- BPC:0x116ce TPC:0x116da P0-L0-(B55-)-G0-T0-I99-ST0  TR61-UR6 sid:0 lsid:0 |BSTOP last: true completed top:free<- stop of B55
[C:223711 ][SPE.STAGE ]: 	|-- BPC:0x116ce TPC:0x116ce P0-L0-(B56-)-G0-T0-I100-ST0  TR61-UR6 sid:0 lsid:0|C.BSTART.STD DIRECT, 0x116ce last: false completed top:free
[C:223711 ][SPE.STAGE ]: 	|-- BPC:0x116ce TPC:0x116d0 P0-L0-(B56-)-G0-T0-I101-ST0  TR61-UR6 sid:0 lsid:0 src0:t#2-P(59)-not_rdy,src1:t#1-P(60)-rdy,->dst0:t-P(61),|c.or t#2, t#1 -> t last: false in_queue top:free
[C:223711 ][SPE.STAGE ]: 	|-- BPC:0x116ce TPC:0x116d2 P0-L0-(B56-)-G0-T0-I102-ST0  TR62-UR6 sid:0 lsid:0 src0:a5-P(16)-rdy data=0x1,src1:0,->dst0:t-P(62) data=0x0,|cmp.eqi a5, 0 -> t last: false completed top:free
[C:223711 ][SPE.STAGE ]: 	|-- BPC:0x116ce TPC:0x116d6 P0-L0-(B56-)-G0-T0-I103-ST0  TR63-UR6 sid:0 lsid:0 src0:t#2-P(61)-not_rdy,src1:t#1-P(62)-rdy,|setc.or t#2, t#1 last: false in_queue top:free
[C:223711 ][SPE.STAGE ]: 	|-- BPC:0x116ce TPC:0x116da P0-L0-(B56-)-G0-T0-I104-ST0  TR63-UR6 sid:0 lsid:0 |BSTOP last: true completed top:free<- stop of B56
[C:223711 ][SPE.STAGE ]: 	|-- BPC:0x116ce TPC:0x116ce P0-L0-(B57-)-G0-T0-I105-ST0  TR63-UR6 sid:0 lsid:0|C.BSTART.STD DIRECT, 0x116ce last: false completed top:free
[C:223711 ][SPE.STAGE ]: 	|-- BPC:0x116ce TPC:0x116d0 P0-L0-(B57-)-G0-T0-I106-ST0  TR63-UR6 sid:0 lsid:0 src0:t#2-P(61)-not_rdy,src1:t#1-P(62)-rdy,->dst0:t-P(63),|c.or t#2, t#1 -> t last: false in_queue top:free
[C:223711 ][SPE.STAGE ]: 	|-- BPC:0x116ce TPC:0x116d2 P0-L0-(B57-)-G0-T0-I107-ST0  TR64-UR6 sid:0 lsid:0 src0:a5-P(16)-rdy data=0x1,src1:0,->dst0:t-P(64) data=0x0,|cmp.eqi a5, 0 -> t last: false completed top:free
[C:223711 ][SPE.STAGE ]: 	|-- BPC:0x116ce TPC:0x116d6 P0-L0-(B57-)-G0-T0-I108-ST0  TR65-UR6 sid:0 lsid:0 src0:t#2-P(63)-not_rdy,src1:t#1-P(64)-rdy,|setc.or t#2, t#1 last: false in_queue top:free
[C:223711 ][SPE.STAGE ]: 	|-- BPC:0x116ce TPC:0x116da P0-L0-(B57-)-G0-T0-I109-ST0  TR65-UR6 sid:0 lsid:0 |BSTOP last: true completed top:free<- stop of B57
[C:223711 ][SPE.STAGE ]: 	|-- BPC:0x116ce TPC:0x116ce P0-L0-(B58-)-G0-T0-I110-ST0  TR65-UR6 sid:0 lsid:0|C.BSTART.STD DIRECT, 0x116ce last: false completed top:free
[C:223711 ][SPE.STAGE ]: 	|-- BPC:0x116ce TPC:0x116d0 P0-L0-(B58-)-G0-T0-I111-ST0  TR65-UR6 sid:0 lsid:0 src0:t#2-P(63)-not_rdy,src1:t#1-P(64)-rdy,->dst0:t-P(65),|c.or t#2, t#1 -> t last: false in_queue top:free
[C:223711 ][SPE.STAGE ]: 	|-- BPC:0x116ce TPC:0x116d2 P0-L0-(B58-)-G0-T0-I112-ST0  TR66-UR6 sid:0 lsid:0 src0:a5-P(16)-rdy data=0x1,src1:0,->dst0:t-P(66) data=0x0,|cmp.eqi a5, 0 -> t last: false completed top:free
[C:223711 ][SPE.STAGE ]: 	|-- BPC:0x116ce TPC:0x116d6 P0-L0-(B58-)-G0-T0-I113-ST0  TR67-UR6 sid:0 lsid:0 src0:t#2-P(65)-not_rdy,src1:t#1-P(66)-rdy,|setc.or t#2, t#1 last: false in_queue top:free
[C:223711 ][SPE.STAGE ]: 	|-- BPC:0x116ce TPC:0x116da P0-L0-(B58-)-G0-T0-I114-ST0  TR67-UR6 sid:0 lsid:0 |BSTOP last: true completed top:free<- stop of B58
[C:223711 ][SPE.STAGE ]: 	|-- BPC:0x116ce TPC:0x116ce P0-L0-(B59-)-G0-T0-I115-ST0  TR67-UR6 sid:0 lsid:0|C.BSTART.STD DIRECT, 0x116ce last: false completed top:free
[C:223711 ][SPE.STAGE ]: 	|-- BPC:0x116ce TPC:0x116d0 P0-L0-(B59-)-G0-T0-I116-ST0  TR67-UR6 sid:0 lsid:0 src0:t#2-P(65)-not_rdy,src1:t#1-P(66)-rdy,->dst0:t-P(67),|c.or t#2, t#1 -> t last: false in_queue top:free
[C:223711 ][SPE.STAGE ]: 	|-- BPC:0x116ce TPC:0x116d2 P0-L0-(B59-)-G0-T0-I117-ST0  TR68-UR6 sid:0 lsid:0 src0:a5-P(16)-rdy data=0x1,src1:0,->dst0:t-P(68) data=0x0,|cmp.eqi a5, 0 -> t last: false completed top:free
[C:223711 ][SPE.STAGE ]: 	|-- BPC:0x116ce TPC:0x116d6 P0-L0-(B59-)-G0-T0-I118-ST0  TR69-UR6 sid:0 lsid:0 src0:t#2-P(67)-not_rdy,src1:t#1-P(68)-rdy,|setc.or t#2, t#1 last: false in_queue top:free
[C:223711 ][SPE.STAGE ]: 	|-- BPC:0x116ce TPC:0x116da P0-L0-(B59-)-G0-T0-I119-ST0  TR69-UR6 sid:0 lsid:0 |BSTOP last: true completed top:free<- stop of B59
[C:223711 ][SPE.STAGE ]: 	|-- BPC:0x116ce TPC:0x116ce P0-L0-(B60-)-G0-T0-I120-ST0  TR69-UR6 sid:0 lsid:0|C.BSTART.STD DIRECT, 0x116ce last: false completed top:free
[C:223711 ][SPE.STAGE ]: 	|-- BPC:0x116ce TPC:0x116d0 P0-L0-(B60-)-G0-T0-I121-ST0  TR69-UR6 sid:0 lsid:0 src0:t#2-P(67)-not_rdy,src1:t#1-P(68)-rdy,->dst0:t-P(69),|c.or t#2, t#1 -> t last: false in_queue top:free
[C:223711 ][SPE.STAGE ]: 	|-- BPC:0x116ce TPC:0x116d2 P0-L0-(B60-)-G0-T0-I122-ST0  TR70-UR6 sid:0 lsid:0 src0:a5-P(16)-rdy data=0x1,src1:0,->dst0:t-P(70) data=0x0,|cmp.eqi a5, 0 -> t last: false completed top:free
[C:223711 ][SPE.STAGE ]: 	|-- BPC:0x116ce TPC:0x116d6 P0-L0-(B60-)-G0-T0-I123-ST0  TR71-UR6 sid:0 lsid:0 src0:t#2-P(69)-not_rdy,src1:t#1-P(70)-rdy,|setc.or t#2, t#1 last: false in_queue top:free
[C:223711 ][SPE.STAGE ]: 	|-- BPC:0x116ce TPC:0x116da P0-L0-(B60-)-G0-T0-I124-ST0  TR71-UR6 sid:0 lsid:0 |BSTOP last: true completed top:free<- stop of B60
[C:223711 ][SPE.STAGE ]: 	|-- BPC:0x116ce TPC:0x116ce P0-L0-(B61-)-G0-T0-I125-ST0  TR71-UR6 sid:0 lsid:0|C.BSTART.STD DIRECT, 0x116ce last: false completed top:free
[C:223711 ][SPE.STAGE ]: 	|-- BPC:0x116ce TPC:0x116d0 P0-L0-(B61-)-G0-T0-I126-ST0  TR71-UR6 sid:0 lsid:0 src0:t#2-P(69)-not_rdy,src1:t#1-P(70)-rdy,->dst0:t-P(71),|c.or t#2, t#1 -> t last: false in_queue top:free
[C:223711 ][SPE.STAGE ]: 	|-- BPC:0x116ce TPC:0x116d2 P0-L0-(B61-)-G0-T0-I127-ST0  TR72-UR6 sid:0 lsid:0 src0:a5-P(16)-rdy data=0x1,src1:0,->dst0:t-P(72) data=0x0,|cmp.eqi a5, 0 -> t last: false completed top:free
[C:223711 ][SPE.STAGE ]: 	|-- BPC:0x116ce TPC:0x116d6 P0-L0-(B61-)-G0-T0-I0-ST0  TR73-UR6 sid:0 lsid:0 src0:t#2-P(71)-not_rdy,src1:t#1-P(72)-rdy,|setc.or t#2, t#1 last: false in_queue top:free
[C:223711 ][SPE.STAGE ]: 	|-- BPC:0x116ce TPC:0x116da P0-L0-(B61-)-G0-T0-I1-ST0  TR73-UR6 sid:0 lsid:0 |BSTOP last: true completed top:free<- stop of B61
[C:223711 ][SPE.STAGE ]: 	|-- BPC:0x116ce TPC:0x116ce P0-L0-(B62-)-G0-T0-I2-ST0  TR73-UR6 sid:0 lsid:0|C.BSTART.STD DIRECT, 0x116ce last: false completed top:free
[C:223711 ][SPE.STAGE ]: 	|-- BPC:0x116ce TPC:0x116d0 P0-L0-(B62-)-G0-T0-I3-ST0  TR73-UR6 sid:0 lsid:0 src0:t#2-P(71)-not_rdy,src1:t#1-P(72)-rdy,->dst0:t-P(73),|c.or t#2, t#1 -> t last: false in_queue top:free
[C:223711 ][SPE.STAGE ]: 	|-- BPC:0x116ce TPC:0x116d2 P0-L0-(B62-)-G0-T0-I4-ST0  TR74-UR6 sid:0 lsid:0 src0:a5-P(16)-rdy data=0x1,src1:0,->dst0:t-P(74) data=0x0,|cmp.eqi a5, 0 -> t last: false completed top:free
[C:223711 ][SPE.STAGE ]: 	|-- BPC:0x116ce TPC:0x116d6 P0-L0-(B62-)-G0-T0-I5-ST0  TR75-UR6 sid:0 lsid:0 src0:t#2-P(73)-not_rdy,src1:t#1-P(74)-rdy,|setc.or t#2, t#1 last: false in_queue top:free
[C:223711 ][SPE.STAGE ]: 	|-- BPC:0x116ce TPC:0x116da P0-L0-(B62-)-G0-T0-I6-ST0  TR75-UR6 sid:0 lsid:0 |BSTOP last: true completed top:free<- stop of B62
[C:223711 ][SPE.STAGE ]: 	|-- BPC:0x116ce TPC:0x116ce P0-L0-(B63-)-G0-T0-I7-ST0  TR75-UR6 sid:0 lsid:0|C.BSTART.STD DIRECT, 0x116ce last: false completed top:free
[C:223711 ][SPE.STAGE ]: 	|-- BPC:0x116ce TPC:0x116d0 P0-L0-(B63-)-G0-T0-I8-ST0  TR75-UR6 sid:0 lsid:0 src0:t#2-P(73)-not_rdy,src1:t#1-P(74)-rdy,->dst0:t-P(75),|c.or t#2, t#1 -> t last: false in_queue top:free
[C:223711 ][SPE.STAGE ]: 	|-- BPC:0x116ce TPC:0x116d2 P0-L0-(B63-)-G0-T0-I9-ST0  TR76-UR6 sid:0 lsid:0 src0:a5-P(16)-rdy data=0x1,src1:0,->dst0:t-P(76) data=0x0,|cmp.eqi a5, 0 -> t last: false completed top:free
[C:223711 ][SPE.STAGE ]: 	|-- BPC:0x116ce TPC:0x116d6 P0-L0-(B63-)-G0-T0-I10-ST0  TR77-UR6 sid:0 lsid:0 src0:t#2-P(75)-not_rdy,src1:t#1-P(76)-rdy,|setc.or t#2, t#1 last: false in_queue top:free
[C:223711 ][SPE.STAGE ]: 	|-- BPC:0x116ce TPC:0x116da P0-L0-(B63-)-G0-T0-I11-ST0  TR77-UR6 sid:0 lsid:0 |BSTOP last: true completed top:free<- stop of B63
[C:223711 ][SPE.STAGE ]: 	|-- BPC:0x116ce TPC:0x116ce P0-L0-(B64-)-G0-T0-I12-ST0  TR77-UR6 sid:0 lsid:0|C.BSTART.STD DIRECT, 0x116ce last: false completed top:free
[C:223711 ][SPE.STAGE ]: 	|-- BPC:0x116ce TPC:0x116d0 P0-L0-(B64-)-G0-T0-I13-ST0  TR77-UR6 sid:0 lsid:0 src0:t#2-P(75)-not_rdy,src1:t#1-P(76)-rdy,->dst0:t-P(77),|c.or t#2, t#1 -> t last: false in_queue top:free
[C:223711 ][SPE.STAGE ]: 	|-- BPC:0x116ce TPC:0x116d2 P0-L0-(B64-)-G0-T0-I14-ST0  TR78-UR6 sid:0 lsid:0 src0:a5-P(16)-rdy data=0x1,src1:0,->dst0:t-P(78) data=0x0,|cmp.eqi a5, 0 -> t last: false completed top:free
[C:223711 ][SPE.STAGE ]: 	|-- BPC:0x116ce TPC:0x116d6 P0-L0-(B64-)-G0-T0-I15-ST0  TR79-UR6 sid:0 lsid:0 src0:t#2-P(77)-not_rdy,src1:t#1-P(78)-rdy,|setc.or t#2, t#1 last: false in_queue top:free
[C:223711 ][SPE.STAGE ]: 	|-- BPC:0x116ce TPC:0x116da P0-L0-(B64-)-G0-T0-I16-ST0  TR79-UR6 sid:0 lsid:0 |BSTOP last: true completed top:free<- stop of B64
[C:223711 ][SPE.STAGE ]: 	|-- BPC:0x116ce TPC:0x116ce P0-L0-(B65-)-G0-T0-I17-ST0  TR79-UR6 sid:0 lsid:0|C.BSTART.STD DIRECT, 0x116ce last: false completed top:free
[C:223711 ][SPE.STAGE ]: 	|-- BPC:0x116ce TPC:0x116d0 P0-L0-(B65-)-G0-T0-I18-ST0  TR79-UR6 sid:0 lsid:0 src0:t#2-P(77)-not_rdy,src1:t#1-P(78)-rdy,->dst0:t-P(79),|c.or t#2, t#1 -> t last: false in_queue top:free
[C:223711 ][SPE.STAGE ]: 	|-- BPC:0x116ce TPC:0x116d2 P0-L0-(B65-)-G0-T0-I19-ST0  TR80-UR6 sid:0 lsid:0 src0:a5-P(16)-rdy data=0x1,src1:0,->dst0:t-P(80) data=0x0,|cmp.eqi a5, 0 -> t last: false completed top:free
[C:223711 ][SPE.STAGE ]: 	|-- BPC:0x116ce TPC:0x116d6 P0-L0-(B65-)-G0-T0-I20-ST0  TR81-UR6 sid:0 lsid:0 src0:t#2-P(79)-not_rdy,src1:t#1-P(80)-rdy,|setc.or t#2, t#1 last: false in_queue top:free
[C:223711 ][SPE.STAGE ]: 	|-- BPC:0x116ce TPC:0x116da P0-L0-(B65-)-G0-T0-I21-ST0  TR81-UR6 sid:0 lsid:0 |BSTOP last: true completed top:free<- stop of B65
[C:223711 ][SPE.STAGE ]: 	|-- BPC:0x116ce TPC:0x116ce P0-L0-(B66-)-G0-T0-I22-ST0  TR81-UR6 sid:0 lsid:0|C.BSTART.STD DIRECT, 0x116ce last: false completed top:free
[C:223711 ][SPE.STAGE ]: 	|-- BPC:0x116ce TPC:0x116d0 P0-L0-(B66-)-G0-T0-I23-ST0  TR81-UR6 sid:0 lsid:0 src0:t#2-P(79)-not_rdy,src1:t#1-P(80)-rdy,->dst0:t-P(81),|c.or t#2, t#1 -> t last: false in_queue top:free
[C:223711 ][SPE.STAGE ]: 	|-- BPC:0x116ce TPC:0x116d2 P0-L0-(B66-)-G0-T0-I24-ST0  TR82-UR6 sid:0 lsid:0 src0:a5-P(16)-rdy data=0x1,src1:0,->dst0:t-P(82) data=0x0,|cmp.eqi a5, 0 -> t last: false completed top:free
[C:223711 ][SPE.STAGE ]: 	|-- BPC:0x116ce TPC:0x116d6 P0-L0-(B66-)-G0-T0-I25-ST0  TR83-UR6 sid:0 lsid:0 src0:t#2-P(81)-not_rdy,src1:t#1-P(82)-rdy,|setc.or t#2, t#1 last: false in_queue top:free
[C:223711 ][SPE.STAGE ]: ==================================================
[C:223711 ][SPE.STAGE ]: ==================================================
[C:223711 ][SPE.STAGE ]: PEID:0 tid:1, size 123 osdSize 123
[C:223711 ][SPE.STAGE ]: 	|-- BPC:0x116ce TPC:0x116d0 P0-L0-(B42-)-G0-T0-I31-ST1  TR33-UR6 sid:0 lsid:0 src0:t#2-P(31)-not_rdy,src1:t#1-P(32)-not_rdy,->dst0:t-P(33),|c.or t#2, t#1 -> t last: false in_queue top:free<- oldest
[C:223711 ][SPE.STAGE ]: 	|-- BPC:0x116ce TPC:0x116d2 P0-L0-(B42-)-G0-T0-I32-ST1  TR34-UR6 sid:0 lsid:0 src0:a5-P(144)-rdy data=0x1,src1:0,->dst0:t-P(34) data=0x0,|cmp.eqi a5, 0 -> t last: false completed top:free
[C:223711 ][SPE.STAGE ]: 	|-- BPC:0x116ce TPC:0x116d6 P0-L0-(B42-)-G0-T0-I33-ST1  TR35-UR6 sid:0 lsid:0 src0:t#2-P(33)-not_rdy,src1:t#1-P(34)-rdy,|setc.or t#2, t#1 last: false in_queue top:free
[C:223711 ][SPE.STAGE ]: 	|-- BPC:0x116ce TPC:0x116da P0-L0-(B42-)-G0-T0-I34-ST1  TR35-UR6 sid:0 lsid:0 |BSTOP last: true completed top:free<- stop of B42
[C:223711 ][SPE.STAGE ]: 	|-- BPC:0x116ce TPC:0x116ce P0-L0-(B43-)-G0-T0-I35-ST1  TR35-UR6 sid:0 lsid:0|C.BSTART.STD DIRECT, 0x116ce last: false completed top:free
[C:223711 ][SPE.STAGE ]: 	|-- BPC:0x116ce TPC:0x116d0 P0-L0-(B43-)-G0-T0-I36-ST1  TR35-UR6 sid:0 lsid:0 src0:t#2-P(33)-not_rdy,src1:t#1-P(34)-rdy,->dst0:t-P(35),|c.or t#2, t#1 -> t last: false in_queue top:free
[C:223711 ][SPE.STAGE ]: 	|-- BPC:0x116ce TPC:0x116d2 P0-L0-(B43-)-G0-T0-I37-ST1  TR36-UR6 sid:0 lsid:0 src0:a5-P(144)-rdy data=0x1,src1:0,->dst0:t-P(36) data=0x0,|cmp.eqi a5, 0 -> t last: false completed top:free
[C:223711 ][SPE.STAGE ]: 	|-- BPC:0x116ce TPC:0x116d6 P0-L0-(B43-)-G0-T0-I38-ST1  TR37-UR6 sid:0 lsid:0 src0:t#2-P(35)-not_rdy,src1:t#1-P(36)-rdy,|setc.or t#2, t#1 last: false in_queue top:free
[C:223711 ][SPE.STAGE ]: 	|-- BPC:0x116ce TPC:0x116da P0-L0-(B43-)-G0-T0-I39-ST1  TR37-UR6 sid:0 lsid:0 |BSTOP last: true completed top:free<- stop of B43
[C:223711 ][SPE.STAGE ]: 	|-- BPC:0x116ce TPC:0x116ce P0-L0-(B44-)-G0-T0-I40-ST1  TR37-UR6 sid:0 lsid:0|C.BSTART.STD DIRECT, 0x116ce last: false completed top:free
[C:223711 ][SPE.STAGE ]: 	|-- BPC:0x116ce TPC:0x116d0 P0-L0-(B44-)-G0-T0-I41-ST1  TR37-UR6 sid:0 lsid:0 src0:t#2-P(35)-not_rdy,src1:t#1-P(36)-rdy,->dst0:t-P(37),|c.or t#2, t#1 -> t last: false in_queue top:free
[C:223711 ][SPE.STAGE ]: 	|-- BPC:0x116ce TPC:0x116d2 P0-L0-(B44-)-G0-T0-I42-ST1  TR38-UR6 sid:0 lsid:0 src0:a5-P(144)-rdy data=0x1,src1:0,->dst0:t-P(38) data=0x0,|cmp.eqi a5, 0 -> t last: false completed top:free
[C:223711 ][SPE.STAGE ]: 	|-- BPC:0x116ce TPC:0x116d6 P0-L0-(B44-)-G0-T0-I43-ST1  TR39-UR6 sid:0 lsid:0 src0:t#2-P(37)-not_rdy,src1:t#1-P(38)-rdy,|setc.or t#2, t#1 last: false in_queue top:free
[C:223711 ][SPE.STAGE ]: 	|-- BPC:0x116ce TPC:0x116da P0-L0-(B44-)-G0-T0-I44-ST1  TR39-UR6 sid:0 lsid:0 |BSTOP last: true completed top:free<- stop of B44
[C:223711 ][SPE.STAGE ]: 	|-- BPC:0x116ce TPC:0x116ce P0-L0-(B45-)-G0-T0-I45-ST1  TR39-UR6 sid:0 lsid:0|C.BSTART.STD DIRECT, 0x116ce last: false completed top:free
[C:223711 ][SPE.STAGE ]: 	|-- BPC:0x116ce TPC:0x116d0 P0-L0-(B45-)-G0-T0-I46-ST1  TR39-UR6 sid:0 lsid:0 src0:t#2-P(37)-not_rdy,src1:t#1-P(38)-rdy,->dst0:t-P(39),|c.or t#2, t#1 -> t last: false in_queue top:free
[C:223711 ][SPE.STAGE ]: 	|-- BPC:0x116ce TPC:0x116d2 P0-L0-(B45-)-G0-T0-I47-ST1  TR40-UR6 sid:0 lsid:0 src0:a5-P(144)-rdy data=0x1,src1:0,->dst0:t-P(40) data=0x0,|cmp.eqi a5, 0 -> t last: false completed top:free
[C:223711 ][SPE.STAGE ]: 	|-- BPC:0x116ce TPC:0x116d6 P0-L0-(B45-)-G0-T0-I48-ST1  TR41-UR6 sid:0 lsid:0 src0:t#2-P(39)-not_rdy,src1:t#1-P(40)-rdy,|setc.or t#2, t#1 last: false in_queue top:free
[C:223711 ][SPE.STAGE ]: 	|-- BPC:0x116ce TPC:0x116da P0-L0-(B45-)-G0-T0-I49-ST1  TR41-UR6 sid:0 lsid:0 |BSTOP last: true completed top:free<- stop of B45
[C:223711 ][SPE.STAGE ]: 	|-- BPC:0x116ce TPC:0x116ce P0-L0-(B46-)-G0-T0-I50-ST1  TR41-UR6 sid:0 lsid:0|C.BSTART.STD DIRECT, 0x116ce last: false completed top:free
[C:223711 ][SPE.STAGE ]: 	|-- BPC:0x116ce TPC:0x116d0 P0-L0-(B46-)-G0-T0-I51-ST1  TR41-UR6 sid:0 lsid:0 src0:t#2-P(39)-not_rdy,src1:t#1-P(40)-rdy,->dst0:t-P(41),|c.or t#2, t#1 -> t last: false in_queue top:free
[C:223711 ][SPE.STAGE ]: 	|-- BPC:0x116ce TPC:0x116d2 P0-L0-(B46-)-G0-T0-I52-ST1  TR42-UR6 sid:0 lsid:0 src0:a5-P(144)-rdy data=0x1,src1:0,->dst0:t-P(42) data=0x0,|cmp.eqi a5, 0 -> t last: false completed top:free
[C:223711 ][SPE.STAGE ]: 	|-- BPC:0x116ce TPC:0x116d6 P0-L0-(B46-)-G0-T0-I53-ST1  TR43-UR6 sid:0 lsid:0 src0:t#2-P(41)-not_rdy,src1:t#1-P(42)-rdy,|setc.or t#2, t#1 last: false in_queue top:free
[C:223711 ][SPE.STAGE ]: 	|-- BPC:0x116ce TPC:0x116da P0-L0-(B46-)-G0-T0-I54-ST1  TR43-UR6 sid:0 lsid:0 |BSTOP last: true completed top:free<- stop of B46
[C:223711 ][SPE.STAGE ]: 	|-- BPC:0x116ce TPC:0x116ce P0-L0-(B47-)-G0-T0-I55-ST1  TR43-UR6 sid:0 lsid:0|C.BSTART.STD DIRECT, 0x116ce last: false completed top:free
[C:223711 ][SPE.STAGE ]: 	|-- BPC:0x116ce TPC:0x116d0 P0-L0-(B47-)-G0-T0-I56-ST1  TR43-UR6 sid:0 lsid:0 src0:t#2-P(41)-not_rdy,src1:t#1-P(42)-rdy,->dst0:t-P(43),|c.or t#2, t#1 -> t last: false in_queue top:free
[C:223711 ][SPE.STAGE ]: 	|-- BPC:0x116ce TPC:0x116d2 P0-L0-(B47-)-G0-T0-I57-ST1  TR44-UR6 sid:0 lsid:0 src0:a5-P(144)-rdy data=0x1,src1:0,->dst0:t-P(44) data=0x0,|cmp.eqi a5, 0 -> t last: false completed top:free
[C:223711 ][SPE.STAGE ]: 	|-- BPC:0x116ce TPC:0x116d6 P0-L0-(B47-)-G0-T0-I58-ST1  TR45-UR6 sid:0 lsid:0 src0:t#2-P(43)-not_rdy,src1:t#1-P(44)-rdy,|setc.or t#2, t#1 last: false in_queue top:free
[C:223711 ][SPE.STAGE ]: 	|-- BPC:0x116ce TPC:0x116da P0-L0-(B47-)-G0-T0-I59-ST1  TR45-UR6 sid:0 lsid:0 |BSTOP last: true completed top:free<- stop of B47
[C:223711 ][SPE.STAGE ]: 	|-- BPC:0x116ce TPC:0x116ce P0-L0-(B48-)-G0-T0-I60-ST1  TR45-UR6 sid:0 lsid:0|C.BSTART.STD DIRECT, 0x116ce last: false completed top:free
[C:223711 ][SPE.STAGE ]: 	|-- BPC:0x116ce TPC:0x116d0 P0-L0-(B48-)-G0-T0-I61-ST1  TR45-UR6 sid:0 lsid:0 src0:t#2-P(43)-not_rdy,src1:t#1-P(44)-rdy,->dst0:t-P(45),|c.or t#2, t#1 -> t last: false in_queue top:free
[C:223711 ][SPE.STAGE ]: 	|-- BPC:0x116ce TPC:0x116d2 P0-L0-(B48-)-G0-T0-I62-ST1  TR46-UR6 sid:0 lsid:0 src0:a5-P(144)-rdy data=0x1,src1:0,->dst0:t-P(46) data=0x0,|cmp.eqi a5, 0 -> t last: false completed top:free
[C:223711 ][SPE.STAGE ]: 	|-- BPC:0x116ce TPC:0x116d6 P0-L0-(B48-)-G0-T0-I63-ST1  TR47-UR6 sid:0 lsid:0 src0:t#2-P(45)-not_rdy,src1:t#1-P(46)-rdy,|setc.or t#2, t#1 last: false in_queue top:free
[C:223711 ][SPE.STAGE ]: 	|-- BPC:0x116ce TPC:0x116da P0-L0-(B48-)-G0-T0-I64-ST1  TR47-UR6 sid:0 lsid:0 |BSTOP last: true completed top:free<- stop of B48
[C:223711 ][SPE.STAGE ]: 	|-- BPC:0x116ce TPC:0x116ce P0-L0-(B49-)-G0-T0-I65-ST1  TR47-UR6 sid:0 lsid:0|C.BSTART.STD DIRECT, 0x116ce last: false completed top:free
[C:223711 ][SPE.STAGE ]: 	|-- BPC:0x116ce TPC:0x116d0 P0-L0-(B49-)-G0-T0-I66-ST1  TR47-UR6 sid:0 lsid:0 src0:t#2-P(45)-not_rdy,src1:t#1-P(46)-rdy,->dst0:t-P(47),|c.or t#2, t#1 -> t last: false in_queue top:free
[C:223711 ][SPE.STAGE ]: 	|-- BPC:0x116ce TPC:0x116d2 P0-L0-(B49-)-G0-T0-I67-ST1  TR48-UR6 sid:0 lsid:0 src0:a5-P(144)-rdy data=0x1,src1:0,->dst0:t-P(48) data=0x0,|cmp.eqi a5, 0 -> t last: false completed top:free
[C:223711 ][SPE.STAGE ]: 	|-- BPC:0x116ce TPC:0x116d6 P0-L0-(B49-)-G0-T0-I68-ST1  TR49-UR6 sid:0 lsid:0 src0:t#2-P(47)-not_rdy,src1:t#1-P(48)-rdy,|setc.or t#2, t#1 last: false in_queue top:free
[C:223711 ][SPE.STAGE ]: 	|-- BPC:0x116ce TPC:0x116da P0-L0-(B49-)-G0-T0-I69-ST1  TR49-UR6 sid:0 lsid:0 |BSTOP last: true completed top:free<- stop of B49
[C:223711 ][SPE.STAGE ]: 	|-- BPC:0x116ce TPC:0x116ce P0-L0-(B50-)-G0-T0-I70-ST1  TR49-UR6 sid:0 lsid:0|C.BSTART.STD DIRECT, 0x116ce last: false completed top:free
[C:223711 ][SPE.STAGE ]: 	|-- BPC:0x116ce TPC:0x116d0 P0-L0-(B50-)-G0-T0-I71-ST1  TR49-UR6 sid:0 lsid:0 src0:t#2-P(47)-not_rdy,src1:t#1-P(48)-rdy,->dst0:t-P(49),|c.or t#2, t#1 -> t last: false in_queue top:free
[C:223711 ][SPE.STAGE ]: 	|-- BPC:0x116ce TPC:0x116d2 P0-L0-(B50-)-G0-T0-I72-ST1  TR50-UR6 sid:0 lsid:0 src0:a5-P(144)-rdy data=0x1,src1:0,->dst0:t-P(50) data=0x0,|cmp.eqi a5, 0 -> t last: false completed top:free
[C:223711 ][SPE.STAGE ]: 	|-- BPC:0x116ce TPC:0x116d6 P0-L0-(B50-)-G0-T0-I73-ST1  TR51-UR6 sid:0 lsid:0 src0:t#2-P(49)-not_rdy,src1:t#1-P(50)-rdy,|setc.or t#2, t#1 last: false in_queue top:free
[C:223711 ][SPE.STAGE ]: 	|-- BPC:0x116ce TPC:0x116da P0-L0-(B50-)-G0-T0-I74-ST1  TR51-UR6 sid:0 lsid:0 |BSTOP last: true completed top:free<- stop of B50
[C:223711 ][SPE.STAGE ]: 	|-- BPC:0x116ce TPC:0x116ce P0-L0-(B51-)-G0-T0-I75-ST1  TR51-UR6 sid:0 lsid:0|C.BSTART.STD DIRECT, 0x116ce last: false completed top:free
[C:223711 ][SPE.STAGE ]: 	|-- BPC:0x116ce TPC:0x116d0 P0-L0-(B51-)-G0-T0-I76-ST1  TR51-UR6 sid:0 lsid:0 src0:t#2-P(49)-not_rdy,src1:t#1-P(50)-rdy,->dst0:t-P(51),|c.or t#2, t#1 -> t last: false in_queue top:free
[C:223711 ][SPE.STAGE ]: 	|-- BPC:0x116ce TPC:0x116d2 P0-L0-(B51-)-G0-T0-I77-ST1  TR52-UR6 sid:0 lsid:0 src0:a5-P(144)-rdy data=0x1,src1:0,->dst0:t-P(52) data=0x0,|cmp.eqi a5, 0 -> t last: false completed top:free
[C:223711 ][SPE.STAGE ]: 	|-- BPC:0x116ce TPC:0x116d6 P0-L0-(B51-)-G0-T0-I78-ST1  TR53-UR6 sid:0 lsid:0 src0:t#2-P(51)-not_rdy,src1:t#1-P(52)-rdy,|setc.or t#2, t#1 last: false in_queue top:free
[C:223711 ][SPE.STAGE ]: 	|-- BPC:0x116ce TPC:0x116da P0-L0-(B51-)-G0-T0-I79-ST1  TR53-UR6 sid:0 lsid:0 |BSTOP last: true completed top:free<- stop of B51
[C:223711 ][SPE.STAGE ]: 	|-- BPC:0x116ce TPC:0x116ce P0-L0-(B52-)-G0-T0-I80-ST1  TR53-UR6 sid:0 lsid:0|C.BSTART.STD DIRECT, 0x116ce last: false completed top:free
[C:223711 ][SPE.STAGE ]: 	|-- BPC:0x116ce TPC:0x116d0 P0-L0-(B52-)-G0-T0-I81-ST1  TR53-UR6 sid:0 lsid:0 src0:t#2-P(51)-not_rdy,src1:t#1-P(52)-rdy,->dst0:t-P(53),|c.or t#2, t#1 -> t last: false in_queue top:free
[C:223711 ][SPE.STAGE ]: 	|-- BPC:0x116ce TPC:0x116d2 P0-L0-(B52-)-G0-T0-I82-ST1  TR54-UR6 sid:0 lsid:0 src0:a5-P(144)-rdy data=0x1,src1:0,->dst0:t-P(54) data=0x0,|cmp.eqi a5, 0 -> t last: false completed top:free
[C:223711 ][SPE.STAGE ]: 	|-- BPC:0x116ce TPC:0x116d6 P0-L0-(B52-)-G0-T0-I83-ST1  TR55-UR6 sid:0 lsid:0 src0:t#2-P(53)-not_rdy,src1:t#1-P(54)-rdy,|setc.or t#2, t#1 last: false in_queue top:free
[C:223711 ][SPE.STAGE ]: 	|-- BPC:0x116ce TPC:0x116da P0-L0-(B52-)-G0-T0-I84-ST1  TR55-UR6 sid:0 lsid:0 |BSTOP last: true completed top:free<- stop of B52
[C:223711 ][SPE.STAGE ]: 	|-- BPC:0x116ce TPC:0x116ce P0-L0-(B53-)-G0-T0-I85-ST1  TR55-UR6 sid:0 lsid:0|C.BSTART.STD DIRECT, 0x116ce last: false completed top:free
[C:223711 ][SPE.STAGE ]: 	|-- BPC:0x116ce TPC:0x116d0 P0-L0-(B53-)-G0-T0-I86-ST1  TR55-UR6 sid:0 lsid:0 src0:t#2-P(53)-not_rdy,src1:t#1-P(54)-rdy,->dst0:t-P(55),|c.or t#2, t#1 -> t last: false in_queue top:free
[C:223711 ][SPE.STAGE ]: 	|-- BPC:0x116ce TPC:0x116d2 P0-L0-(B53-)-G0-T0-I87-ST1  TR56-UR6 sid:0 lsid:0 src0:a5-P(144)-rdy data=0x1,src1:0,->dst0:t-P(56) data=0x0,|cmp.eqi a5, 0 -> t last: false completed top:free
[C:223711 ][SPE.STAGE ]: 	|-- BPC:0x116ce TPC:0x116d6 P0-L0-(B53-)-G0-T0-I88-ST1  TR57-UR6 sid:0 lsid:0 src0:t#2-P(55)-not_rdy,src1:t#1-P(56)-rdy,|setc.or t#2, t#1 last: false in_queue top:free
[C:223711 ][SPE.STAGE ]: 	|-- BPC:0x116ce TPC:0x116da P0-L0-(B53-)-G0-T0-I89-ST1  TR57-UR6 sid:0 lsid:0 |BSTOP last: true completed top:free<- stop of B53
[C:223711 ][SPE.STAGE ]: 	|-- BPC:0x116ce TPC:0x116ce P0-L0-(B54-)-G0-T0-I90-ST1  TR57-UR6 sid:0 lsid:0|C.BSTART.STD DIRECT, 0x116ce last: false completed top:free
[C:223711 ][SPE.STAGE ]: 	|-- BPC:0x116ce TPC:0x116d0 P0-L0-(B54-)-G0-T0-I91-ST1  TR57-UR6 sid:0 lsid:0 src0:t#2-P(55)-not_rdy,src1:t#1-P(56)-rdy,->dst0:t-P(57),|c.or t#2, t#1 -> t last: false in_queue top:free
[C:223711 ][SPE.STAGE ]: 	|-- BPC:0x116ce TPC:0x116d2 P0-L0-(B54-)-G0-T0-I92-ST1  TR58-UR6 sid:0 lsid:0 src0:a5-P(144)-rdy data=0x1,src1:0,->dst0:t-P(58) data=0x0,|cmp.eqi a5, 0 -> t last: false completed top:free
[C:223711 ][SPE.STAGE ]: 	|-- BPC:0x116ce TPC:0x116d6 P0-L0-(B54-)-G0-T0-I93-ST1  TR59-UR6 sid:0 lsid:0 src0:t#2-P(57)-not_rdy,src1:t#1-P(58)-rdy,|setc.or t#2, t#1 last: false in_queue top:free
[C:223711 ][SPE.STAGE ]: 	|-- BPC:0x116ce TPC:0x116da P0-L0-(B54-)-G0-T0-I94-ST1  TR59-UR6 sid:0 lsid:0 |BSTOP last: true completed top:free<- stop of B54
[C:223711 ][SPE.STAGE ]: 	|-- BPC:0x116ce TPC:0x116ce P0-L0-(B55-)-G0-T0-I95-ST1  TR59-UR6 sid:0 lsid:0|C.BSTART.STD DIRECT, 0x116ce last: false completed top:free
[C:223711 ][SPE.STAGE ]: 	|-- BPC:0x116ce TPC:0x116d0 P0-L0-(B55-)-G0-T0-I96-ST1  TR59-UR6 sid:0 lsid:0 src0:t#2-P(57)-not_rdy,src1:t#1-P(58)-rdy,->dst0:t-P(59),|c.or t#2, t#1 -> t last: false in_queue top:free
[C:223711 ][SPE.STAGE ]: 	|-- BPC:0x116ce TPC:0x116d2 P0-L0-(B55-)-G0-T0-I97-ST1  TR60-UR6 sid:0 lsid:0 src0:a5-P(144)-rdy data=0x1,src1:0,->dst0:t-P(60) data=0x0,|cmp.eqi a5, 0 -> t last: false completed top:free
[C:223711 ][SPE.STAGE ]: 	|-- BPC:0x116ce TPC:0x116d6 P0-L0-(B55-)-G0-T0-I98-ST1  TR61-UR6 sid:0 lsid:0 src0:t#2-P(59)-not_rdy,src1:t#1-P(60)-rdy,|setc.or t#2, t#1 last: false in_queue top:free
[C:223711 ][SPE.STAGE ]: 	|-- BPC:0x116ce TPC:0x116da P0-L0-(B55-)-G0-T0-I99-ST1  TR61-UR6 sid:0 lsid:0 |BSTOP last: true completed top:free<- stop of B55
[C:223711 ][SPE.STAGE ]: 	|-- BPC:0x116ce TPC:0x116ce P0-L0-(B56-)-G0-T0-I100-ST1  TR61-UR6 sid:0 lsid:0|C.BSTART.STD DIRECT, 0x116ce last: false completed top:free
[C:223711 ][SPE.STAGE ]: 	|-- BPC:0x116ce TPC:0x116d0 P0-L0-(B56-)-G0-T0-I101-ST1  TR61-UR6 sid:0 lsid:0 src0:t#2-P(59)-not_rdy,src1:t#1-P(60)-rdy,->dst0:t-P(61),|c.or t#2, t#1 -> t last: false in_queue top:free
[C:223711 ][SPE.STAGE ]: 	|-- BPC:0x116ce TPC:0x116d2 P0-L0-(B56-)-G0-T0-I102-ST1  TR62-UR6 sid:0 lsid:0 src0:a5-P(144)-rdy data=0x1,src1:0,->dst0:t-P(62) data=0x0,|cmp.eqi a5, 0 -> t last: false completed top:free
[C:223711 ][SPE.STAGE ]: 	|-- BPC:0x116ce TPC:0x116d6 P0-L0-(B56-)-G0-T0-I103-ST1  TR63-UR6 sid:0 lsid:0 src0:t#2-P(61)-not_rdy,src1:t#1-P(62)-rdy,|setc.or t#2, t#1 last: false in_queue top:free
[C:223711 ][SPE.STAGE ]: 	|-- BPC:0x116ce TPC:0x116da P0-L0-(B56-)-G0-T0-I104-ST1  TR63-UR6 sid:0 lsid:0 |BSTOP last: true completed top:free<- stop of B56
[C:223711 ][SPE.STAGE ]: 	|-- BPC:0x116ce TPC:0x116ce P0-L0-(B57-)-G0-T0-I105-ST1  TR63-UR6 sid:0 lsid:0|C.BSTART.STD DIRECT, 0x116ce last: false completed top:free
[C:223711 ][SPE.STAGE ]: 	|-- BPC:0x116ce TPC:0x116d0 P0-L0-(B57-)-G0-T0-I106-ST1  TR63-UR6 sid:0 lsid:0 src0:t#2-P(61)-not_rdy,src1:t#1-P(62)-rdy,->dst0:t-P(63),|c.or t#2, t#1 -> t last: false in_queue top:free
[C:223711 ][SPE.STAGE ]: 	|-- BPC:0x116ce TPC:0x116d2 P0-L0-(B57-)-G0-T0-I107-ST1  TR64-UR6 sid:0 lsid:0 src0:a5-P(144)-rdy data=0x1,src1:0,->dst0:t-P(64) data=0x0,|cmp.eqi a5, 0 -> t last: false completed top:free
[C:223711 ][SPE.STAGE ]: 	|-- BPC:0x116ce TPC:0x116d6 P0-L0-(B57-)-G0-T0-I108-ST1  TR65-UR6 sid:0 lsid:0 src0:t#2-P(63)-not_rdy,src1:t#1-P(64)-rdy,|setc.or t#2, t#1 last: false in_queue top:free
[C:223711 ][SPE.STAGE ]: 	|-- BPC:0x116ce TPC:0x116da P0-L0-(B57-)-G0-T0-I109-ST1  TR65-UR6 sid:0 lsid:0 |BSTOP last: true completed top:free<- stop of B57
[C:223711 ][SPE.STAGE ]: 	|-- BPC:0x116ce TPC:0x116ce P0-L0-(B58-)-G0-T0-I110-ST1  TR65-UR6 sid:0 lsid:0|C.BSTART.STD DIRECT, 0x116ce last: false completed top:free
[C:223711 ][SPE.STAGE ]: 	|-- BPC:0x116ce TPC:0x116d0 P0-L0-(B58-)-G0-T0-I111-ST1  TR65-UR6 sid:0 lsid:0 src0:t#2-P(63)-not_rdy,src1:t#1-P(64)-rdy,->dst0:t-P(65),|c.or t#2, t#1 -> t last: false in_queue top:free
[C:223711 ][SPE.STAGE ]: 	|-- BPC:0x116ce TPC:0x116d2 P0-L0-(B58-)-G0-T0-I112-ST1  TR66-UR6 sid:0 lsid:0 src0:a5-P(144)-rdy data=0x1,src1:0,->dst0:t-P(66) data=0x0,|cmp.eqi a5, 0 -> t last: false completed top:free
[C:223711 ][SPE.STAGE ]: 	|-- BPC:0x116ce TPC:0x116d6 P0-L0-(B58-)-G0-T0-I113-ST1  TR67-UR6 sid:0 lsid:0 src0:t#2-P(65)-not_rdy,src1:t#1-P(66)-rdy,|setc.or t#2, t#1 last: false in_queue top:free
[C:223711 ][SPE.STAGE ]: 	|-- BPC:0x116ce TPC:0x116da P0-L0-(B58-)-G0-T0-I114-ST1  TR67-UR6 sid:0 lsid:0 |BSTOP last: true completed top:free<- stop of B58
[C:223711 ][SPE.STAGE ]: 	|-- BPC:0x116ce TPC:0x116ce P0-L0-(B59-)-G0-T0-I115-ST1  TR67-UR6 sid:0 lsid:0|C.BSTART.STD DIRECT, 0x116ce last: false completed top:free
[C:223711 ][SPE.STAGE ]: 	|-- BPC:0x116ce TPC:0x116d0 P0-L0-(B59-)-G0-T0-I116-ST1  TR67-UR6 sid:0 lsid:0 src0:t#2-P(65)-not_rdy,src1:t#1-P(66)-rdy,->dst0:t-P(67),|c.or t#2, t#1 -> t last: false in_queue top:free
[C:223711 ][SPE.STAGE ]: 	|-- BPC:0x116ce TPC:0x116d2 P0-L0-(B59-)-G0-T0-I117-ST1  TR68-UR6 sid:0 lsid:0 src0:a5-P(144)-rdy data=0x1,src1:0,->dst0:t-P(68) data=0x0,|cmp.eqi a5, 0 -> t last: false completed top:free
[C:223711 ][SPE.STAGE ]: 	|-- BPC:0x116ce TPC:0x116d6 P0-L0-(B59-)-G0-T0-I118-ST1  TR69-UR6 sid:0 lsid:0 src0:t#2-P(67)-not_rdy,src1:t#1-P(68)-rdy,|setc.or t#2, t#1 last: false in_queue top:free
[C:223711 ][SPE.STAGE ]: 	|-- BPC:0x116ce TPC:0x116da P0-L0-(B59-)-G0-T0-I119-ST1  TR69-UR6 sid:0 lsid:0 |BSTOP last: true completed top:free<- stop of B59
[C:223711 ][SPE.STAGE ]: 	|-- BPC:0x116ce TPC:0x116ce P0-L0-(B60-)-G0-T0-I120-ST1  TR69-UR6 sid:0 lsid:0|C.BSTART.STD DIRECT, 0x116ce last: false completed top:free
[C:223711 ][SPE.STAGE ]: 	|-- BPC:0x116ce TPC:0x116d0 P0-L0-(B60-)-G0-T0-I121-ST1  TR69-UR6 sid:0 lsid:0 src0:t#2-P(67)-not_rdy,src1:t#1-P(68)-rdy,->dst0:t-P(69),|c.or t#2, t#1 -> t last: false in_queue top:free
[C:223711 ][SPE.STAGE ]: 	|-- BPC:0x116ce TPC:0x116d2 P0-L0-(B60-)-G0-T0-I122-ST1  TR70-UR6 sid:0 lsid:0 src0:a5-P(144)-rdy data=0x1,src1:0,->dst0:t-P(70) data=0x0,|cmp.eqi a5, 0 -> t last: false completed top:free
[C:223711 ][SPE.STAGE ]: 	|-- BPC:0x116ce TPC:0x116d6 P0-L0-(B60-)-G0-T0-I123-ST1  TR71-UR6 sid:0 lsid:0 src0:t#2-P(69)-not_rdy,src1:t#1-P(70)-rdy,|setc.or t#2, t#1 last: false in_queue top:free
[C:223711 ][SPE.STAGE ]: 	|-- BPC:0x116ce TPC:0x116da P0-L0-(B60-)-G0-T0-I124-ST1  TR71-UR6 sid:0 lsid:0 |BSTOP last: true completed top:free<- stop of B60
[C:223711 ][SPE.STAGE ]: 	|-- BPC:0x116ce TPC:0x116ce P0-L0-(B61-)-G0-T0-I125-ST1  TR71-UR6 sid:0 lsid:0|C.BSTART.STD DIRECT, 0x116ce last: false completed top:free
[C:223711 ][SPE.STAGE ]: 	|-- BPC:0x116ce TPC:0x116d0 P0-L0-(B61-)-G0-T0-I126-ST1  TR71-UR6 sid:0 lsid:0 src0:t#2-P(69)-not_rdy,src1:t#1-P(70)-rdy,->dst0:t-P(71),|c.or t#2, t#1 -> t last: false in_queue top:free
[C:223711 ][SPE.STAGE ]: 	|-- BPC:0x116ce TPC:0x116d2 P0-L0-(B61-)-G0-T0-I127-ST1  TR72-UR6 sid:0 lsid:0 src0:a5-P(144)-rdy data=0x1,src1:0,->dst0:t-P(72) data=0x0,|cmp.eqi a5, 0 -> t last: false completed top:free
[C:223711 ][SPE.STAGE ]: 	|-- BPC:0x116ce TPC:0x116d6 P0-L0-(B61-)-G0-T0-I0-ST1  TR73-UR6 sid:0 lsid:0 src0:t#2-P(71)-not_rdy,src1:t#1-P(72)-rdy,|setc.or t#2, t#1 last: false in_queue top:free
[C:223711 ][SPE.STAGE ]: 	|-- BPC:0x116ce TPC:0x116da P0-L0-(B61-)-G0-T0-I1-ST1  TR73-UR6 sid:0 lsid:0 |BSTOP last: true completed top:free<- stop of B61
[C:223711 ][SPE.STAGE ]: 	|-- BPC:0x116ce TPC:0x116ce P0-L0-(B62-)-G0-T0-I2-ST1  TR73-UR6 sid:0 lsid:0|C.BSTART.STD DIRECT, 0x116ce last: false completed top:free
[C:223711 ][SPE.STAGE ]: 	|-- BPC:0x116ce TPC:0x116d0 P0-L0-(B62-)-G0-T0-I3-ST1  TR73-UR6 sid:0 lsid:0 src0:t#2-P(71)-not_rdy,src1:t#1-P(72)-rdy,->dst0:t-P(73),|c.or t#2, t#1 -> t last: false in_queue top:free
[C:223711 ][SPE.STAGE ]: 	|-- BPC:0x116ce TPC:0x116d2 P0-L0-(B62-)-G0-T0-I4-ST1  TR74-UR6 sid:0 lsid:0 src0:a5-P(144)-rdy data=0x1,src1:0,->dst0:t-P(74) data=0x0,|cmp.eqi a5, 0 -> t last: false completed top:free
[C:223711 ][SPE.STAGE ]: 	|-- BPC:0x116ce TPC:0x116d6 P0-L0-(B62-)-G0-T0-I5-ST1  TR75-UR6 sid:0 lsid:0 src0:t#2-P(73)-not_rdy,src1:t#1-P(74)-rdy,|setc.or t#2, t#1 last: false in_queue top:free
[C:223711 ][SPE.STAGE ]: 	|-- BPC:0x116ce TPC:0x116da P0-L0-(B62-)-G0-T0-I6-ST1  TR75-UR6 sid:0 lsid:0 |BSTOP last: true completed top:free<- stop of B62
[C:223711 ][SPE.STAGE ]: 	|-- BPC:0x116ce TPC:0x116ce P0-L0-(B63-)-G0-T0-I7-ST1  TR75-UR6 sid:0 lsid:0|C.BSTART.STD DIRECT, 0x116ce last: false completed top:free
[C:223711 ][SPE.STAGE ]: 	|-- BPC:0x116ce TPC:0x116d0 P0-L0-(B63-)-G0-T0-I8-ST1  TR75-UR6 sid:0 lsid:0 src0:t#2-P(73)-not_rdy,src1:t#1-P(74)-rdy,->dst0:t-P(75),|c.or t#2, t#1 -> t last: false in_queue top:free
[C:223711 ][SPE.STAGE ]: 	|-- BPC:0x116ce TPC:0x116d2 P0-L0-(B63-)-G0-T0-I9-ST1  TR76-UR6 sid:0 lsid:0 src0:a5-P(144)-rdy data=0x1,src1:0,->dst0:t-P(76) data=0x0,|cmp.eqi a5, 0 -> t last: false completed top:free
[C:223711 ][SPE.STAGE ]: 	|-- BPC:0x116ce TPC:0x116d6 P0-L0-(B63-)-G0-T0-I10-ST1  TR77-UR6 sid:0 lsid:0 src0:t#2-P(75)-not_rdy,src1:t#1-P(76)-rdy,|setc.or t#2, t#1 last: false in_queue top:free
[C:223711 ][SPE.STAGE ]: 	|-- BPC:0x116ce TPC:0x116da P0-L0-(B63-)-G0-T0-I11-ST1  TR77-UR6 sid:0 lsid:0 |BSTOP last: true completed top:free<- stop of B63
[C:223711 ][SPE.STAGE ]: 	|-- BPC:0x116ce TPC:0x116ce P0-L0-(B64-)-G0-T0-I12-ST1  TR77-UR6 sid:0 lsid:0|C.BSTART.STD DIRECT, 0x116ce last: false completed top:free
[C:223711 ][SPE.STAGE ]: 	|-- BPC:0x116ce TPC:0x116d0 P0-L0-(B64-)-G0-T0-I13-ST1  TR77-UR6 sid:0 lsid:0 src0:t#2-P(75)-not_rdy,src1:t#1-P(76)-rdy,->dst0:t-P(77),|c.or t#2, t#1 -> t last: false in_queue top:free
[C:223711 ][SPE.STAGE ]: 	|-- BPC:0x116ce TPC:0x116d2 P0-L0-(B64-)-G0-T0-I14-ST1  TR78-UR6 sid:0 lsid:0 src0:a5-P(144)-rdy data=0x1,src1:0,->dst0:t-P(78) data=0x0,|cmp.eqi a5, 0 -> t last: false completed top:free
[C:223711 ][SPE.STAGE ]: 	|-- BPC:0x116ce TPC:0x116d6 P0-L0-(B64-)-G0-T0-I15-ST1  TR79-UR6 sid:0 lsid:0 src0:t#2-P(77)-not_rdy,src1:t#1-P(78)-rdy,|setc.or t#2, t#1 last: false in_queue top:free
[C:223711 ][SPE.STAGE ]: 	|-- BPC:0x116ce TPC:0x116da P0-L0-(B64-)-G0-T0-I16-ST1  TR79-UR6 sid:0 lsid:0 |BSTOP last: true completed top:free<- stop of B64
[C:223711 ][SPE.STAGE ]: 	|-- BPC:0x116ce TPC:0x116ce P0-L0-(B65-)-G0-T0-I17-ST1  TR79-UR6 sid:0 lsid:0|C.BSTART.STD DIRECT, 0x116ce last: false completed top:free
[C:223711 ][SPE.STAGE ]: 	|-- BPC:0x116ce TPC:0x116d0 P0-L0-(B65-)-G0-T0-I18-ST1  TR79-UR6 sid:0 lsid:0 src0:t#2-P(77)-not_rdy,src1:t#1-P(78)-rdy,->dst0:t-P(79),|c.or t#2, t#1 -> t last: false in_queue top:free
[C:223711 ][SPE.STAGE ]: 	|-- BPC:0x116ce TPC:0x116d2 P0-L0-(B65-)-G0-T0-I19-ST1  TR80-UR6 sid:0 lsid:0 src0:a5-P(144)-rdy data=0x1,src1:0,->dst0:t-P(80) data=0x0,|cmp.eqi a5, 0 -> t last: false completed top:free
[C:223711 ][SPE.STAGE ]: 	|-- BPC:0x116ce TPC:0x116d6 P0-L0-(B65-)-G0-T0-I20-ST1  TR81-UR6 sid:0 lsid:0 src0:t#2-P(79)-not_rdy,src1:t#1-P(80)-rdy,|setc.or t#2, t#1 last: false in_queue top:free
[C:223711 ][SPE.STAGE ]: 	|-- BPC:0x116ce TPC:0x116da P0-L0-(B65-)-G0-T0-I21-ST1  TR81-UR6 sid:0 lsid:0 |BSTOP last: true completed top:free<- stop of B65
[C:223711 ][SPE.STAGE ]: 	|-- BPC:0x116ce TPC:0x116ce P0-L0-(B66-)-G0-T0-I22-ST1  TR81-UR6 sid:0 lsid:0|C.BSTART.STD DIRECT, 0x116ce last: false completed top:free
[C:223711 ][SPE.STAGE ]: 	|-- BPC:0x116ce TPC:0x116d0 P0-L0-(B66-)-G0-T0-I23-ST1  TR81-UR6 sid:0 lsid:0 src0:t#2-P(79)-not_rdy,src1:t#1-P(80)-rdy,->dst0:t-P(81),|c.or t#2, t#1 -> t last: false in_queue top:free
[C:223711 ][SPE.STAGE ]: 	|-- BPC:0x116ce TPC:0x116d2 P0-L0-(B66-)-G0-T0-I24-ST1  TR82-UR6 sid:0 lsid:0 src0:a5-P(144)-rdy data=0x1,src1:0,->dst0:t-P(82) data=0x0,|cmp.eqi a5, 0 -> t last: false completed top:free
[C:223711 ][SPE.STAGE ]: 	|-- BPC:0x116ce TPC:0x116d6 P0-L0-(B66-)-G0-T0-I25-ST1  TR83-UR6 sid:0 lsid:0 src0:t#2-P(81)-not_rdy,src1:t#1-P(82)-rdy,|setc.or t#2, t#1 last: false in_queue top:free
[C:223711 ][SPE.STAGE ]: ==================================================
[C:223711 ][SPE.STAGE ]: ==================================================
[C:223711 ][SPE.STAGE ]: PEID:0 tid:2, size 123 osdSize 123
[C:223711 ][SPE.STAGE ]: 	|-- BPC:0x116ce TPC:0x116d0 P0-L0-(B42-)-G0-T0-I31-ST2  TR33-UR6 sid:0 lsid:0 src0:t#2-P(31)-not_rdy,src1:t#1-P(32)-not_rdy,->dst0:t-P(33),|c.or t#2, t#1 -> t last: false in_queue top:free<- oldest
[C:223711 ][SPE.STAGE ]: 	|-- BPC:0x116ce TPC:0x116d2 P0-L0-(B42-)-G0-T0-I32-ST2  TR34-UR6 sid:0 lsid:0 src0:a5-P(273)-rdy data=0x1,src1:0,->dst0:t-P(34) data=0x0,|cmp.eqi a5, 0 -> t last: false completed top:free
[C:223711 ][SPE.STAGE ]: 	|-- BPC:0x116ce TPC:0x116d6 P0-L0-(B42-)-G0-T0-I33-ST2  TR35-UR6 sid:0 lsid:0 src0:t#2-P(33)-not_rdy,src1:t#1-P(34)-rdy,|setc.or t#2, t#1 last: false in_queue top:free
[C:223711 ][SPE.STAGE ]: 	|-- BPC:0x116ce TPC:0x116da P0-L0-(B42-)-G0-T0-I34-ST2  TR35-UR6 sid:0 lsid:0 |BSTOP last: true completed top:free<- stop of B42
[C:223711 ][SPE.STAGE ]: 	|-- BPC:0x116ce TPC:0x116ce P0-L0-(B43-)-G0-T0-I35-ST2  TR35-UR6 sid:0 lsid:0|C.BSTART.STD DIRECT, 0x116ce last: false completed top:free
[C:223711 ][SPE.STAGE ]: 	|-- BPC:0x116ce TPC:0x116d0 P0-L0-(B43-)-G0-T0-I36-ST2  TR35-UR6 sid:0 lsid:0 src0:t#2-P(33)-not_rdy,src1:t#1-P(34)-rdy,->dst0:t-P(35),|c.or t#2, t#1 -> t last: false in_queue top:free
[C:223711 ][SPE.STAGE ]: 	|-- BPC:0x116ce TPC:0x116d2 P0-L0-(B43-)-G0-T0-I37-ST2  TR36-UR6 sid:0 lsid:0 src0:a5-P(273)-rdy data=0x1,src1:0,->dst0:t-P(36) data=0x0,|cmp.eqi a5, 0 -> t last: false completed top:free
[C:223711 ][SPE.STAGE ]: 	|-- BPC:0x116ce TPC:0x116d6 P0-L0-(B43-)-G0-T0-I38-ST2  TR37-UR6 sid:0 lsid:0 src0:t#2-P(35)-not_rdy,src1:t#1-P(36)-rdy,|setc.or t#2, t#1 last: false in_queue top:free
[C:223711 ][SPE.STAGE ]: 	|-- BPC:0x116ce TPC:0x116da P0-L0-(B43-)-G0-T0-I39-ST2  TR37-UR6 sid:0 lsid:0 |BSTOP last: true completed top:free<- stop of B43
[C:223711 ][SPE.STAGE ]: 	|-- BPC:0x116ce TPC:0x116ce P0-L0-(B44-)-G0-T0-I40-ST2  TR37-UR6 sid:0 lsid:0|C.BSTART.STD DIRECT, 0x116ce last: false completed top:free
[C:223711 ][SPE.STAGE ]: 	|-- BPC:0x116ce TPC:0x116d0 P0-L0-(B44-)-G0-T0-I41-ST2  TR37-UR6 sid:0 lsid:0 src0:t#2-P(35)-not_rdy,src1:t#1-P(36)-rdy,->dst0:t-P(37),|c.or t#2, t#1 -> t last: false in_queue top:free
[C:223711 ][SPE.STAGE ]: 	|-- BPC:0x116ce TPC:0x116d2 P0-L0-(B44-)-G0-T0-I42-ST2  TR38-UR6 sid:0 lsid:0 src0:a5-P(273)-rdy data=0x1,src1:0,->dst0:t-P(38) data=0x0,|cmp.eqi a5, 0 -> t last: false completed top:free
[C:223711 ][SPE.STAGE ]: 	|-- BPC:0x116ce TPC:0x116d6 P0-L0-(B44-)-G0-T0-I43-ST2  TR39-UR6 sid:0 lsid:0 src0:t#2-P(37)-not_rdy,src1:t#1-P(38)-rdy,|setc.or t#2, t#1 last: false in_queue top:free
[C:223711 ][SPE.STAGE ]: 	|-- BPC:0x116ce TPC:0x116da P0-L0-(B44-)-G0-T0-I44-ST2  TR39-UR6 sid:0 lsid:0 |BSTOP last: true completed top:free<- stop of B44
[C:223711 ][SPE.STAGE ]: 	|-- BPC:0x116ce TPC:0x116ce P0-L0-(B45-)-G0-T0-I45-ST2  TR39-UR6 sid:0 lsid:0|C.BSTART.STD DIRECT, 0x116ce last: false completed top:free
[C:223711 ][SPE.STAGE ]: 	|-- BPC:0x116ce TPC:0x116d0 P0-L0-(B45-)-G0-T0-I46-ST2  TR39-UR6 sid:0 lsid:0 src0:t#2-P(37)-not_rdy,src1:t#1-P(38)-rdy,->dst0:t-P(39),|c.or t#2, t#1 -> t last: false in_queue top:free
[C:223711 ][SPE.STAGE ]: 	|-- BPC:0x116ce TPC:0x116d2 P0-L0-(B45-)-G0-T0-I47-ST2  TR40-UR6 sid:0 lsid:0 src0:a5-P(273)-rdy data=0x1,src1:0,->dst0:t-P(40) data=0x0,|cmp.eqi a5, 0 -> t last: false completed top:free
[C:223711 ][SPE.STAGE ]: 	|-- BPC:0x116ce TPC:0x116d6 P0-L0-(B45-)-G0-T0-I48-ST2  TR41-UR6 sid:0 lsid:0 src0:t#2-P(39)-not_rdy,src1:t#1-P(40)-rdy,|setc.or t#2, t#1 last: false in_queue top:free
[C:223711 ][SPE.STAGE ]: 	|-- BPC:0x116ce TPC:0x116da P0-L0-(B45-)-G0-T0-I49-ST2  TR41-UR6 sid:0 lsid:0 |BSTOP last: true completed top:free<- stop of B45
[C:223711 ][SPE.STAGE ]: 	|-- BPC:0x116ce TPC:0x116ce P0-L0-(B46-)-G0-T0-I50-ST2  TR41-UR6 sid:0 lsid:0|C.BSTART.STD DIRECT, 0x116ce last: false completed top:free
[C:223711 ][SPE.STAGE ]: 	|-- BPC:0x116ce TPC:0x116d0 P0-L0-(B46-)-G0-T0-I51-ST2  TR41-UR6 sid:0 lsid:0 src0:t#2-P(39)-not_rdy,src1:t#1-P(40)-rdy,->dst0:t-P(41),|c.or t#2, t#1 -> t last: false in_queue top:free
[C:223711 ][SPE.STAGE ]: 	|-- BPC:0x116ce TPC:0x116d2 P0-L0-(B46-)-G0-T0-I52-ST2  TR42-UR6 sid:0 lsid:0 src0:a5-P(273)-rdy data=0x1,src1:0,->dst0:t-P(42) data=0x0,|cmp.eqi a5, 0 -> t last: false completed top:free
[C:223711 ][SPE.STAGE ]: 	|-- BPC:0x116ce TPC:0x116d6 P0-L0-(B46-)-G0-T0-I53-ST2  TR43-UR6 sid:0 lsid:0 src0:t#2-P(41)-not_rdy,src1:t#1-P(42)-rdy,|setc.or t#2, t#1 last: false in_queue top:free
[C:223711 ][SPE.STAGE ]: 	|-- BPC:0x116ce TPC:0x116da P0-L0-(B46-)-G0-T0-I54-ST2  TR43-UR6 sid:0 lsid:0 |BSTOP last: true completed top:free<- stop of B46
[C:223711 ][SPE.STAGE ]: 	|-- BPC:0x116ce TPC:0x116ce P0-L0-(B47-)-G0-T0-I55-ST2  TR43-UR6 sid:0 lsid:0|C.BSTART.STD DIRECT, 0x116ce last: false completed top:free
[C:223711 ][SPE.STAGE ]: 	|-- BPC:0x116ce TPC:0x116d0 P0-L0-(B47-)-G0-T0-I56-ST2  TR43-UR6 sid:0 lsid:0 src0:t#2-P(41)-not_rdy,src1:t#1-P(42)-rdy,->dst0:t-P(43),|c.or t#2, t#1 -> t last: false in_queue top:free
[C:223711 ][SPE.STAGE ]: 	|-- BPC:0x116ce TPC:0x116d2 P0-L0-(B47-)-G0-T0-I57-ST2  TR44-UR6 sid:0 lsid:0 src0:a5-P(273)-rdy data=0x1,src1:0,->dst0:t-P(44) data=0x0,|cmp.eqi a5, 0 -> t last: false completed top:free
[C:223711 ][SPE.STAGE ]: 	|-- BPC:0x116ce TPC:0x116d6 P0-L0-(B47-)-G0-T0-I58-ST2  TR45-UR6 sid:0 lsid:0 src0:t#2-P(43)-not_rdy,src1:t#1-P(44)-rdy,|setc.or t#2, t#1 last: false in_queue top:free
[C:223711 ][SPE.STAGE ]: 	|-- BPC:0x116ce TPC:0x116da P0-L0-(B47-)-G0-T0-I59-ST2  TR45-UR6 sid:0 lsid:0 |BSTOP last: true completed top:free<- stop of B47
[C:223711 ][SPE.STAGE ]: 	|-- BPC:0x116ce TPC:0x116ce P0-L0-(B48-)-G0-T0-I60-ST2  TR45-UR6 sid:0 lsid:0|C.BSTART.STD DIRECT, 0x116ce last: false completed top:free
[C:223711 ][SPE.STAGE ]: 	|-- BPC:0x116ce TPC:0x116d0 P0-L0-(B48-)-G0-T0-I61-ST2  TR45-UR6 sid:0 lsid:0 src0:t#2-P(43)-not_rdy,src1:t#1-P(44)-rdy,->dst0:t-P(45),|c.or t#2, t#1 -> t last: false in_queue top:free
[C:223711 ][SPE.STAGE ]: 	|-- BPC:0x116ce TPC:0x116d2 P0-L0-(B48-)-G0-T0-I62-ST2  TR46-UR6 sid:0 lsid:0 src0:a5-P(273)-rdy data=0x1,src1:0,->dst0:t-P(46) data=0x0,|cmp.eqi a5, 0 -> t last: false completed top:free
[C:223711 ][SPE.STAGE ]: 	|-- BPC:0x116ce TPC:0x116d6 P0-L0-(B48-)-G0-T0-I63-ST2  TR47-UR6 sid:0 lsid:0 src0:t#2-P(45)-not_rdy,src1:t#1-P(46)-rdy,|setc.or t#2, t#1 last: false in_queue top:free
[C:223711 ][SPE.STAGE ]: 	|-- BPC:0x116ce TPC:0x116da P0-L0-(B48-)-G0-T0-I64-ST2  TR47-UR6 sid:0 lsid:0 |BSTOP last: true completed top:free<- stop of B48
[C:223711 ][SPE.STAGE ]: 	|-- BPC:0x116ce TPC:0x116ce P0-L0-(B49-)-G0-T0-I65-ST2  TR47-UR6 sid:0 lsid:0|C.BSTART.STD DIRECT, 0x116ce last: false completed top:free
[C:223711 ][SPE.STAGE ]: 	|-- BPC:0x116ce TPC:0x116d0 P0-L0-(B49-)-G0-T0-I66-ST2  TR47-UR6 sid:0 lsid:0 src0:t#2-P(45)-not_rdy,src1:t#1-P(46)-rdy,->dst0:t-P(47),|c.or t#2, t#1 -> t last: false in_queue top:free
[C:223711 ][SPE.STAGE ]: 	|-- BPC:0x116ce TPC:0x116d2 P0-L0-(B49-)-G0-T0-I67-ST2  TR48-UR6 sid:0 lsid:0 src0:a5-P(273)-rdy data=0x1,src1:0,->dst0:t-P(48) data=0x0,|cmp.eqi a5, 0 -> t last: false completed top:free
[C:223711 ][SPE.STAGE ]: 	|-- BPC:0x116ce TPC:0x116d6 P0-L0-(B49-)-G0-T0-I68-ST2  TR49-UR6 sid:0 lsid:0 src0:t#2-P(47)-not_rdy,src1:t#1-P(48)-rdy,|setc.or t#2, t#1 last: false in_queue top:free
[C:223711 ][SPE.STAGE ]: 	|-- BPC:0x116ce TPC:0x116da P0-L0-(B49-)-G0-T0-I69-ST2  TR49-UR6 sid:0 lsid:0 |BSTOP last: true completed top:free<- stop of B49
[C:223711 ][SPE.STAGE ]: 	|-- BPC:0x116ce TPC:0x116ce P0-L0-(B50-)-G0-T0-I70-ST2  TR49-UR6 sid:0 lsid:0|C.BSTART.STD DIRECT, 0x116ce last: false completed top:free
[C:223711 ][SPE.STAGE ]: 	|-- BPC:0x116ce TPC:0x116d0 P0-L0-(B50-)-G0-T0-I71-ST2  TR49-UR6 sid:0 lsid:0 src0:t#2-P(47)-not_rdy,src1:t#1-P(48)-rdy,->dst0:t-P(49),|c.or t#2, t#1 -> t last: false in_queue top:free
[C:223711 ][SPE.STAGE ]: 	|-- BPC:0x116ce TPC:0x116d2 P0-L0-(B50-)-G0-T0-I72-ST2  TR50-UR6 sid:0 lsid:0 src0:a5-P(273)-rdy data=0x1,src1:0,->dst0:t-P(50) data=0x0,|cmp.eqi a5, 0 -> t last: false completed top:free
[C:223711 ][SPE.STAGE ]: 	|-- BPC:0x116ce TPC:0x116d6 P0-L0-(B50-)-G0-T0-I73-ST2  TR51-UR6 sid:0 lsid:0 src0:t#2-P(49)-not_rdy,src1:t#1-P(50)-rdy,|setc.or t#2, t#1 last: false in_queue top:free
[C:223711 ][SPE.STAGE ]: 	|-- BPC:0x116ce TPC:0x116da P0-L0-(B50-)-G0-T0-I74-ST2  TR51-UR6 sid:0 lsid:0 |BSTOP last: true completed top:free<- stop of B50
[C:223711 ][SPE.STAGE ]: 	|-- BPC:0x116ce TPC:0x116ce P0-L0-(B51-)-G0-T0-I75-ST2  TR51-UR6 sid:0 lsid:0|C.BSTART.STD DIRECT, 0x116ce last: false completed top:free
[C:223711 ][SPE.STAGE ]: 	|-- BPC:0x116ce TPC:0x116d0 P0-L0-(B51-)-G0-T0-I76-ST2  TR51-UR6 sid:0 lsid:0 src0:t#2-P(49)-not_rdy,src1:t#1-P(50)-rdy,->dst0:t-P(51),|c.or t#2, t#1 -> t last: false in_queue top:free
[C:223711 ][SPE.STAGE ]: 	|-- BPC:0x116ce TPC:0x116d2 P0-L0-(B51-)-G0-T0-I77-ST2  TR52-UR6 sid:0 lsid:0 src0:a5-P(273)-rdy data=0x1,src1:0,->dst0:t-P(52) data=0x0,|cmp.eqi a5, 0 -> t last: false completed top:free
[C:223711 ][SPE.STAGE ]: 	|-- BPC:0x116ce TPC:0x116d6 P0-L0-(B51-)-G0-T0-I78-ST2  TR53-UR6 sid:0 lsid:0 src0:t#2-P(51)-not_rdy,src1:t#1-P(52)-rdy,|setc.or t#2, t#1 last: false in_queue top:free
[C:223711 ][SPE.STAGE ]: 	|-- BPC:0x116ce TPC:0x116da P0-L0-(B51-)-G0-T0-I79-ST2  TR53-UR6 sid:0 lsid:0 |BSTOP last: true completed top:free<- stop of B51
[C:223711 ][SPE.STAGE ]: 	|-- BPC:0x116ce TPC:0x116ce P0-L0-(B52-)-G0-T0-I80-ST2  TR53-UR6 sid:0 lsid:0|C.BSTART.STD DIRECT, 0x116ce last: false completed top:free
[C:223711 ][SPE.STAGE ]: 	|-- BPC:0x116ce TPC:0x116d0 P0-L0-(B52-)-G0-T0-I81-ST2  TR53-UR6 sid:0 lsid:0 src0:t#2-P(51)-not_rdy,src1:t#1-P(52)-rdy,->dst0:t-P(53),|c.or t#2, t#1 -> t last: false in_queue top:free
[C:223711 ][SPE.STAGE ]: 	|-- BPC:0x116ce TPC:0x116d2 P0-L0-(B52-)-G0-T0-I82-ST2  TR54-UR6 sid:0 lsid:0 src0:a5-P(273)-rdy data=0x1,src1:0,->dst0:t-P(54) data=0x0,|cmp.eqi a5, 0 -> t last: false completed top:free
[C:223711 ][SPE.STAGE ]: 	|-- BPC:0x116ce TPC:0x116d6 P0-L0-(B52-)-G0-T0-I83-ST2  TR55-UR6 sid:0 lsid:0 src0:t#2-P(53)-not_rdy,src1:t#1-P(54)-rdy,|setc.or t#2, t#1 last: false in_queue top:free
[C:223711 ][SPE.STAGE ]: 	|-- BPC:0x116ce TPC:0x116da P0-L0-(B52-)-G0-T0-I84-ST2  TR55-UR6 sid:0 lsid:0 |BSTOP last: true completed top:free<- stop of B52
[C:223711 ][SPE.STAGE ]: 	|-- BPC:0x116ce TPC:0x116ce P0-L0-(B53-)-G0-T0-I85-ST2  TR55-UR6 sid:0 lsid:0|C.BSTART.STD DIRECT, 0x116ce last: false completed top:free
[C:223711 ][SPE.STAGE ]: 	|-- BPC:0x116ce TPC:0x116d0 P0-L0-(B53-)-G0-T0-I86-ST2  TR55-UR6 sid:0 lsid:0 src0:t#2-P(53)-not_rdy,src1:t#1-P(54)-rdy,->dst0:t-P(55),|c.or t#2, t#1 -> t last: false in_queue top:free
[C:223711 ][SPE.STAGE ]: 	|-- BPC:0x116ce TPC:0x116d2 P0-L0-(B53-)-G0-T0-I87-ST2  TR56-UR6 sid:0 lsid:0 src0:a5-P(273)-rdy data=0x1,src1:0,->dst0:t-P(56) data=0x0,|cmp.eqi a5, 0 -> t last: false completed top:free
[C:223711 ][SPE.STAGE ]: 	|-- BPC:0x116ce TPC:0x116d6 P0-L0-(B53-)-G0-T0-I88-ST2  TR57-UR6 sid:0 lsid:0 src0:t#2-P(55)-not_rdy,src1:t#1-P(56)-rdy,|setc.or t#2, t#1 last: false in_queue top:free
[C:223711 ][SPE.STAGE ]: 	|-- BPC:0x116ce TPC:0x116da P0-L0-(B53-)-G0-T0-I89-ST2  TR57-UR6 sid:0 lsid:0 |BSTOP last: true completed top:free<- stop of B53
[C:223711 ][SPE.STAGE ]: 	|-- BPC:0x116ce TPC:0x116ce P0-L0-(B54-)-G0-T0-I90-ST2  TR57-UR6 sid:0 lsid:0|C.BSTART.STD DIRECT, 0x116ce last: false completed top:free
[C:223711 ][SPE.STAGE ]: 	|-- BPC:0x116ce TPC:0x116d0 P0-L0-(B54-)-G0-T0-I91-ST2  TR57-UR6 sid:0 lsid:0 src0:t#2-P(55)-not_rdy,src1:t#1-P(56)-rdy,->dst0:t-P(57),|c.or t#2, t#1 -> t last: false in_queue top:free
[C:223711 ][SPE.STAGE ]: 	|-- BPC:0x116ce TPC:0x116d2 P0-L0-(B54-)-G0-T0-I92-ST2  TR58-UR6 sid:0 lsid:0 src0:a5-P(273)-rdy data=0x1,src1:0,->dst0:t-P(58) data=0x0,|cmp.eqi a5, 0 -> t last: false completed top:free
[C:223711 ][SPE.STAGE ]: 	|-- BPC:0x116ce TPC:0x116d6 P0-L0-(B54-)-G0-T0-I93-ST2  TR59-UR6 sid:0 lsid:0 src0:t#2-P(57)-not_rdy,src1:t#1-P(58)-rdy,|setc.or t#2, t#1 last: false in_queue top:free
[C:223711 ][SPE.STAGE ]: 	|-- BPC:0x116ce TPC:0x116da P0-L0-(B54-)-G0-T0-I94-ST2  TR59-UR6 sid:0 lsid:0 |BSTOP last: true completed top:free<- stop of B54
[C:223711 ][SPE.STAGE ]: 	|-- BPC:0x116ce TPC:0x116ce P0-L0-(B55-)-G0-T0-I95-ST2  TR59-UR6 sid:0 lsid:0|C.BSTART.STD DIRECT, 0x116ce last: false completed top:free
[C:223711 ][SPE.STAGE ]: 	|-- BPC:0x116ce TPC:0x116d0 P0-L0-(B55-)-G0-T0-I96-ST2  TR59-UR6 sid:0 lsid:0 src0:t#2-P(57)-not_rdy,src1:t#1-P(58)-rdy,->dst0:t-P(59),|c.or t#2, t#1 -> t last: false in_queue top:free
[C:223711 ][SPE.STAGE ]: 	|-- BPC:0x116ce TPC:0x116d2 P0-L0-(B55-)-G0-T0-I97-ST2  TR60-UR6 sid:0 lsid:0 src0:a5-P(273)-rdy data=0x1,src1:0,->dst0:t-P(60) data=0x0,|cmp.eqi a5, 0 -> t last: false completed top:free
[C:223711 ][SPE.STAGE ]: 	|-- BPC:0x116ce TPC:0x116d6 P0-L0-(B55-)-G0-T0-I98-ST2  TR61-UR6 sid:0 lsid:0 src0:t#2-P(59)-not_rdy,src1:t#1-P(60)-rdy,|setc.or t#2, t#1 last: false in_queue top:free
[C:223711 ][SPE.STAGE ]: 	|-- BPC:0x116ce TPC:0x116da P0-L0-(B55-)-G0-T0-I99-ST2  TR61-UR6 sid:0 lsid:0 |BSTOP last: true completed top:free<- stop of B55
[C:223711 ][SPE.STAGE ]: 	|-- BPC:0x116ce TPC:0x116ce P0-L0-(B56-)-G0-T0-I100-ST2  TR61-UR6 sid:0 lsid:0|C.BSTART.STD DIRECT, 0x116ce last: false completed top:free
[C:223711 ][SPE.STAGE ]: 	|-- BPC:0x116ce TPC:0x116d0 P0-L0-(B56-)-G0-T0-I101-ST2  TR61-UR6 sid:0 lsid:0 src0:t#2-P(59)-not_rdy,src1:t#1-P(60)-rdy,->dst0:t-P(61),|c.or t#2, t#1 -> t last: false in_queue top:free
[C:223711 ][SPE.STAGE ]: 	|-- BPC:0x116ce TPC:0x116d2 P0-L0-(B56-)-G0-T0-I102-ST2  TR62-UR6 sid:0 lsid:0 src0:a5-P(273)-rdy data=0x1,src1:0,->dst0:t-P(62) data=0x0,|cmp.eqi a5, 0 -> t last: false completed top:free
[C:223711 ][SPE.STAGE ]: 	|-- BPC:0x116ce TPC:0x116d6 P0-L0-(B56-)-G0-T0-I103-ST2  TR63-UR6 sid:0 lsid:0 src0:t#2-P(61)-not_rdy,src1:t#1-P(62)-rdy,|setc.or t#2, t#1 last: false in_queue top:free
[C:223711 ][SPE.STAGE ]: 	|-- BPC:0x116ce TPC:0x116da P0-L0-(B56-)-G0-T0-I104-ST2  TR63-UR6 sid:0 lsid:0 |BSTOP last: true completed top:free<- stop of B56
[C:223711 ][SPE.STAGE ]: 	|-- BPC:0x116ce TPC:0x116ce P0-L0-(B57-)-G0-T0-I105-ST2  TR63-UR6 sid:0 lsid:0|C.BSTART.STD DIRECT, 0x116ce last: false completed top:free
[C:223711 ][SPE.STAGE ]: 	|-- BPC:0x116ce TPC:0x116d0 P0-L0-(B57-)-G0-T0-I106-ST2  TR63-UR6 sid:0 lsid:0 src0:t#2-P(61)-not_rdy,src1:t#1-P(62)-rdy,->dst0:t-P(63),|c.or t#2, t#1 -> t last: false in_queue top:free
[C:223711 ][SPE.STAGE ]: 	|-- BPC:0x116ce TPC:0x116d2 P0-L0-(B57-)-G0-T0-I107-ST2  TR64-UR6 sid:0 lsid:0 src0:a5-P(273)-rdy data=0x1,src1:0,->dst0:t-P(64) data=0x0,|cmp.eqi a5, 0 -> t last: false completed top:free
[C:223711 ][SPE.STAGE ]: 	|-- BPC:0x116ce TPC:0x116d6 P0-L0-(B57-)-G0-T0-I108-ST2  TR65-UR6 sid:0 lsid:0 src0:t#2-P(63)-not_rdy,src1:t#1-P(64)-rdy,|setc.or t#2, t#1 last: false in_queue top:free
[C:223711 ][SPE.STAGE ]: 	|-- BPC:0x116ce TPC:0x116da P0-L0-(B57-)-G0-T0-I109-ST2  TR65-UR6 sid:0 lsid:0 |BSTOP last: true completed top:free<- stop of B57
[C:223711 ][SPE.STAGE ]: 	|-- BPC:0x116ce TPC:0x116ce P0-L0-(B58-)-G0-T0-I110-ST2  TR65-UR6 sid:0 lsid:0|C.BSTART.STD DIRECT, 0x116ce last: false completed top:free
[C:223711 ][SPE.STAGE ]: 	|-- BPC:0x116ce TPC:0x116d0 P0-L0-(B58-)-G0-T0-I111-ST2  TR65-UR6 sid:0 lsid:0 src0:t#2-P(63)-not_rdy,src1:t#1-P(64)-rdy,->dst0:t-P(65),|c.or t#2, t#1 -> t last: false in_queue top:free
[C:223711 ][SPE.STAGE ]: 	|-- BPC:0x116ce TPC:0x116d2 P0-L0-(B58-)-G0-T0-I112-ST2  TR66-UR6 sid:0 lsid:0 src0:a5-P(273)-rdy data=0x1,src1:0,->dst0:t-P(66) data=0x0,|cmp.eqi a5, 0 -> t last: false completed top:free
[C:223711 ][SPE.STAGE ]: 	|-- BPC:0x116ce TPC:0x116d6 P0-L0-(B58-)-G0-T0-I113-ST2  TR67-UR6 sid:0 lsid:0 src0:t#2-P(65)-not_rdy,src1:t#1-P(66)-rdy,|setc.or t#2, t#1 last: false in_queue top:free
[C:223711 ][SPE.STAGE ]: 	|-- BPC:0x116ce TPC:0x116da P0-L0-(B58-)-G0-T0-I114-ST2  TR67-UR6 sid:0 lsid:0 |BSTOP last: true completed top:free<- stop of B58
[C:223711 ][SPE.STAGE ]: 	|-- BPC:0x116ce TPC:0x116ce P0-L0-(B59-)-G0-T0-I115-ST2  TR67-UR6 sid:0 lsid:0|C.BSTART.STD DIRECT, 0x116ce last: false completed top:free
[C:223711 ][SPE.STAGE ]: 	|-- BPC:0x116ce TPC:0x116d0 P0-L0-(B59-)-G0-T0-I116-ST2  TR67-UR6 sid:0 lsid:0 src0:t#2-P(65)-not_rdy,src1:t#1-P(66)-rdy,->dst0:t-P(67),|c.or t#2, t#1 -> t last: false in_queue top:free
[C:223711 ][SPE.STAGE ]: 	|-- BPC:0x116ce TPC:0x116d2 P0-L0-(B59-)-G0-T0-I117-ST2  TR68-UR6 sid:0 lsid:0 src0:a5-P(273)-rdy data=0x1,src1:0,->dst0:t-P(68) data=0x0,|cmp.eqi a5, 0 -> t last: false completed top:free
[C:223711 ][SPE.STAGE ]: 	|-- BPC:0x116ce TPC:0x116d6 P0-L0-(B59-)-G0-T0-I118-ST2  TR69-UR6 sid:0 lsid:0 src0:t#2-P(67)-not_rdy,src1:t#1-P(68)-rdy,|setc.or t#2, t#1 last: false in_queue top:free
[C:223711 ][SPE.STAGE ]: 	|-- BPC:0x116ce TPC:0x116da P0-L0-(B59-)-G0-T0-I119-ST2  TR69-UR6 sid:0 lsid:0 |BSTOP last: true completed top:free<- stop of B59
[C:223711 ][SPE.STAGE ]: 	|-- BPC:0x116ce TPC:0x116ce P0-L0-(B60-)-G0-T0-I120-ST2  TR69-UR6 sid:0 lsid:0|C.BSTART.STD DIRECT, 0x116ce last: false completed top:free
[C:223711 ][SPE.STAGE ]: 	|-- BPC:0x116ce TPC:0x116d0 P0-L0-(B60-)-G0-T0-I121-ST2  TR69-UR6 sid:0 lsid:0 src0:t#2-P(67)-not_rdy,src1:t#1-P(68)-rdy,->dst0:t-P(69),|c.or t#2, t#1 -> t last: false in_queue top:free
[C:223711 ][SPE.STAGE ]: 	|-- BPC:0x116ce TPC:0x116d2 P0-L0-(B60-)-G0-T0-I122-ST2  TR70-UR6 sid:0 lsid:0 src0:a5-P(273)-rdy data=0x1,src1:0,->dst0:t-P(70) data=0x0,|cmp.eqi a5, 0 -> t last: false completed top:free
[C:223711 ][SPE.STAGE ]: 	|-- BPC:0x116ce TPC:0x116d6 P0-L0-(B60-)-G0-T0-I123-ST2  TR71-UR6 sid:0 lsid:0 src0:t#2-P(69)-not_rdy,src1:t#1-P(70)-rdy,|setc.or t#2, t#1 last: false in_queue top:free
[C:223711 ][SPE.STAGE ]: 	|-- BPC:0x116ce TPC:0x116da P0-L0-(B60-)-G0-T0-I124-ST2  TR71-UR6 sid:0 lsid:0 |BSTOP last: true completed top:free<- stop of B60
[C:223711 ][SPE.STAGE ]: 	|-- BPC:0x116ce TPC:0x116ce P0-L0-(B61-)-G0-T0-I125-ST2  TR71-UR6 sid:0 lsid:0|C.BSTART.STD DIRECT, 0x116ce last: false completed top:free
[C:223711 ][SPE.STAGE ]: 	|-- BPC:0x116ce TPC:0x116d0 P0-L0-(B61-)-G0-T0-I126-ST2  TR71-UR6 sid:0 lsid:0 src0:t#2-P(69)-not_rdy,src1:t#1-P(70)-rdy,->dst0:t-P(71),|c.or t#2, t#1 -> t last: false in_queue top:free
[C:223711 ][SPE.STAGE ]: 	|-- BPC:0x116ce TPC:0x116d2 P0-L0-(B61-)-G0-T0-I127-ST2  TR72-UR6 sid:0 lsid:0 src0:a5-P(273)-rdy data=0x1,src1:0,->dst0:t-P(72) data=0x0,|cmp.eqi a5, 0 -> t last: false completed top:free
[C:223711 ][SPE.STAGE ]: 	|-- BPC:0x116ce TPC:0x116d6 P0-L0-(B61-)-G0-T0-I0-ST2  TR73-UR6 sid:0 lsid:0 src0:t#2-P(71)-not_rdy,src1:t#1-P(72)-rdy,|setc.or t#2, t#1 last: false in_queue top:free
[C:223711 ][SPE.STAGE ]: 	|-- BPC:0x116ce TPC:0x116da P0-L0-(B61-)-G0-T0-I1-ST2  TR73-UR6 sid:0 lsid:0 |BSTOP last: true completed top:free<- stop of B61
[C:223711 ][SPE.STAGE ]: 	|-- BPC:0x116ce TPC:0x116ce P0-L0-(B62-)-G0-T0-I2-ST2  TR73-UR6 sid:0 lsid:0|C.BSTART.STD DIRECT, 0x116ce last: false completed top:free
[C:223711 ][SPE.STAGE ]: 	|-- BPC:0x116ce TPC:0x116d0 P0-L0-(B62-)-G0-T0-I3-ST2  TR73-UR6 sid:0 lsid:0 src0:t#2-P(71)-not_rdy,src1:t#1-P(72)-rdy,->dst0:t-P(73),|c.or t#2, t#1 -> t last: false in_queue top:free
[C:223711 ][SPE.STAGE ]: 	|-- BPC:0x116ce TPC:0x116d2 P0-L0-(B62-)-G0-T0-I4-ST2  TR74-UR6 sid:0 lsid:0 src0:a5-P(273)-rdy data=0x1,src1:0,->dst0:t-P(74) data=0x0,|cmp.eqi a5, 0 -> t last: false completed top:free
[C:223711 ][SPE.STAGE ]: 	|-- BPC:0x116ce TPC:0x116d6 P0-L0-(B62-)-G0-T0-I5-ST2  TR75-UR6 sid:0 lsid:0 src0:t#2-P(73)-not_rdy,src1:t#1-P(74)-rdy,|setc.or t#2, t#1 last: false in_queue top:free
[C:223711 ][SPE.STAGE ]: 	|-- BPC:0x116ce TPC:0x116da P0-L0-(B62-)-G0-T0-I6-ST2  TR75-UR6 sid:0 lsid:0 |BSTOP last: true completed top:free<- stop of B62
[C:223711 ][SPE.STAGE ]: 	|-- BPC:0x116ce TPC:0x116ce P0-L0-(B63-)-G0-T0-I7-ST2  TR75-UR6 sid:0 lsid:0|C.BSTART.STD DIRECT, 0x116ce last: false completed top:free
[C:223711 ][SPE.STAGE ]: 	|-- BPC:0x116ce TPC:0x116d0 P0-L0-(B63-)-G0-T0-I8-ST2  TR75-UR6 sid:0 lsid:0 src0:t#2-P(73)-not_rdy,src1:t#1-P(74)-rdy,->dst0:t-P(75),|c.or t#2, t#1 -> t last: false in_queue top:free
[C:223711 ][SPE.STAGE ]: 	|-- BPC:0x116ce TPC:0x116d2 P0-L0-(B63-)-G0-T0-I9-ST2  TR76-UR6 sid:0 lsid:0 src0:a5-P(273)-rdy data=0x1,src1:0,->dst0:t-P(76) data=0x0,|cmp.eqi a5, 0 -> t last: false completed top:free
[C:223711 ][SPE.STAGE ]: 	|-- BPC:0x116ce TPC:0x116d6 P0-L0-(B63-)-G0-T0-I10-ST2  TR77-UR6 sid:0 lsid:0 src0:t#2-P(75)-not_rdy,src1:t#1-P(76)-rdy,|setc.or t#2, t#1 last: false in_queue top:free
[C:223711 ][SPE.STAGE ]: 	|-- BPC:0x116ce TPC:0x116da P0-L0-(B63-)-G0-T0-I11-ST2  TR77-UR6 sid:0 lsid:0 |BSTOP last: true completed top:free<- stop of B63
[C:223711 ][SPE.STAGE ]: 	|-- BPC:0x116ce TPC:0x116ce P0-L0-(B64-)-G0-T0-I12-ST2  TR77-UR6 sid:0 lsid:0|C.BSTART.STD DIRECT, 0x116ce last: false completed top:free
[C:223711 ][SPE.STAGE ]: 	|-- BPC:0x116ce TPC:0x116d0 P0-L0-(B64-)-G0-T0-I13-ST2  TR77-UR6 sid:0 lsid:0 src0:t#2-P(75)-not_rdy,src1:t#1-P(76)-rdy,->dst0:t-P(77),|c.or t#2, t#1 -> t last: false in_queue top:free
[C:223711 ][SPE.STAGE ]: 	|-- BPC:0x116ce TPC:0x116d2 P0-L0-(B64-)-G0-T0-I14-ST2  TR78-UR6 sid:0 lsid:0 src0:a5-P(273)-rdy data=0x1,src1:0,->dst0:t-P(78) data=0x0,|cmp.eqi a5, 0 -> t last: false completed top:free
[C:223711 ][SPE.STAGE ]: 	|-- BPC:0x116ce TPC:0x116d6 P0-L0-(B64-)-G0-T0-I15-ST2  TR79-UR6 sid:0 lsid:0 src0:t#2-P(77)-not_rdy,src1:t#1-P(78)-rdy,|setc.or t#2, t#1 last: false in_queue top:free
[C:223711 ][SPE.STAGE ]: 	|-- BPC:0x116ce TPC:0x116da P0-L0-(B64-)-G0-T0-I16-ST2  TR79-UR6 sid:0 lsid:0 |BSTOP last: true completed top:free<- stop of B64
[C:223711 ][SPE.STAGE ]: 	|-- BPC:0x116ce TPC:0x116ce P0-L0-(B65-)-G0-T0-I17-ST2  TR79-UR6 sid:0 lsid:0|C.BSTART.STD DIRECT, 0x116ce last: false completed top:free
[C:223711 ][SPE.STAGE ]: 	|-- BPC:0x116ce TPC:0x116d0 P0-L0-(B65-)-G0-T0-I18-ST2  TR79-UR6 sid:0 lsid:0 src0:t#2-P(77)-not_rdy,src1:t#1-P(78)-rdy,->dst0:t-P(79),|c.or t#2, t#1 -> t last: false in_queue top:free
[C:223711 ][SPE.STAGE ]: 	|-- BPC:0x116ce TPC:0x116d2 P0-L0-(B65-)-G0-T0-I19-ST2  TR80-UR6 sid:0 lsid:0 src0:a5-P(273)-rdy data=0x1,src1:0,->dst0:t-P(80) data=0x0,|cmp.eqi a5, 0 -> t last: false completed top:free
[C:223711 ][SPE.STAGE ]: 	|-- BPC:0x116ce TPC:0x116d6 P0-L0-(B65-)-G0-T0-I20-ST2  TR81-UR6 sid:0 lsid:0 src0:t#2-P(79)-not_rdy,src1:t#1-P(80)-rdy,|setc.or t#2, t#1 last: false in_queue top:free
[C:223711 ][SPE.STAGE ]: 	|-- BPC:0x116ce TPC:0x116da P0-L0-(B65-)-G0-T0-I21-ST2  TR81-UR6 sid:0 lsid:0 |BSTOP last: true completed top:free<- stop of B65
[C:223711 ][SPE.STAGE ]: 	|-- BPC:0x116ce TPC:0x116ce P0-L0-(B66-)-G0-T0-I22-ST2  TR81-UR6 sid:0 lsid:0|C.BSTART.STD DIRECT, 0x116ce last: false completed top:free
[C:223711 ][SPE.STAGE ]: 	|-- BPC:0x116ce TPC:0x116d0 P0-L0-(B66-)-G0-T0-I23-ST2  TR81-UR6 sid:0 lsid:0 src0:t#2-P(79)-not_rdy,src1:t#1-P(80)-rdy,->dst0:t-P(81),|c.or t#2, t#1 -> t last: false in_queue top:free
[C:223711 ][SPE.STAGE ]: 	|-- BPC:0x116ce TPC:0x116d2 P0-L0-(B66-)-G0-T0-I24-ST2  TR82-UR6 sid:0 lsid:0 src0:a5-P(273)-rdy data=0x1,src1:0,->dst0:t-P(82) data=0x0,|cmp.eqi a5, 0 -> t last: false completed top:free
[C:223711 ][SPE.STAGE ]: 	|-- BPC:0x116ce TPC:0x116d6 P0-L0-(B66-)-G0-T0-I25-ST2  TR83-UR6 sid:0 lsid:0 src0:t#2-P(81)-not_rdy,src1:t#1-P(82)-rdy,|setc.or t#2, t#1 last: false in_queue top:free
[C:223711 ][SPE.STAGE ]: ==================================================
[C:223711 ][SPE.STAGE ]: ==================================================
[C:223711 ][SPE.STAGE ]: PEID:0 tid:3, size 123 osdSize 123
[C:223711 ][SPE.STAGE ]: 	|-- BPC:0x116ce TPC:0x116d0 P0-L0-(B42-)-G0-T0-I31-ST3  TR33-UR6 sid:0 lsid:0 src0:t#2-P(31)-not_rdy,src1:t#1-P(32)-not_rdy,->dst0:t-P(33),|c.or t#2, t#1 -> t last: false in_queue top:free<- oldest
[C:223711 ][SPE.STAGE ]: 	|-- BPC:0x116ce TPC:0x116d2 P0-L0-(B42-)-G0-T0-I32-ST3  TR34-UR6 sid:0 lsid:0 src0:a5-P(400)-rdy data=0x1,src1:0,->dst0:t-P(34) data=0x0,|cmp.eqi a5, 0 -> t last: false completed top:free
[C:223711 ][SPE.STAGE ]: 	|-- BPC:0x116ce TPC:0x116d6 P0-L0-(B42-)-G0-T0-I33-ST3  TR35-UR6 sid:0 lsid:0 src0:t#2-P(33)-not_rdy,src1:t#1-P(34)-rdy,|setc.or t#2, t#1 last: false in_queue top:free
[C:223711 ][SPE.STAGE ]: 	|-- BPC:0x116ce TPC:0x116da P0-L0-(B42-)-G0-T0-I34-ST3  TR35-UR6 sid:0 lsid:0 |BSTOP last: true completed top:free<- stop of B42
[C:223711 ][SPE.STAGE ]: 	|-- BPC:0x116ce TPC:0x116ce P0-L0-(B43-)-G0-T0-I35-ST3  TR35-UR6 sid:0 lsid:0|C.BSTART.STD DIRECT, 0x116ce last: false completed top:free
[C:223711 ][SPE.STAGE ]: 	|-- BPC:0x116ce TPC:0x116d0 P0-L0-(B43-)-G0-T0-I36-ST3  TR35-UR6 sid:0 lsid:0 src0:t#2-P(33)-not_rdy,src1:t#1-P(34)-rdy,->dst0:t-P(35),|c.or t#2, t#1 -> t last: false in_queue top:free
[C:223711 ][SPE.STAGE ]: 	|-- BPC:0x116ce TPC:0x116d2 P0-L0-(B43-)-G0-T0-I37-ST3  TR36-UR6 sid:0 lsid:0 src0:a5-P(400)-rdy data=0x1,src1:0,->dst0:t-P(36) data=0x0,|cmp.eqi a5, 0 -> t last: false completed top:free
[C:223711 ][SPE.STAGE ]: 	|-- BPC:0x116ce TPC:0x116d6 P0-L0-(B43-)-G0-T0-I38-ST3  TR37-UR6 sid:0 lsid:0 src0:t#2-P(35)-not_rdy,src1:t#1-P(36)-rdy,|setc.or t#2, t#1 last: false in_queue top:free
[C:223711 ][SPE.STAGE ]: 	|-- BPC:0x116ce TPC:0x116da P0-L0-(B43-)-G0-T0-I39-ST3  TR37-UR6 sid:0 lsid:0 |BSTOP last: true completed top:free<- stop of B43
[C:223711 ][SPE.STAGE ]: 	|-- BPC:0x116ce TPC:0x116ce P0-L0-(B44-)-G0-T0-I40-ST3  TR37-UR6 sid:0 lsid:0|C.BSTART.STD DIRECT, 0x116ce last: false completed top:free
[C:223711 ][SPE.STAGE ]: 	|-- BPC:0x116ce TPC:0x116d0 P0-L0-(B44-)-G0-T0-I41-ST3  TR37-UR6 sid:0 lsid:0 src0:t#2-P(35)-not_rdy,src1:t#1-P(36)-rdy,->dst0:t-P(37),|c.or t#2, t#1 -> t last: false in_queue top:free
[C:223711 ][SPE.STAGE ]: 	|-- BPC:0x116ce TPC:0x116d2 P0-L0-(B44-)-G0-T0-I42-ST3  TR38-UR6 sid:0 lsid:0 src0:a5-P(400)-rdy data=0x1,src1:0,->dst0:t-P(38) data=0x0,|cmp.eqi a5, 0 -> t last: false completed top:free
[C:223711 ][SPE.STAGE ]: 	|-- BPC:0x116ce TPC:0x116d6 P0-L0-(B44-)-G0-T0-I43-ST3  TR39-UR6 sid:0 lsid:0 src0:t#2-P(37)-not_rdy,src1:t#1-P(38)-rdy,|setc.or t#2, t#1 last: false in_queue top:free
[C:223711 ][SPE.STAGE ]: 	|-- BPC:0x116ce TPC:0x116da P0-L0-(B44-)-G0-T0-I44-ST3  TR39-UR6 sid:0 lsid:0 |BSTOP last: true completed top:free<- stop of B44
[C:223711 ][SPE.STAGE ]: 	|-- BPC:0x116ce TPC:0x116ce P0-L0-(B45-)-G0-T0-I45-ST3  TR39-UR6 sid:0 lsid:0|C.BSTART.STD DIRECT, 0x116ce last: false completed top:free
[C:223711 ][SPE.STAGE ]: 	|-- BPC:0x116ce TPC:0x116d0 P0-L0-(B45-)-G0-T0-I46-ST3  TR39-UR6 sid:0 lsid:0 src0:t#2-P(37)-not_rdy,src1:t#1-P(38)-rdy,->dst0:t-P(39),|c.or t#2, t#1 -> t last: false in_queue top:free
[C:223711 ][SPE.STAGE ]: 	|-- BPC:0x116ce TPC:0x116d2 P0-L0-(B45-)-G0-T0-I47-ST3  TR40-UR6 sid:0 lsid:0 src0:a5-P(400)-rdy data=0x1,src1:0,->dst0:t-P(40) data=0x0,|cmp.eqi a5, 0 -> t last: false completed top:free
[C:223711 ][SPE.STAGE ]: 	|-- BPC:0x116ce TPC:0x116d6 P0-L0-(B45-)-G0-T0-I48-ST3  TR41-UR6 sid:0 lsid:0 src0:t#2-P(39)-not_rdy,src1:t#1-P(40)-rdy,|setc.or t#2, t#1 last: false in_queue top:free
[C:223711 ][SPE.STAGE ]: 	|-- BPC:0x116ce TPC:0x116da P0-L0-(B45-)-G0-T0-I49-ST3  TR41-UR6 sid:0 lsid:0 |BSTOP last: true completed top:free<- stop of B45
[C:223711 ][SPE.STAGE ]: 	|-- BPC:0x116ce TPC:0x116ce P0-L0-(B46-)-G0-T0-I50-ST3  TR41-UR6 sid:0 lsid:0|C.BSTART.STD DIRECT, 0x116ce last: false completed top:free
[C:223711 ][SPE.STAGE ]: 	|-- BPC:0x116ce TPC:0x116d0 P0-L0-(B46-)-G0-T0-I51-ST3  TR41-UR6 sid:0 lsid:0 src0:t#2-P(39)-not_rdy,src1:t#1-P(40)-rdy,->dst0:t-P(41),|c.or t#2, t#1 -> t last: false in_queue top:free
[C:223711 ][SPE.STAGE ]: 	|-- BPC:0x116ce TPC:0x116d2 P0-L0-(B46-)-G0-T0-I52-ST3  TR42-UR6 sid:0 lsid:0 src0:a5-P(400)-rdy data=0x1,src1:0,->dst0:t-P(42) data=0x0,|cmp.eqi a5, 0 -> t last: false completed top:free
[C:223711 ][SPE.STAGE ]: 	|-- BPC:0x116ce TPC:0x116d6 P0-L0-(B46-)-G0-T0-I53-ST3  TR43-UR6 sid:0 lsid:0 src0:t#2-P(41)-not_rdy,src1:t#1-P(42)-rdy,|setc.or t#2, t#1 last: false in_queue top:free
[C:223711 ][SPE.STAGE ]: 	|-- BPC:0x116ce TPC:0x116da P0-L0-(B46-)-G0-T0-I54-ST3  TR43-UR6 sid:0 lsid:0 |BSTOP last: true completed top:free<- stop of B46
[C:223711 ][SPE.STAGE ]: 	|-- BPC:0x116ce TPC:0x116ce P0-L0-(B47-)-G0-T0-I55-ST3  TR43-UR6 sid:0 lsid:0|C.BSTART.STD DIRECT, 0x116ce last: false completed top:free
[C:223711 ][SPE.STAGE ]: 	|-- BPC:0x116ce TPC:0x116d0 P0-L0-(B47-)-G0-T0-I56-ST3  TR43-UR6 sid:0 lsid:0 src0:t#2-P(41)-not_rdy,src1:t#1-P(42)-rdy,->dst0:t-P(43),|c.or t#2, t#1 -> t last: false in_queue top:free
[C:223711 ][SPE.STAGE ]: 	|-- BPC:0x116ce TPC:0x116d2 P0-L0-(B47-)-G0-T0-I57-ST3  TR44-UR6 sid:0 lsid:0 src0:a5-P(400)-rdy data=0x1,src1:0,->dst0:t-P(44) data=0x0,|cmp.eqi a5, 0 -> t last: false completed top:free
[C:223711 ][SPE.STAGE ]: 	|-- BPC:0x116ce TPC:0x116d6 P0-L0-(B47-)-G0-T0-I58-ST3  TR45-UR6 sid:0 lsid:0 src0:t#2-P(43)-not_rdy,src1:t#1-P(44)-rdy,|setc.or t#2, t#1 last: false in_queue top:free
[C:223711 ][SPE.STAGE ]: 	|-- BPC:0x116ce TPC:0x116da P0-L0-(B47-)-G0-T0-I59-ST3  TR45-UR6 sid:0 lsid:0 |BSTOP last: true completed top:free<- stop of B47
[C:223711 ][SPE.STAGE ]: 	|-- BPC:0x116ce TPC:0x116ce P0-L0-(B48-)-G0-T0-I60-ST3  TR45-UR6 sid:0 lsid:0|C.BSTART.STD DIRECT, 0x116ce last: false completed top:free
[C:223711 ][SPE.STAGE ]: 	|-- BPC:0x116ce TPC:0x116d0 P0-L0-(B48-)-G0-T0-I61-ST3  TR45-UR6 sid:0 lsid:0 src0:t#2-P(43)-not_rdy,src1:t#1-P(44)-rdy,->dst0:t-P(45),|c.or t#2, t#1 -> t last: false in_queue top:free
[C:223711 ][SPE.STAGE ]: 	|-- BPC:0x116ce TPC:0x116d2 P0-L0-(B48-)-G0-T0-I62-ST3  TR46-UR6 sid:0 lsid:0 src0:a5-P(400)-rdy data=0x1,src1:0,->dst0:t-P(46) data=0x0,|cmp.eqi a5, 0 -> t last: false completed top:free
[C:223711 ][SPE.STAGE ]: 	|-- BPC:0x116ce TPC:0x116d6 P0-L0-(B48-)-G0-T0-I63-ST3  TR47-UR6 sid:0 lsid:0 src0:t#2-P(45)-not_rdy,src1:t#1-P(46)-rdy,|setc.or t#2, t#1 last: false in_queue top:free
[C:223711 ][SPE.STAGE ]: 	|-- BPC:0x116ce TPC:0x116da P0-L0-(B48-)-G0-T0-I64-ST3  TR47-UR6 sid:0 lsid:0 |BSTOP last: true completed top:free<- stop of B48
[C:223711 ][SPE.STAGE ]: 	|-- BPC:0x116ce TPC:0x116ce P0-L0-(B49-)-G0-T0-I65-ST3  TR47-UR6 sid:0 lsid:0|C.BSTART.STD DIRECT, 0x116ce last: false completed top:free
[C:223711 ][SPE.STAGE ]: 	|-- BPC:0x116ce TPC:0x116d0 P0-L0-(B49-)-G0-T0-I66-ST3  TR47-UR6 sid:0 lsid:0 src0:t#2-P(45)-not_rdy,src1:t#1-P(46)-rdy,->dst0:t-P(47),|c.or t#2, t#1 -> t last: false in_queue top:free
[C:223711 ][SPE.STAGE ]: 	|-- BPC:0x116ce TPC:0x116d2 P0-L0-(B49-)-G0-T0-I67-ST3  TR48-UR6 sid:0 lsid:0 src0:a5-P(400)-rdy data=0x1,src1:0,->dst0:t-P(48) data=0x0,|cmp.eqi a5, 0 -> t last: false completed top:free
[C:223711 ][SPE.STAGE ]: 	|-- BPC:0x116ce TPC:0x116d6 P0-L0-(B49-)-G0-T0-I68-ST3  TR49-UR6 sid:0 lsid:0 src0:t#2-P(47)-not_rdy,src1:t#1-P(48)-rdy,|setc.or t#2, t#1 last: false in_queue top:free
[C:223711 ][SPE.STAGE ]: 	|-- BPC:0x116ce TPC:0x116da P0-L0-(B49-)-G0-T0-I69-ST3  TR49-UR6 sid:0 lsid:0 |BSTOP last: true completed top:free<- stop of B49
[C:223711 ][SPE.STAGE ]: 	|-- BPC:0x116ce TPC:0x116ce P0-L0-(B50-)-G0-T0-I70-ST3  TR49-UR6 sid:0 lsid:0|C.BSTART.STD DIRECT, 0x116ce last: false completed top:free
[C:223711 ][SPE.STAGE ]: 	|-- BPC:0x116ce TPC:0x116d0 P0-L0-(B50-)-G0-T0-I71-ST3  TR49-UR6 sid:0 lsid:0 src0:t#2-P(47)-not_rdy,src1:t#1-P(48)-rdy,->dst0:t-P(49),|c.or t#2, t#1 -> t last: false in_queue top:free
[C:223711 ][SPE.STAGE ]: 	|-- BPC:0x116ce TPC:0x116d2 P0-L0-(B50-)-G0-T0-I72-ST3  TR50-UR6 sid:0 lsid:0 src0:a5-P(400)-rdy data=0x1,src1:0,->dst0:t-P(50) data=0x0,|cmp.eqi a5, 0 -> t last: false completed top:free
[C:223711 ][SPE.STAGE ]: 	|-- BPC:0x116ce TPC:0x116d6 P0-L0-(B50-)-G0-T0-I73-ST3  TR51-UR6 sid:0 lsid:0 src0:t#2-P(49)-not_rdy,src1:t#1-P(50)-rdy,|setc.or t#2, t#1 last: false in_queue top:free
[C:223711 ][SPE.STAGE ]: 	|-- BPC:0x116ce TPC:0x116da P0-L0-(B50-)-G0-T0-I74-ST3  TR51-UR6 sid:0 lsid:0 |BSTOP last: true completed top:free<- stop of B50
[C:223711 ][SPE.STAGE ]: 	|-- BPC:0x116ce TPC:0x116ce P0-L0-(B51-)-G0-T0-I75-ST3  TR51-UR6 sid:0 lsid:0|C.BSTART.STD DIRECT, 0x116ce last: false completed top:free
[C:223711 ][SPE.STAGE ]: 	|-- BPC:0x116ce TPC:0x116d0 P0-L0-(B51-)-G0-T0-I76-ST3  TR51-UR6 sid:0 lsid:0 src0:t#2-P(49)-not_rdy,src1:t#1-P(50)-rdy,->dst0:t-P(51),|c.or t#2, t#1 -> t last: false in_queue top:free
[C:223711 ][SPE.STAGE ]: 	|-- BPC:0x116ce TPC:0x116d2 P0-L0-(B51-)-G0-T0-I77-ST3  TR52-UR6 sid:0 lsid:0 src0:a5-P(400)-rdy data=0x1,src1:0,->dst0:t-P(52) data=0x0,|cmp.eqi a5, 0 -> t last: false completed top:free
[C:223711 ][SPE.STAGE ]: 	|-- BPC:0x116ce TPC:0x116d6 P0-L0-(B51-)-G0-T0-I78-ST3  TR53-UR6 sid:0 lsid:0 src0:t#2-P(51)-not_rdy,src1:t#1-P(52)-rdy,|setc.or t#2, t#1 last: false in_queue top:free
[C:223711 ][SPE.STAGE ]: 	|-- BPC:0x116ce TPC:0x116da P0-L0-(B51-)-G0-T0-I79-ST3  TR53-UR6 sid:0 lsid:0 |BSTOP last: true completed top:free<- stop of B51
[C:223711 ][SPE.STAGE ]: 	|-- BPC:0x116ce TPC:0x116ce P0-L0-(B52-)-G0-T0-I80-ST3  TR53-UR6 sid:0 lsid:0|C.BSTART.STD DIRECT, 0x116ce last: false completed top:free
[C:223711 ][SPE.STAGE ]: 	|-- BPC:0x116ce TPC:0x116d0 P0-L0-(B52-)-G0-T0-I81-ST3  TR53-UR6 sid:0 lsid:0 src0:t#2-P(51)-not_rdy,src1:t#1-P(52)-rdy,->dst0:t-P(53),|c.or t#2, t#1 -> t last: false in_queue top:free
[C:223711 ][SPE.STAGE ]: 	|-- BPC:0x116ce TPC:0x116d2 P0-L0-(B52-)-G0-T0-I82-ST3  TR54-UR6 sid:0 lsid:0 src0:a5-P(400)-rdy data=0x1,src1:0,->dst0:t-P(54) data=0x0,|cmp.eqi a5, 0 -> t last: false completed top:free
[C:223711 ][SPE.STAGE ]: 	|-- BPC:0x116ce TPC:0x116d6 P0-L0-(B52-)-G0-T0-I83-ST3  TR55-UR6 sid:0 lsid:0 src0:t#2-P(53)-not_rdy,src1:t#1-P(54)-rdy,|setc.or t#2, t#1 last: false in_queue top:free
[C:223711 ][SPE.STAGE ]: 	|-- BPC:0x116ce TPC:0x116da P0-L0-(B52-)-G0-T0-I84-ST3  TR55-UR6 sid:0 lsid:0 |BSTOP last: true completed top:free<- stop of B52
[C:223711 ][SPE.STAGE ]: 	|-- BPC:0x116ce TPC:0x116ce P0-L0-(B53-)-G0-T0-I85-ST3  TR55-UR6 sid:0 lsid:0|C.BSTART.STD DIRECT, 0x116ce last: false completed top:free
[C:223711 ][SPE.STAGE ]: 	|-- BPC:0x116ce TPC:0x116d0 P0-L0-(B53-)-G0-T0-I86-ST3  TR55-UR6 sid:0 lsid:0 src0:t#2-P(53)-not_rdy,src1:t#1-P(54)-rdy,->dst0:t-P(55),|c.or t#2, t#1 -> t last: false in_queue top:free
[C:223711 ][SPE.STAGE ]: 	|-- BPC:0x116ce TPC:0x116d2 P0-L0-(B53-)-G0-T0-I87-ST3  TR56-UR6 sid:0 lsid:0 src0:a5-P(400)-rdy data=0x1,src1:0,->dst0:t-P(56) data=0x0,|cmp.eqi a5, 0 -> t last: false completed top:free
[C:223711 ][SPE.STAGE ]: 	|-- BPC:0x116ce TPC:0x116d6 P0-L0-(B53-)-G0-T0-I88-ST3  TR57-UR6 sid:0 lsid:0 src0:t#2-P(55)-not_rdy,src1:t#1-P(56)-rdy,|setc.or t#2, t#1 last: false in_queue top:free
[C:223711 ][SPE.STAGE ]: 	|-- BPC:0x116ce TPC:0x116da P0-L0-(B53-)-G0-T0-I89-ST3  TR57-UR6 sid:0 lsid:0 |BSTOP last: true completed top:free<- stop of B53
[C:223711 ][SPE.STAGE ]: 	|-- BPC:0x116ce TPC:0x116ce P0-L0-(B54-)-G0-T0-I90-ST3  TR57-UR6 sid:0 lsid:0|C.BSTART.STD DIRECT, 0x116ce last: false completed top:free
[C:223711 ][SPE.STAGE ]: 	|-- BPC:0x116ce TPC:0x116d0 P0-L0-(B54-)-G0-T0-I91-ST3  TR57-UR6 sid:0 lsid:0 src0:t#2-P(55)-not_rdy,src1:t#1-P(56)-rdy,->dst0:t-P(57),|c.or t#2, t#1 -> t last: false in_queue top:free
[C:223711 ][SPE.STAGE ]: 	|-- BPC:0x116ce TPC:0x116d2 P0-L0-(B54-)-G0-T0-I92-ST3  TR58-UR6 sid:0 lsid:0 src0:a5-P(400)-rdy data=0x1,src1:0,->dst0:t-P(58) data=0x0,|cmp.eqi a5, 0 -> t last: false completed top:free
[C:223711 ][SPE.STAGE ]: 	|-- BPC:0x116ce TPC:0x116d6 P0-L0-(B54-)-G0-T0-I93-ST3  TR59-UR6 sid:0 lsid:0 src0:t#2-P(57)-not_rdy,src1:t#1-P(58)-rdy,|setc.or t#2, t#1 last: false in_queue top:free
[C:223711 ][SPE.STAGE ]: 	|-- BPC:0x116ce TPC:0x116da P0-L0-(B54-)-G0-T0-I94-ST3  TR59-UR6 sid:0 lsid:0 |BSTOP last: true completed top:free<- stop of B54
[C:223711 ][SPE.STAGE ]: 	|-- BPC:0x116ce TPC:0x116ce P0-L0-(B55-)-G0-T0-I95-ST3  TR59-UR6 sid:0 lsid:0|C.BSTART.STD DIRECT, 0x116ce last: false completed top:free
[C:223711 ][SPE.STAGE ]: 	|-- BPC:0x116ce TPC:0x116d0 P0-L0-(B55-)-G0-T0-I96-ST3  TR59-UR6 sid:0 lsid:0 src0:t#2-P(57)-not_rdy,src1:t#1-P(58)-rdy,->dst0:t-P(59),|c.or t#2, t#1 -> t last: false in_queue top:free
[C:223711 ][SPE.STAGE ]: 	|-- BPC:0x116ce TPC:0x116d2 P0-L0-(B55-)-G0-T0-I97-ST3  TR60-UR6 sid:0 lsid:0 src0:a5-P(400)-rdy data=0x1,src1:0,->dst0:t-P(60) data=0x0,|cmp.eqi a5, 0 -> t last: false completed top:free
[C:223711 ][SPE.STAGE ]: 	|-- BPC:0x116ce TPC:0x116d6 P0-L0-(B55-)-G0-T0-I98-ST3  TR61-UR6 sid:0 lsid:0 src0:t#2-P(59)-not_rdy,src1:t#1-P(60)-rdy,|setc.or t#2, t#1 last: false in_queue top:free
[C:223711 ][SPE.STAGE ]: 	|-- BPC:0x116ce TPC:0x116da P0-L0-(B55-)-G0-T0-I99-ST3  TR61-UR6 sid:0 lsid:0 |BSTOP last: true completed top:free<- stop of B55
[C:223711 ][SPE.STAGE ]: 	|-- BPC:0x116ce TPC:0x116ce P0-L0-(B56-)-G0-T0-I100-ST3  TR61-UR6 sid:0 lsid:0|C.BSTART.STD DIRECT, 0x116ce last: false completed top:free
[C:223711 ][SPE.STAGE ]: 	|-- BPC:0x116ce TPC:0x116d0 P0-L0-(B56-)-G0-T0-I101-ST3  TR61-UR6 sid:0 lsid:0 src0:t#2-P(59)-not_rdy,src1:t#1-P(60)-rdy,->dst0:t-P(61),|c.or t#2, t#1 -> t last: false in_queue top:free
[C:223711 ][SPE.STAGE ]: 	|-- BPC:0x116ce TPC:0x116d2 P0-L0-(B56-)-G0-T0-I102-ST3  TR62-UR6 sid:0 lsid:0 src0:a5-P(400)-rdy data=0x1,src1:0,->dst0:t-P(62) data=0x0,|cmp.eqi a5, 0 -> t last: false completed top:free
[C:223711 ][SPE.STAGE ]: 	|-- BPC:0x116ce TPC:0x116d6 P0-L0-(B56-)-G0-T0-I103-ST3  TR63-UR6 sid:0 lsid:0 src0:t#2-P(61)-not_rdy,src1:t#1-P(62)-rdy,|setc.or t#2, t#1 last: false in_queue top:free
[C:223711 ][SPE.STAGE ]: 	|-- BPC:0x116ce TPC:0x116da P0-L0-(B56-)-G0-T0-I104-ST3  TR63-UR6 sid:0 lsid:0 |BSTOP last: true completed top:free<- stop of B56
[C:223711 ][SPE.STAGE ]: 	|-- BPC:0x116ce TPC:0x116ce P0-L0-(B57-)-G0-T0-I105-ST3  TR63-UR6 sid:0 lsid:0|C.BSTART.STD DIRECT, 0x116ce last: false completed top:free
[C:223711 ][SPE.STAGE ]: 	|-- BPC:0x116ce TPC:0x116d0 P0-L0-(B57-)-G0-T0-I106-ST3  TR63-UR6 sid:0 lsid:0 src0:t#2-P(61)-not_rdy,src1:t#1-P(62)-rdy,->dst0:t-P(63),|c.or t#2, t#1 -> t last: false in_queue top:free
[C:223711 ][SPE.STAGE ]: 	|-- BPC:0x116ce TPC:0x116d2 P0-L0-(B57-)-G0-T0-I107-ST3  TR64-UR6 sid:0 lsid:0 src0:a5-P(400)-rdy data=0x1,src1:0,->dst0:t-P(64) data=0x0,|cmp.eqi a5, 0 -> t last: false completed top:free
[C:223711 ][SPE.STAGE ]: 	|-- BPC:0x116ce TPC:0x116d6 P0-L0-(B57-)-G0-T0-I108-ST3  TR65-UR6 sid:0 lsid:0 src0:t#2-P(63)-not_rdy,src1:t#1-P(64)-rdy,|setc.or t#2, t#1 last: false in_queue top:free
[C:223711 ][SPE.STAGE ]: 	|-- BPC:0x116ce TPC:0x116da P0-L0-(B57-)-G0-T0-I109-ST3  TR65-UR6 sid:0 lsid:0 |BSTOP last: true completed top:free<- stop of B57
[C:223711 ][SPE.STAGE ]: 	|-- BPC:0x116ce TPC:0x116ce P0-L0-(B58-)-G0-T0-I110-ST3  TR65-UR6 sid:0 lsid:0|C.BSTART.STD DIRECT, 0x116ce last: false completed top:free
[C:223711 ][SPE.STAGE ]: 	|-- BPC:0x116ce TPC:0x116d0 P0-L0-(B58-)-G0-T0-I111-ST3  TR65-UR6 sid:0 lsid:0 src0:t#2-P(63)-not_rdy,src1:t#1-P(64)-rdy,->dst0:t-P(65),|c.or t#2, t#1 -> t last: false in_queue top:free
[C:223711 ][SPE.STAGE ]: 	|-- BPC:0x116ce TPC:0x116d2 P0-L0-(B58-)-G0-T0-I112-ST3  TR66-UR6 sid:0 lsid:0 src0:a5-P(400)-rdy data=0x1,src1:0,->dst0:t-P(66) data=0x0,|cmp.eqi a5, 0 -> t last: false completed top:free
[C:223711 ][SPE.STAGE ]: 	|-- BPC:0x116ce TPC:0x116d6 P0-L0-(B58-)-G0-T0-I113-ST3  TR67-UR6 sid:0 lsid:0 src0:t#2-P(65)-not_rdy,src1:t#1-P(66)-rdy,|setc.or t#2, t#1 last: false in_queue top:free
[C:223711 ][SPE.STAGE ]: 	|-- BPC:0x116ce TPC:0x116da P0-L0-(B58-)-G0-T0-I114-ST3  TR67-UR6 sid:0 lsid:0 |BSTOP last: true completed top:free<- stop of B58
[C:223711 ][SPE.STAGE ]: 	|-- BPC:0x116ce TPC:0x116ce P0-L0-(B59-)-G0-T0-I115-ST3  TR67-UR6 sid:0 lsid:0|C.BSTART.STD DIRECT, 0x116ce last: false completed top:free
[C:223711 ][SPE.STAGE ]: 	|-- BPC:0x116ce TPC:0x116d0 P0-L0-(B59-)-G0-T0-I116-ST3  TR67-UR6 sid:0 lsid:0 src0:t#2-P(65)-not_rdy,src1:t#1-P(66)-rdy,->dst0:t-P(67),|c.or t#2, t#1 -> t last: false in_queue top:free
[C:223711 ][SPE.STAGE ]: 	|-- BPC:0x116ce TPC:0x116d2 P0-L0-(B59-)-G0-T0-I117-ST3  TR68-UR6 sid:0 lsid:0 src0:a5-P(400)-rdy data=0x1,src1:0,->dst0:t-P(68) data=0x0,|cmp.eqi a5, 0 -> t last: false completed top:free
[C:223711 ][SPE.STAGE ]: 	|-- BPC:0x116ce TPC:0x116d6 P0-L0-(B59-)-G0-T0-I118-ST3  TR69-UR6 sid:0 lsid:0 src0:t#2-P(67)-not_rdy,src1:t#1-P(68)-rdy,|setc.or t#2, t#1 last: false in_queue top:free
[C:223711 ][SPE.STAGE ]: 	|-- BPC:0x116ce TPC:0x116da P0-L0-(B59-)-G0-T0-I119-ST3  TR69-UR6 sid:0 lsid:0 |BSTOP last: true completed top:free<- stop of B59
[C:223711 ][SPE.STAGE ]: 	|-- BPC:0x116ce TPC:0x116ce P0-L0-(B60-)-G0-T0-I120-ST3  TR69-UR6 sid:0 lsid:0|C.BSTART.STD DIRECT, 0x116ce last: false completed top:free
[C:223711 ][SPE.STAGE ]: 	|-- BPC:0x116ce TPC:0x116d0 P0-L0-(B60-)-G0-T0-I121-ST3  TR69-UR6 sid:0 lsid:0 src0:t#2-P(67)-not_rdy,src1:t#1-P(68)-rdy,->dst0:t-P(69),|c.or t#2, t#1 -> t last: false in_queue top:free
[C:223711 ][SPE.STAGE ]: 	|-- BPC:0x116ce TPC:0x116d2 P0-L0-(B60-)-G0-T0-I122-ST3  TR70-UR6 sid:0 lsid:0 src0:a5-P(400)-rdy data=0x1,src1:0,->dst0:t-P(70) data=0x0,|cmp.eqi a5, 0 -> t last: false completed top:free
[C:223711 ][SPE.STAGE ]: 	|-- BPC:0x116ce TPC:0x116d6 P0-L0-(B60-)-G0-T0-I123-ST3  TR71-UR6 sid:0 lsid:0 src0:t#2-P(69)-not_rdy,src1:t#1-P(70)-rdy,|setc.or t#2, t#1 last: false in_queue top:free
[C:223711 ][SPE.STAGE ]: 	|-- BPC:0x116ce TPC:0x116da P0-L0-(B60-)-G0-T0-I124-ST3  TR71-UR6 sid:0 lsid:0 |BSTOP last: true completed top:free<- stop of B60
[C:223711 ][SPE.STAGE ]: 	|-- BPC:0x116ce TPC:0x116ce P0-L0-(B61-)-G0-T0-I125-ST3  TR71-UR6 sid:0 lsid:0|C.BSTART.STD DIRECT, 0x116ce last: false completed top:free
[C:223711 ][SPE.STAGE ]: 	|-- BPC:0x116ce TPC:0x116d0 P0-L0-(B61-)-G0-T0-I126-ST3  TR71-UR6 sid:0 lsid:0 src0:t#2-P(69)-not_rdy,src1:t#1-P(70)-rdy,->dst0:t-P(71),|c.or t#2, t#1 -> t last: false in_queue top:free
[C:223711 ][SPE.STAGE ]: 	|-- BPC:0x116ce TPC:0x116d2 P0-L0-(B61-)-G0-T0-I127-ST3  TR72-UR6 sid:0 lsid:0 src0:a5-P(400)-rdy data=0x1,src1:0,->dst0:t-P(72) data=0x0,|cmp.eqi a5, 0 -> t last: false completed top:free
[C:223711 ][SPE.STAGE ]: 	|-- BPC:0x116ce TPC:0x116d6 P0-L0-(B61-)-G0-T0-I0-ST3  TR73-UR6 sid:0 lsid:0 src0:t#2-P(71)-not_rdy,src1:t#1-P(72)-rdy,|setc.or t#2, t#1 last: false in_queue top:free
[C:223711 ][SPE.STAGE ]: 	|-- BPC:0x116ce TPC:0x116da P0-L0-(B61-)-G0-T0-I1-ST3  TR73-UR6 sid:0 lsid:0 |BSTOP last: true completed top:free<- stop of B61
[C:223711 ][SPE.STAGE ]: 	|-- BPC:0x116ce TPC:0x116ce P0-L0-(B62-)-G0-T0-I2-ST3  TR73-UR6 sid:0 lsid:0|C.BSTART.STD DIRECT, 0x116ce last: false completed top:free
[C:223711 ][SPE.STAGE ]: 	|-- BPC:0x116ce TPC:0x116d0 P0-L0-(B62-)-G0-T0-I3-ST3  TR73-UR6 sid:0 lsid:0 src0:t#2-P(71)-not_rdy,src1:t#1-P(72)-rdy,->dst0:t-P(73),|c.or t#2, t#1 -> t last: false in_queue top:free
[C:223711 ][SPE.STAGE ]: 	|-- BPC:0x116ce TPC:0x116d2 P0-L0-(B62-)-G0-T0-I4-ST3  TR74-UR6 sid:0 lsid:0 src0:a5-P(400)-rdy data=0x1,src1:0,->dst0:t-P(74) data=0x0,|cmp.eqi a5, 0 -> t last: false completed top:free
[C:223711 ][SPE.STAGE ]: 	|-- BPC:0x116ce TPC:0x116d6 P0-L0-(B62-)-G0-T0-I5-ST3  TR75-UR6 sid:0 lsid:0 src0:t#2-P(73)-not_rdy,src1:t#1-P(74)-rdy,|setc.or t#2, t#1 last: false in_queue top:free
[C:223711 ][SPE.STAGE ]: 	|-- BPC:0x116ce TPC:0x116da P0-L0-(B62-)-G0-T0-I6-ST3  TR75-UR6 sid:0 lsid:0 |BSTOP last: true completed top:free<- stop of B62
[C:223711 ][SPE.STAGE ]: 	|-- BPC:0x116ce TPC:0x116ce P0-L0-(B63-)-G0-T0-I7-ST3  TR75-UR6 sid:0 lsid:0|C.BSTART.STD DIRECT, 0x116ce last: false completed top:free
[C:223711 ][SPE.STAGE ]: 	|-- BPC:0x116ce TPC:0x116d0 P0-L0-(B63-)-G0-T0-I8-ST3  TR75-UR6 sid:0 lsid:0 src0:t#2-P(73)-not_rdy,src1:t#1-P(74)-rdy,->dst0:t-P(75),|c.or t#2, t#1 -> t last: false in_queue top:free
[C:223711 ][SPE.STAGE ]: 	|-- BPC:0x116ce TPC:0x116d2 P0-L0-(B63-)-G0-T0-I9-ST3  TR76-UR6 sid:0 lsid:0 src0:a5-P(400)-rdy data=0x1,src1:0,->dst0:t-P(76) data=0x0,|cmp.eqi a5, 0 -> t last: false completed top:free
[C:223711 ][SPE.STAGE ]: 	|-- BPC:0x116ce TPC:0x116d6 P0-L0-(B63-)-G0-T0-I10-ST3  TR77-UR6 sid:0 lsid:0 src0:t#2-P(75)-not_rdy,src1:t#1-P(76)-rdy,|setc.or t#2, t#1 last: false in_queue top:free
[C:223711 ][SPE.STAGE ]: 	|-- BPC:0x116ce TPC:0x116da P0-L0-(B63-)-G0-T0-I11-ST3  TR77-UR6 sid:0 lsid:0 |BSTOP last: true completed top:free<- stop of B63
[C:223711 ][SPE.STAGE ]: 	|-- BPC:0x116ce TPC:0x116ce P0-L0-(B64-)-G0-T0-I12-ST3  TR77-UR6 sid:0 lsid:0|C.BSTART.STD DIRECT, 0x116ce last: false completed top:free
[C:223711 ][SPE.STAGE ]: 	|-- BPC:0x116ce TPC:0x116d0 P0-L0-(B64-)-G0-T0-I13-ST3  TR77-UR6 sid:0 lsid:0 src0:t#2-P(75)-not_rdy,src1:t#1-P(76)-rdy,->dst0:t-P(77),|c.or t#2, t#1 -> t last: false in_queue top:free
[C:223711 ][SPE.STAGE ]: 	|-- BPC:0x116ce TPC:0x116d2 P0-L0-(B64-)-G0-T0-I14-ST3  TR78-UR6 sid:0 lsid:0 src0:a5-P(400)-rdy data=0x1,src1:0,->dst0:t-P(78) data=0x0,|cmp.eqi a5, 0 -> t last: false completed top:free
[C:223711 ][SPE.STAGE ]: 	|-- BPC:0x116ce TPC:0x116d6 P0-L0-(B64-)-G0-T0-I15-ST3  TR79-UR6 sid:0 lsid:0 src0:t#2-P(77)-not_rdy,src1:t#1-P(78)-rdy,|setc.or t#2, t#1 last: false in_queue top:free
[C:223711 ][SPE.STAGE ]: 	|-- BPC:0x116ce TPC:0x116da P0-L0-(B64-)-G0-T0-I16-ST3  TR79-UR6 sid:0 lsid:0 |BSTOP last: true completed top:free<- stop of B64
[C:223711 ][SPE.STAGE ]: 	|-- BPC:0x116ce TPC:0x116ce P0-L0-(B65-)-G0-T0-I17-ST3  TR79-UR6 sid:0 lsid:0|C.BSTART.STD DIRECT, 0x116ce last: false completed top:free
[C:223711 ][SPE.STAGE ]: 	|-- BPC:0x116ce TPC:0x116d0 P0-L0-(B65-)-G0-T0-I18-ST3  TR79-UR6 sid:0 lsid:0 src0:t#2-P(77)-not_rdy,src1:t#1-P(78)-rdy,->dst0:t-P(79),|c.or t#2, t#1 -> t last: false in_queue top:free
[C:223711 ][SPE.STAGE ]: 	|-- BPC:0x116ce TPC:0x116d2 P0-L0-(B65-)-G0-T0-I19-ST3  TR80-UR6 sid:0 lsid:0 src0:a5-P(400)-rdy data=0x1,src1:0,->dst0:t-P(80) data=0x0,|cmp.eqi a5, 0 -> t last: false completed top:free
[C:223711 ][SPE.STAGE ]: 	|-- BPC:0x116ce TPC:0x116d6 P0-L0-(B65-)-G0-T0-I20-ST3  TR81-UR6 sid:0 lsid:0 src0:t#2-P(79)-not_rdy,src1:t#1-P(80)-rdy,|setc.or t#2, t#1 last: false in_queue top:free
[C:223711 ][SPE.STAGE ]: 	|-- BPC:0x116ce TPC:0x116da P0-L0-(B65-)-G0-T0-I21-ST3  TR81-UR6 sid:0 lsid:0 |BSTOP last: true completed top:free<- stop of B65
[C:223711 ][SPE.STAGE ]: 	|-- BPC:0x116ce TPC:0x116ce P0-L0-(B66-)-G0-T0-I22-ST3  TR81-UR6 sid:0 lsid:0|C.BSTART.STD DIRECT, 0x116ce last: false completed top:free
[C:223711 ][SPE.STAGE ]: 	|-- BPC:0x116ce TPC:0x116d0 P0-L0-(B66-)-G0-T0-I23-ST3  TR81-UR6 sid:0 lsid:0 src0:t#2-P(79)-not_rdy,src1:t#1-P(80)-rdy,->dst0:t-P(81),|c.or t#2, t#1 -> t last: false in_queue top:free
[C:223711 ][SPE.STAGE ]: 	|-- BPC:0x116ce TPC:0x116d2 P0-L0-(B66-)-G0-T0-I24-ST3  TR82-UR6 sid:0 lsid:0 src0:a5-P(400)-rdy data=0x1,src1:0,->dst0:t-P(82) data=0x0,|cmp.eqi a5, 0 -> t last: false completed top:free
[C:223711 ][SPE.STAGE ]: 	|-- BPC:0x116ce TPC:0x116d6 P0-L0-(B66-)-G0-T0-I25-ST3  TR83-UR6 sid:0 lsid:0 src0:t#2-P(81)-not_rdy,src1:t#1-P(82)-rdy,|setc.or t#2, t#1 last: false in_queue top:free
[C:223711 ][SPE.STAGE ]: ==================================================
[C:223712  ][VEC.TOP  ]: ==================================================
[C:223712  ][VEC.TOP  ]: VecTop pe=0 uopQ[INT] Size=0 Full=0 Empty=1 (headIsReady=-1)
[C:223712  ][VEC.TOP  ]: VecTop pe=0 uopQ[FMA] Size=0 Full=0 Empty=1 (headIsReady=-1)
[C:223712  ][VEC.TOP  ]: VecTop pe=0 uopQ[LNEXP] Size=0 Full=0 Empty=1 (headIsReady=-1)
[C:223712  ][VEC.TOP  ]: splitSlots N=4 pendingAdmit=0
[C:223712  ][VEC.TOP  ]: vecEntries=0
[C:223712  ][VEC.TOP  ]: srcBuf[INT] size=0 []
[C:223712  ][VEC.TOP  ]: srcBuf[FMA] size=0 []
[C:223712  ][VEC.TOP  ]: srcBuf[LNEXP] size=0 []
[C:223712  ][VEC.TOP  ]: pipes alu=0 fma=0 lnexp=0 nextIssue[ALU0,ALU1,FPU,LNEXP,SHARED]=0,0,0,0,0
[C:223712  ][VEC.TOP  ]: dstBuf[INT] size=0
[C:223712  ][VEC.TOP  ]: dstBuf[FMA] size=0
[C:223712  ][VEC.TOP  ]: dstBuf[LNEXP] size=0
[C:223712  ][VEC.TOP  ]: pendingWrites=0
[C:223712  ][VEC.TOP  ]: uopQ empty -- 卡点不在 uopQ ready 选择，可能块未切分（VecTop 未 ReceiveTileOp）或 SrcBuf/pipe 反压。
[C:223712  ][VEC.TOP  ]: ==================================================
[C:223712  ][VEC.TOP  ]: VecTop pe=1 uopQ[INT] Size=0 Full=0 Empty=1 (headIsReady=-1)
[C:223712  ][VEC.TOP  ]: VecTop pe=1 uopQ[FMA] Size=0 Full=0 Empty=1 (headIsReady=-1)
[C:223712  ][VEC.TOP  ]: VecTop pe=1 uopQ[LNEXP] Size=0 Full=0 Empty=1 (headIsReady=-1)
[C:223712  ][VEC.TOP  ]: splitSlots N=4 pendingAdmit=0
[C:223712  ][VEC.TOP  ]: vecEntries=0
[C:223712  ][VEC.TOP  ]: srcBuf[INT] size=0 []
[C:223712  ][VEC.TOP  ]: srcBuf[FMA] size=0 []
[C:223712  ][VEC.TOP  ]: srcBuf[LNEXP] size=0 []
[C:223712  ][VEC.TOP  ]: pipes alu=0 fma=0 lnexp=0 nextIssue[ALU0,ALU1,FPU,LNEXP,SHARED]=0,0,0,0,0
[C:223712  ][VEC.TOP  ]: dstBuf[INT] size=0
[C:223712  ][VEC.TOP  ]: dstBuf[FMA] size=0
[C:223712  ][VEC.TOP  ]: dstBuf[LNEXP] size=0
[C:223712  ][VEC.TOP  ]: pendingWrites=0
[C:223712  ][VEC.TOP  ]: uopQ empty -- 卡点不在 uopQ ready 选择，可能块未切分（VecTop 未 ReceiveTileOp）或 SrcBuf/pipe 反压。
[C:223712  ][VEC.TOP  ]: ==================================================
[C:223712  ][VEC.TOP  ]: VecTop pe=2 uopQ[INT] Size=0 Full=0 Empty=1 (headIsReady=-1)
[C:223712  ][VEC.TOP  ]: VecTop pe=2 uopQ[FMA] Size=0 Full=0 Empty=1 (headIsReady=-1)
[C:223712  ][VEC.TOP  ]: VecTop pe=2 uopQ[LNEXP] Size=0 Full=0 Empty=1 (headIsReady=-1)
[C:223712  ][VEC.TOP  ]: splitSlots N=4 pendingAdmit=0
[C:223712  ][VEC.TOP  ]: vecEntries=0
[C:223712  ][VEC.TOP  ]: srcBuf[INT] size=0 []
[C:223712  ][VEC.TOP  ]: srcBuf[FMA] size=0 []
[C:223712  ][VEC.TOP  ]: srcBuf[LNEXP] size=0 []
[C:223712  ][VEC.TOP  ]: pipes alu=0 fma=0 lnexp=0 nextIssue[ALU0,ALU1,FPU,LNEXP,SHARED]=0,0,0,0,0
[C:223712  ][VEC.TOP  ]: dstBuf[INT] size=0
[C:223712  ][VEC.TOP  ]: dstBuf[FMA] size=0
[C:223712  ][VEC.TOP  ]: dstBuf[LNEXP] size=0
[C:223712  ][VEC.TOP  ]: pendingWrites=0
[C:223712  ][VEC.TOP  ]: uopQ empty -- 卡点不在 uopQ ready 选择，可能块未切分（VecTop 未 ReceiveTileOp）或 SrcBuf/pipe 反压。
[C:223712  ][VEC.TOP  ]: ==================================================
[C:223712  ][VEC.TOP  ]: VecTop pe=3 uopQ[INT] Size=0 Full=0 Empty=1 (headIsReady=-1)
[C:223712  ][VEC.TOP  ]: VecTop pe=3 uopQ[FMA] Size=0 Full=0 Empty=1 (headIsReady=-1)
[C:223712  ][VEC.TOP  ]: VecTop pe=3 uopQ[LNEXP] Size=0 Full=0 Empty=1 (headIsReady=-1)
[C:223712  ][VEC.TOP  ]: splitSlots N=4 pendingAdmit=0
[C:223712  ][VEC.TOP  ]: vecEntries=0
[C:223712  ][VEC.TOP  ]: srcBuf[INT] size=0 []
[C:223712  ][VEC.TOP  ]: srcBuf[FMA] size=0 []
[C:223712  ][VEC.TOP  ]: srcBuf[LNEXP] size=0 []
[C:223712  ][VEC.TOP  ]: pipes alu=0 fma=0 lnexp=0 nextIssue[ALU0,ALU1,FPU,LNEXP,SHARED]=0,0,0,0,0
[C:223712  ][VEC.TOP  ]: dstBuf[INT] size=0
[C:223712  ][VEC.TOP  ]: dstBuf[FMA] size=0
[C:223712  ][VEC.TOP  ]: dstBuf[LNEXP] size=0
[C:223712  ][VEC.TOP  ]: pendingWrites=0
[C:223712  ][VEC.TOP  ]: uopQ empty -- 卡点不在 uopQ ready 选择，可能块未切分（VecTop 未 ReceiveTileOp）或 SrcBuf/pipe 反压。
hand T deallocPtr:0 retirePtr:0 lastAllocPtr:0 allocPtr:0 size 256
hand U deallocPtr:0 retirePtr:0 lastAllocPtr:0 allocPtr:0 size 256
hand M deallocPtr:0 retirePtr:0 lastAllocPtr:0 allocPtr:0 size 256
hand N deallocPtr:0 retirePtr:0 lastAllocPtr:0 allocPtr:0 size 256
hand STK deallocPtr:0 retirePtr:0 lastAllocPtr:0 allocPtr:0 size 256
tileRegSize: 256
totalTileSize: 262144
allocatorFreeSize: 262144
allocatorLargestFreeExtent: 262144
T used size: 0
U used size: 0
M used size: 0
N used size: 0
STK used size: 0
hand T deallocPtr:0 retirePtr:0 lastAllocPtr:0 allocPtr:0 size 256
hand U deallocPtr:0 retirePtr:0 lastAllocPtr:0 allocPtr:0 size 256
hand M deallocPtr:0 retirePtr:0 lastAllocPtr:0 allocPtr:0 size 256
hand N deallocPtr:0 retirePtr:0 lastAllocPtr:0 allocPtr:0 size 256
hand STK deallocPtr:0 retirePtr:0 lastAllocPtr:0 allocPtr:0 size 256
tileRegSize: 256
totalTileSize: 262144
allocatorFreeSize: 262144
allocatorLargestFreeExtent: 262144
T used size: 0
U used size: 0
M used size: 0
N used size: 0
STK used size: 0
hand T deallocPtr:0 retirePtr:0 lastAllocPtr:0 allocPtr:0 size 256
hand U deallocPtr:0 retirePtr:0 lastAllocPtr:0 allocPtr:0 size 256
hand M deallocPtr:0 retirePtr:0 lastAllocPtr:0 allocPtr:0 size 256
hand N deallocPtr:0 retirePtr:0 lastAllocPtr:0 allocPtr:0 size 256
hand STK deallocPtr:0 retirePtr:0 lastAllocPtr:0 allocPtr:0 size 256
tileRegSize: 256
totalTileSize: 262144
allocatorFreeSize: 262144
allocatorLargestFreeExtent: 262144
T used size: 0
U used size: 0
M used size: 0
N used size: 0
STK used size: 0
hand T deallocPtr:0 retirePtr:0 lastAllocPtr:0 allocPtr:0 size 256
hand U deallocPtr:0 retirePtr:0 lastAllocPtr:0 allocPtr:0 size 256
hand M deallocPtr:0 retirePtr:0 lastAllocPtr:0 allocPtr:0 size 256
hand N deallocPtr:0 retirePtr:0 lastAllocPtr:0 allocPtr:0 size 256
hand STK deallocPtr:0 retirePtr:0 lastAllocPtr:0 allocPtr:0 size 256
tileRegSize: 256
totalTileSize: 262144
allocatorFreeSize: 262144
allocatorLargestFreeExtent: 262144
T used size: 0
U used size: 0
M used size: 0
N used size: 0
STK used size: 0
================ fetchThQ Dump ====================
stid=0
empty
stid=1
empty
stid=2
empty
stid=3
empty
================ fetchThQ Dump End ================
================ deliver gates ====================
stid=0 be_q=3792+w0/4096 beOverflow=0 brq=1024 brqStall=1 brob=231/256
stid=1 be_q=3807+w0/4096 beOverflow=0 brq=1024 brqStall=1 brob=231/256
stid=2 be_q=3812+w0/4096 beOverflow=0 brq=1024 brqStall=1 brob=231/256
stid=3 be_q=3792+w0/4096 beOverflow=0 brq=1024 brqStall=1 brob=231/256
F4[tid=0] state=1 slots=33786/P1,33787/P1,33788/P1,33798/P1
F4[tid=1] state=1 slots=33774/P1,33775/P1,33776/P1,33789/P1
F4[tid=2] state=1 slots=33762/P1,33763/P1,33764/P1,33777/P1
F4[tid=3] state=1 slots=33799/P1,33800/P1,33801/P1,33813/P1
global[tid=0] F0=0/-1,-1,-1,-1, F1=2/33826,33830,33831,33832, F2=2/33814,33818,33819,33820, F3=2/33802,33803,33804,-1, 
  F2 fetchDone=1111
  F3 decodeDone=1000
global[tid=1] F0=0/-1,-1,-1,-1, F1=2/33821,33822,33823,33824, F2=1/33805,33806,33807,33808, F3=2/33790,33791,33792,-1, 
  F2 fetchDone=1111
  F3 decodeDone=1000
global[tid=2] F0=0/-1,-1,-1,-1, F1=2/33809,33810,33811,33812, F2=1/33793,33794,33795,33796, F3=2/33778,33779,33780,-1, 
  F2 fetchDone=1111
  F3 decodeDone=1000
global[tid=3] F0=0/-1,-1,-1,-1, F1=2/33833,33834,33835,33836, F2=1/33825,33827,33828,33829, F3=2/33815,33816,33817,-1, 
  F2 fetchDone=1111
  F3 decodeDone=1000
bhcStallGlobal=-1,-1,-1,-1 bhcStallLocal=-1,-1,-1,-1 stageGrants=-1/rr0,1/rr2,0/rr1,2/rr3
deliverRrTid=0 localFetchRrTid=0 lastDeliverTid=-1 localSelectVld=0 localSelectPipe=0 localSelectTid=4294967295 localSelectFbid=0 localSelectStall=0 localSelectFetched=0
localFetchState[0] vld=0 stall=0 fetched=0 pipe=0 fbid=0 fbid_local=0
localFetchState[1] vld=0 stall=0 fetched=0 pipe=0 fbid=0 fbid_local=0
localFetchState[2] vld=0 stall=0 fetched=0 pipe=0 fbid=0 fbid_local=0
localFetchState[3] vld=0 stall=0 fetched=0 pipe=0 fbid=0 fbid_local=0
================ deliver gates End ================
========================== DUMP BFU STATUS ==========================
T0 F0, state: INVALID
T0 F1, state: STALL
	fb[0] = { stid: 0, fbid: 33826, va: 0x116ce }
	fb[1] = { stid: 0, fbid: 33830, va: 0x116ce }
	fb[2] = { stid: 0, fbid: 33831, va: 0x116ce }
	fb[3] = { stid: 0, fbid: 33832, va: 0x116ce }
T0 F2, state: STALL
	fb[0] = { stid: 0, fbid: 33814, va: 0x116ce }
	fb[1] = { stid: 0, fbid: 33818, va: 0x116ce }
	fb[2] = { stid: 0, fbid: 33819, va: 0x116ce }
	fb[3] = { stid: 0, fbid: 33820, va: 0x116ce }
T0 F3, state: STALL
	fb[0] = { stid: 0, fbid: 33802, va: 0x116ce }
	fb[1] = { stid: 0, fbid: 33803, va: 0x116ce }
	fb[2] = { stid: 0, fbid: 33804, va: 0x116ce }
	fb[3] = nullptr
T1 F0, state: INVALID
T1 F1, state: STALL
	fb[0] = { stid: 1, fbid: 33821, va: 0x116ce }
	fb[1] = { stid: 1, fbid: 33822, va: 0x116ce }
	fb[2] = { stid: 1, fbid: 33823, va: 0x116ce }
	fb[3] = { stid: 1, fbid: 33824, va: 0x116ce }
T1 F2, state: VALID
	fb[0] = { stid: 1, fbid: 33805, va: 0x116ce }
	fb[1] = { stid: 1, fbid: 33806, va: 0x116ce }
	fb[2] = { stid: 1, fbid: 33807, va: 0x116ce }
	fb[3] = { stid: 1, fbid: 33808, va: 0x116ce }
T1 F3, state: STALL
	fb[0] = { stid: 1, fbid: 33790, va: 0x116ce }
	fb[1] = { stid: 1, fbid: 33791, va: 0x116ce }
	fb[2] = { stid: 1, fbid: 33792, va: 0x116ce }
	fb[3] = nullptr
T2 F0, state: INVALID
T2 F1, state: STALL
	fb[0] = { stid: 2, fbid: 33809, va: 0x116ce }
	fb[1] = { stid: 2, fbid: 33810, va: 0x116ce }
	fb[2] = { stid: 2, fbid: 33811, va: 0x116ce }
	fb[3] = { stid: 2, fbid: 33812, va: 0x116ce }
T2 F2, state: VALID
	fb[0] = { stid: 2, fbid: 33793, va: 0x116ce }
	fb[1] = { stid: 2, fbid: 33794, va: 0x116ce }
	fb[2] = { stid: 2, fbid: 33795, va: 0x116ce }
	fb[3] = { stid: 2, fbid: 33796, va: 0x116ce }
T2 F3, state: STALL
	fb[0] = { stid: 2, fbid: 33778, va: 0x116ce }
	fb[1] = { stid: 2, fbid: 33779, va: 0x116ce }
	fb[2] = { stid: 2, fbid: 33780, va: 0x116ce }
	fb[3] = nullptr
T3 F0, state: INVALID
T3 F1, state: STALL
	fb[0] = { stid: 3, fbid: 33833, va: 0x116ce }
	fb[1] = { stid: 3, fbid: 33834, va: 0x116ce }
	fb[2] = { stid: 3, fbid: 33835, va: 0x116ce }
	fb[3] = { stid: 3, fbid: 33836, va: 0x116ce }
T3 F2, state: VALID
	fb[0] = { stid: 3, fbid: 33825, va: 0x116ce }
	fb[1] = { stid: 3, fbid: 33827, va: 0x116ce }
	fb[2] = { stid: 3, fbid: 33828, va: 0x116ce }
	fb[3] = { stid: 3, fbid: 33829, va: 0x116ce }
T3 F3, state: STALL
	fb[0] = { stid: 3, fbid: 33815, va: 0x116ce }
	fb[1] = { stid: 3, fbid: 33816, va: 0x116ce }
	fb[2] = { stid: 3, fbid: 33817, va: 0x116ce }
	fb[3] = nullptr
========================== DUMP BFU END =============================
================ local BFU lanes ==================
local[0] ready=0 F0=empty F2=empty F3=empty
local[1] ready=0 F0=empty F2=empty F3=empty
local[2] ready=0 F0=empty F2=empty F3=empty
local[3] ready=0 F0=empty F2=empty F3=empty
local[4] ready=0 F0=empty F2=empty F3=empty
local[5] ready=0 F0=empty F2=empty F3=empty
local[6] ready=0 F0=empty F2=empty F3=empty
local[7] ready=0 F0=empty F2=empty F3=empty
local[8] ready=0 F0=empty F2=empty F3=empty
local[9] ready=0 F0=empty F2=empty F3=empty
local[10] ready=0 F0=empty F2=empty F3=empty
local[11] ready=0 F0=empty F2=empty F3=empty
local[12] ready=0 F0=empty F2=empty F3=empty
local[13] ready=0 F0=empty F2=empty F3=empty
local[14] ready=0 F0=empty F2=empty F3=empty
local[15] ready=0 F0=empty F2=empty F3=empty
local[16] ready=0 F0=empty F2=empty F3=empty
local[17] ready=0 F0=empty F2=empty F3=empty
local[18] ready=0 F0=empty F2=empty F3=empty
local[19] ready=0 F0=empty F2=empty F3=empty
local[20] ready=0 F0=empty F2=empty F3=empty
local[21] ready=0 F0=empty F2=empty F3=empty
local[22] ready=0 F0=empty F2=empty F3=empty
local[23] ready=0 F0=empty F2=empty F3=empty
local[24] ready=0 F0=empty F2=empty F3=empty
local[25] ready=0 F0=empty F2=empty F3=empty
local[26] ready=0 F0=empty F2=empty F3=empty
local[27] ready=0 F0=empty F2=empty F3=empty
local[28] ready=0 F0=empty F2=empty F3=empty
local[29] ready=0 F0=empty F2=empty F3=empty
local[30] ready=0 F0=empty F2=empty F3=empty
local[31] ready=0 F0=empty F2=empty F3=empty
================ local BFU lanes End ==============
============== DUMP cmdIqPark ==============
stid=0 size=0 (empty)
stid=1 size=0 (empty)
stid=2 size=0 (empty)
stid=3 size=0 (empty)
cmdIqParkRr=0
BIQ type=1 occ=0/8
BIQ type=1 occ=0/8
BIQ type=1 occ=0/8
BIQ type=1 occ=0/8
BIQ type=0 occ=0/32
BIQ type=0 occ=0/32
BIQ type=0 occ=0/32
BIQ type=0 occ=0/32
BIQ type=5 occ=0/64
BIQ type=7 occ=0/8
============== DUMP cmdIqPark END ==============
============== DUMP TLSU FRONTEND peId=0 cycle=223712 ==============
LIQ 0/64  LHQ 0/128  STQ 0/256  SCB 0/64  liqFullCycles=0 stqFullCycles=0
windows: stid0{ld=1563,st=6797,ldSlides=1547,stSlides=6733,blockedLoadId=0,blockedCnt=0} stid1{ld=1563,st=6797,ldSlides=1547,stSlides=6733,blockedLoadId=0,blockedCnt=0} stid2{ld=1563,st=6797,ldSlides=1547,stSlides=6733,blockedLoadId=0,blockedCnt=0} stid3{ld=1563,st=6797,ldSlides=1547,stSlides=6733,blockedLoadId=0,blockedCnt=0}
per-stid: stid0{liq=0/16,stq=0/64,ldNum=1547,stNum=6733} stid1{liq=0/16,stq=0/64,ldNum=1547,stNum=6733} stid2{liq=0/16,stq=0/64,ldNum=1547,stNum=6733} stid3{liq=0/16,stq=0/64,ldNum=1547,stNum=6733}
============== DUMP TLSU FRONTEND END ==============
[C:223711 ][DFX.NA    ]: 
---------------------------------------------------------------------
ERROR:Deadlock execution at:
 thread: 0B42 STID0 BPC 0x116ce [STD DIRECT] STD allocated
 thread: 1B42 STID1 BPC 0x116ce [STD DIRECT] STD allocated
 thread: 2B42 STID2 BPC 0x116ce [STD DIRECT] STD allocated
 thread: 3B42 STID3 BPC 0x116ce [STD DIRECT] STD allocated
    Cycle:223712
    Error BlockID:42
    Wait cycles:9999
    Reference queue depth:256
    Ref BPC: 0x116e4 isPar: 0
    Model BPC: 0x116ce isPar: 0 completed: false
    Model Execute Minst:
            TPC 0x116ce, opcode: BSTART, data: 0x0
    Reference Execute Minst:
            TPC 0x116e4, opcode: BSTART, data: 0x0
    Please check function model log at line: B6698 M0
    0 instructions correctly executed so far
---------------------------------------------------------------------

[gfsim] caught std::exception: ASSERTION FAILED: false && "Deadlock detected: simulation stalled, no new blocks committed for too long"
, func ResVerify, file /tmp/opencode/ssm-main/TimingSim/infra/SimSys.cpp:1287
stack:
./bin/gfsim(+0x47f2ec) [0xaaaac43ff2ec]
./bin/gfsim(+0x340d8) [0xaaaac3fb40d8]
/lib/aarch64-linux-gnu/libc.so.6(__libc_start_main+0xe8) [0xffff98b21e10]
./bin/gfsim(+0x109b78) [0xaaaac4089b78]

std::terminate called (unhandled exception or exception during unwinding)

FATAL: gfsim received signal 6
./bin/gfsim(+0x10aa44)[0xaaaac408aa44]
linux-vdso.so.1(__kernel_rt_sigreturn+0x0)[0xffff98fd48dc]
/lib/aarch64-linux-gnu/libc.so.6(gsignal+0xe0)[0xffff98b34d88]
/lib/aarch64-linux-gnu/libc.so.6(abort+0x114)[0xffff98b21aac]
./bin/gfsim(+0x10aa08)[0xaaaac408aa08]
/lib/aarch64-linux-gnu/libstdc++.so.6(+0x9f20c)[0xffff98de420c]
/lib/aarch64-linux-gnu/libstdc++.so.6(+0x9f270)[0xffff98de4270]
/lib/aarch64-linux-gnu/libstdc++.so.6(__cxa_rethrow+0x60)[0xffff98de45d0]
./bin/gfsim(+0x34fd4)[0xaaaac3fb4fd4]
/lib/aarch64-linux-gnu/libc.so.6(__libc_start_main+0xe8)[0xffff98b21e10]
./bin/gfsim(+0x109b78)[0xaaaac4089b78]
timeout: the monitored command dumped core
