./bin/gfsim -f /mnt/workspace/v300_0923_tilework/linx/SuperNPUBench/benchmark/one-level-arch/output/solution/group_token_vec/elf/solution_group_token_vec_group_token_vec_mt_dyn.elf --conf fourpe --pto-v02 true -s tlsu.fake_l2_enable=false -s core.deadlock_cycles=20000000 
[gfsim] explicit PE config present; skipping ELF auto-detection
Parse Config File:
Parse Config File:
Parse Config File:
Parse Config File:
Parse Config File:
Parse Config File:
Parse Config File:
Parse Config File:
Parse Config File:
Parse Config File:
Parse Config File:
Parse Config File:
Parse Config File:
Parse Config File:
Parse Config File:
Parse Config File:
Parse Config File:
Parse Config File:
Parse Config File:
Parse Config File:
Parse Config File:
Parse Config File:
Parse Config File:
Parse Config File:
Parse Config File:
Parse Config File:
Parse Config File:
Parse Config File:
Parse Config File:
Parse Config File:
Parse Config File:
Parse Config File:
Parse Config File:
Parse Config File:
Parse Config File:
Parse Config File:
Parse Config File:
Parse Config File:
Parse Config File:
Parse Config File:
Parse Config File:
Parse Config File:
Parse Config File:
Parse Config File:
Parse Config File:
Parse Config File:
Parse Config File:
Parse Config File:
Parse Config File:
Parse Config File:
Parse Config File:
Parse Config File:
Parse Config File:
Parse Config File:
Parse Config File:
Parse Config File:
Parse Config File:
Parse Config File:
Parse Config File:
Parse Config File:
Parse Config File:
Parse Config File:
Parse Config File:
Parse Config File:
Parse Config File:
Parse Config File:
Parse Config File:
Parse Config File:
Parse Config File:
Override configurations:
tlsu.fake_l2_enable=false
core.deadlock_cycles=20000000
core.threadCount=4
core.stdPeCount=1
core.cube_core_num=4
core.cube_thread_num=1
core.vec_core_num=4
fourpe.pe_cluster_enable=true
fourpe.pe_cluster_count=4
fourpe.pe_cluster_frontend_thread_count=4
fourpe.pe_cluster_aggregate_decode_width=8
fourpe.pe_cluster_gpr_rename_partition_entries=128
fourpe.pe_cluster_scalar_rob_partition_entries=128
fourpe.pe_cluster_scalar_iq_partition_entries=128
fourpe.pe_cluster_block_rob_partition_entries=256
fourpe.pe_cluster_block_iq_partition_entries=88
fourpe.pe_cluster_local_reg_partition_entries=88
bfu.brq_depth=1024
fourpe.pe_cluster_partition_borrow_enable=false
fourpe.pe_cluster_eligible_rr_fairness_check=true
fourpe.pe_cluster_group_contract_fatal=false
dfx.swimCounterSampleInterval=8
Memory: 0x10200 - 0x10248 (Size=0KB) [.rodata]
Memory: 0x1024c - 0x1029f (Size=0KB) [.eh_frame_hdr]
Memory: 0x102a0 - 0x103ab (Size=0KB) [.eh_frame]
Memory: 0x113ac - 0x138e7 (Size=9KB) [.text]
Memory: 0x148e8 - 0x1496f (Size=0KB) [.init_array]
Memory: 0x14970 - 0x14987 (Size=0KB) [.data.rel.ro]
Memory: 0x15988 - 0x15a13 (Size=0KB) [.sbss]
Memory: 0x18000 - 0x8417b (Size=432KB) [.bss]
Memory: 0x84180 - 0x8094180 (Size=131136KB) [stack mem]
Memory: 0x4000802000 - 0x4008803000 (Size=131076KB) [map mem]
tid: 0 Core@100000: Retired blocks 22621. BROB head info: B23 STID0 BPC 0x11518 [STD COND]
tid: 1 Core@100000: Retired blocks 22621. BROB head info: B22 STID1 BPC 0x11518 [STD COND]
tid: 2 Core@100000: Retired blocks 22621. BROB head info: B22 STID2 BPC 0x11518 [STD COND]
tid: 3 Core@100000: Retired blocks 22621. BROB head info: B26 STID3 BPC 0x11518 [STD COND]
tid: 0 Core@200000: Retired blocks 47303. BROB head info: B50 STID0 BPC 0x11588 [STD COND]
tid: 1 Core@200000: Retired blocks 47303. BROB head info: B49 STID1 BPC 0x11588 [STD COND]
tid: 2 Core@200000: Retired blocks 47303. BROB head info: B49 STID2 BPC 0x11588 [STD COND]
tid: 3 Core@200000: Retired blocks 47303. BROB head info: B51 STID3 BPC 0x11588 [STD COND]
tid: 0 Core@300000: Retired blocks 84109. BROB head info: B34 STID0 BPC 0x12084 [STD COND]
tid: 1 Core@300000: Retired blocks 84109. BROB head info: B37 STID1 BPC 0x12084 [STD COND]
tid: 2 Core@300000: Retired blocks 84109. BROB head info: B38 STID2 BPC 0x120a6 [STD DIRECT]
tid: 3 Core@300000: Retired blocks 84109. BROB head info: B32 STID3 BPC 0x120a6 [STD DIRECT]
[C:332369 ][TMA.NA    ]: scb_waw_violation peId=0 scalar=0 private=0 younger_bid=127 younger_rid=127 older_bid=118 older_rid=118 younger_slot=2 older_slot=1
[C:332376 ][TMA.NA    ]: scb_waw_violation peId=0 scalar=0 private=0 younger_bid=127 younger_rid=127 older_bid=118 older_rid=118 younger_slot=3 older_slot=4
[C:332377 ][TMA.NA    ]: scb_waw_violation peId=0 scalar=0 private=0 younger_bid=128 younger_rid=128 older_bid=119 older_rid=119 younger_slot=6 older_slot=5
[C:333253 ][TMA.NA    ]: scb_waw_violation peId=0 scalar=0 private=0 younger_bid=18 younger_rid=18 older_bid=9 older_rid=9 younger_slot=10 older_slot=8
[C:333287 ][TMA.NA    ]: scb_waw_violation peId=0 scalar=0 private=0 younger_bid=18 younger_rid=18 older_bid=9 older_rid=9 younger_slot=14 older_slot=2
[C:333298 ][TMA.NA    ]: scb_waw_violation peId=0 scalar=0 private=0 younger_bid=18 younger_rid=18 older_bid=9 older_rid=9 younger_slot=8 older_slot=17
[C:333385 ][TMA.NA    ]: scb_waw_violation peId=0 scalar=0 private=0 younger_bid=19 younger_rid=19 older_bid=10 older_rid=10 younger_slot=10 older_slot=3
[C:334233 ][TMA.NA    ]: scb_waw_violation peId=0 scalar=0 private=0 younger_bid=165 younger_rid=165 older_bid=156 older_rid=156 younger_slot=8 older_slot=0
[C:334276 ][TMA.NA    ]: scb_waw_violation peId=0 scalar=0 private=0 younger_bid=165 younger_rid=165 older_bid=156 older_rid=156 younger_slot=18 older_slot=17
[C:334329 ][TMA.NA    ]: scb_waw_violation peId=0 scalar=0 private=0 younger_bid=165 younger_rid=165 older_bid=156 older_rid=156 younger_slot=8 older_slot=2
[C:334357 ][TMA.NA    ]: scb_waw_violation peId=0 scalar=0 private=0 younger_bid=166 younger_rid=166 older_bid=157 older_rid=157 younger_slot=1 older_slot=5
[C:335237 ][TMA.NA    ]: scb_waw_violation peId=0 scalar=0 private=0 younger_bid=56 younger_rid=56 older_bid=47 older_rid=47 younger_slot=9 older_slot=0
[C:335281 ][TMA.NA    ]: scb_waw_violation peId=0 scalar=0 private=0 younger_bid=56 younger_rid=56 older_bid=47 older_rid=47 younger_slot=19 older_slot=16
[C:335333 ][TMA.NA    ]: scb_waw_violation peId=0 scalar=0 private=0 younger_bid=56 younger_rid=56 older_bid=47 older_rid=47 younger_slot=9 older_slot=2
[C:335361 ][TMA.NA    ]: scb_waw_violation peId=0 scalar=0 private=0 younger_bid=57 younger_rid=57 older_bid=48 older_rid=48 younger_slot=5 older_slot=1
[C:336239 ][TMA.NA    ]: scb_waw_violation peId=0 scalar=0 private=0 younger_bid=203 younger_rid=203 older_bid=194 older_rid=194 younger_slot=8 older_slot=0
[C:336282 ][TMA.NA    ]: scb_waw_violation peId=0 scalar=0 private=0 younger_bid=203 younger_rid=203 older_bid=194 older_rid=194 younger_slot=17 older_slot=16
[C:336335 ][TMA.NA    ]: scb_waw_violation peId=0 scalar=0 private=0 younger_bid=203 younger_rid=203 older_bid=194 older_rid=194 younger_slot=8 older_slot=2
[C:336363 ][TMA.NA    ]: scb_waw_violation peId=0 scalar=0 private=0 younger_bid=204 younger_rid=204 older_bid=195 older_rid=195 younger_slot=5 older_slot=1
[C:337210 ][TMA.NA    ]: scb_waw_violation peId=0 scalar=0 private=0 younger_bid=94 younger_rid=94 older_bid=85 older_rid=85 younger_slot=10 older_slot=7
[C:337250 ][TMA.NA    ]: scb_waw_violation peId=0 scalar=0 private=0 younger_bid=94 younger_rid=94 older_bid=85 older_rid=85 younger_slot=14 older_slot=5
[C:337303 ][TMA.NA    ]: scb_waw_violation peId=0 scalar=0 private=0 younger_bid=94 younger_rid=94 older_bid=85 older_rid=85 younger_slot=20 older_slot=19
[C:337347 ][TMA.NA    ]: scb_waw_violation peId=0 scalar=0 private=0 younger_bid=95 younger_rid=95 older_bid=86 older_rid=86 younger_slot=11 older_slot=2
[C:338236 ][TMA.NA    ]: scb_waw_violation peId=0 scalar=0 private=0 younger_bid=241 younger_rid=241 older_bid=232 older_rid=232 younger_slot=1 older_slot=10
[C:338251 ][TMA.NA    ]: scb_waw_violation peId=0 scalar=0 private=0 younger_bid=241 younger_rid=241 older_bid=232 older_rid=232 younger_slot=15 older_slot=13
[C:338292 ][TMA.NA    ]: scb_waw_violation peId=0 scalar=0 private=0 younger_bid=241 younger_rid=241 older_bid=232 older_rid=232 younger_slot=21 older_slot=20
[C:338367 ][TMA.NA    ]: scb_waw_violation peId=0 scalar=0 private=0 younger_bid=242 younger_rid=242 older_bid=233 older_rid=233 younger_slot=9 older_slot=2
[C:339254 ][TMA.NA    ]: scb_waw_violation peId=0 scalar=0 private=0 younger_bid=132 younger_rid=132 older_bid=123 older_rid=123 younger_slot=13 older_slot=11
[C:339271 ][TMA.NA    ]: scb_waw_violation peId=0 scalar=0 private=0 younger_bid=132 younger_rid=132 older_bid=123 older_rid=123 younger_slot=15 older_slot=0
[C:339295 ][TMA.NA    ]: scb_waw_violation peId=0 scalar=0 private=0 younger_bid=132 younger_rid=132 older_bid=123 older_rid=123 younger_slot=2 older_slot=20
[C:339337 ][TMA.NA    ]: scb_waw_violation peId=0 scalar=0 private=0 younger_bid=133 younger_rid=133 older_bid=124 older_rid=124 younger_slot=11 older_slot=9
[C:340214 ][TMA.NA    ]: scb_waw_violation peId=0 scalar=0 private=0 younger_bid=23 younger_rid=23 older_bid=14 older_rid=14 younger_slot=9 older_slot=7
[C:340257 ][TMA.NA    ]: scb_waw_violation peId=0 scalar=0 private=0 younger_bid=23 younger_rid=23 older_bid=14 older_rid=14 younger_slot=15 older_slot=5
[C:340309 ][TMA.NA    ]: scb_waw_violation peId=0 scalar=0 private=0 younger_bid=23 younger_rid=23 older_bid=14 older_rid=14 younger_slot=20 older_slot=19
[C:340353 ][TMA.NA    ]: scb_waw_violation peId=0 scalar=0 private=0 younger_bid=24 younger_rid=24 older_bid=15 older_rid=15 younger_slot=0 older_slot=9
[C:341243 ][TMA.NA    ]: scb_waw_violation peId=0 scalar=0 private=0 younger_bid=170 younger_rid=170 older_bid=161 older_rid=161 younger_slot=9 older_slot=1
[C:341288 ][TMA.NA    ]: scb_waw_violation peId=0 scalar=0 private=0 younger_bid=170 younger_rid=170 older_bid=161 older_rid=161 younger_slot=19 older_slot=8
[C:341297 ][TMA.NA    ]: scb_waw_violation peId=0 scalar=0 private=0 younger_bid=170 younger_rid=170 older_bid=161 older_rid=161 younger_slot=2 older_slot=20
[C:341371 ][TMA.NA    ]: scb_waw_violation peId=0 scalar=0 private=0 younger_bid=171 younger_rid=171 older_bid=162 older_rid=162 younger_slot=9 older_slot=5
[C:342247 ][TMA.NA    ]: scb_waw_violation peId=0 scalar=0 private=0 younger_bid=61 younger_rid=61 older_bid=52 older_rid=52 younger_slot=8 older_slot=0
[C:342289 ][TMA.NA    ]: scb_waw_violation peId=0 scalar=0 private=0 younger_bid=61 younger_rid=61 older_bid=52 older_rid=52 younger_slot=18 older_slot=15
[C:342343 ][TMA.NA    ]: scb_waw_violation peId=0 scalar=0 private=0 younger_bid=61 younger_rid=61 older_bid=52 older_rid=52 younger_slot=8 older_slot=2
[C:342371 ][TMA.NA    ]: scb_waw_violation peId=0 scalar=0 private=0 younger_bid=62 younger_rid=62 older_bid=53 older_rid=53 younger_slot=5 older_slot=1
[C:343249 ][TMA.NA    ]: scb_waw_violation peId=0 scalar=0 private=0 younger_bid=208 younger_rid=208 older_bid=199 older_rid=199 younger_slot=9 older_slot=0
[C:343290 ][TMA.NA    ]: scb_waw_violation peId=0 scalar=0 private=0 younger_bid=208 younger_rid=208 older_bid=199 older_rid=199 younger_slot=18 older_slot=16
[C:343343 ][TMA.NA    ]: scb_waw_violation peId=0 scalar=0 private=0 younger_bid=208 younger_rid=208 older_bid=199 older_rid=199 younger_slot=9 older_slot=2
[C:343373 ][TMA.NA    ]: scb_waw_violation peId=0 scalar=0 private=0 younger_bid=209 younger_rid=209 older_bid=200 older_rid=200 younger_slot=15 older_slot=5
[C:344251 ][TMA.NA    ]: scb_waw_violation peId=0 scalar=0 private=0 younger_bid=99 younger_rid=99 older_bid=90 older_rid=90 younger_slot=8 older_slot=0
[C:344295 ][TMA.NA    ]: scb_waw_violation peId=0 scalar=0 private=0 younger_bid=99 younger_rid=99 older_bid=90 older_rid=90 younger_slot=19 older_slot=16
[C:344347 ][TMA.NA    ]: scb_waw_violation peId=0 scalar=0 private=0 younger_bid=99 younger_rid=99 older_bid=90 older_rid=90 younger_slot=8 older_slot=2
[C:344375 ][TMA.NA    ]: scb_waw_violation peId=0 scalar=0 private=0 younger_bid=100 younger_rid=100 older_bid=91 older_rid=91 younger_slot=5 older_slot=1
[C:345222 ][TMA.NA    ]: scb_waw_violation peId=0 scalar=0 private=0 younger_bid=246 younger_rid=246 older_bid=237 older_rid=237 younger_slot=9 older_slot=7
[C:345266 ][TMA.NA    ]: scb_waw_violation peId=0 scalar=0 private=0 younger_bid=246 younger_rid=246 older_bid=237 older_rid=237 younger_slot=15 older_slot=13
[C:345317 ][TMA.NA    ]: scb_waw_violation peId=0 scalar=0 private=0 younger_bid=246 younger_rid=246 older_bid=237 older_rid=237 younger_slot=20 older_slot=19
[C:345361 ][TMA.NA    ]: scb_waw_violation peId=0 scalar=0 private=0 younger_bid=247 younger_rid=247 older_bid=238 older_rid=238 younger_slot=0 older_slot=9
[C:346250 ][TMA.NA    ]: scb_waw_violation peId=0 scalar=0 private=0 younger_bid=137 younger_rid=137 older_bid=128 older_rid=128 younger_slot=11 older_slot=10
[C:346265 ][TMA.NA    ]: scb_waw_violation peId=0 scalar=0 private=0 younger_bid=137 younger_rid=137 older_bid=128 older_rid=128 younger_slot=13 older_slot=14
[C:346306 ][TMA.NA    ]: scb_waw_violation peId=0 scalar=0 private=0 younger_bid=137 younger_rid=137 older_bid=128 older_rid=128 younger_slot=21 older_slot=20
[C:346381 ][TMA.NA    ]: scb_waw_violation peId=0 scalar=0 private=0 younger_bid=138 younger_rid=138 older_bid=129 older_rid=129 younger_slot=9 older_slot=1
[C:347270 ][TMA.NA    ]: scb_waw_violation peId=0 scalar=0 private=0 younger_bid=28 younger_rid=28 older_bid=19 older_rid=19 younger_slot=14 older_slot=12
[C:347285 ][TMA.NA    ]: scb_waw_violation peId=0 scalar=0 private=0 younger_bid=28 younger_rid=28 older_bid=19 older_rid=19 younger_slot=15 older_slot=0
[C:347309 ][TMA.NA    ]: scb_waw_violation peId=0 scalar=0 private=0 younger_bid=28 younger_rid=28 older_bid=19 older_rid=19 younger_slot=2 older_slot=20
[C:347351 ][TMA.NA    ]: scb_waw_violation peId=0 scalar=0 private=0 younger_bid=29 younger_rid=29 older_bid=20 older_rid=20 younger_slot=21 older_slot=9
[C:348228 ][TMA.NA    ]: scb_waw_violation peId=0 scalar=0 private=0 younger_bid=175 younger_rid=175 older_bid=166 older_rid=166 younger_slot=9 older_slot=7
[C:348272 ][TMA.NA    ]: scb_waw_violation peId=0 scalar=0 private=0 younger_bid=175 younger_rid=175 older_bid=166 older_rid=166 younger_slot=15 older_slot=13
[C:348323 ][TMA.NA    ]: scb_waw_violation peId=0 scalar=0 private=0 younger_bid=175 younger_rid=175 older_bid=166 older_rid=166 younger_slot=20 older_slot=19
[C:348367 ][TMA.NA    ]: scb_waw_violation peId=0 scalar=0 private=0 younger_bid=176 younger_rid=176 older_bid=167 older_rid=167 younger_slot=0 older_slot=9
[C:349253 ][TMA.NA    ]: scb_waw_violation peId=0 scalar=0 private=0 younger_bid=66 younger_rid=66 older_bid=57 older_rid=57 younger_slot=1 older_slot=9
[C:349301 ][TMA.NA    ]: scb_waw_violation peId=0 scalar=0 private=0 younger_bid=66 younger_rid=66 older_bid=57 older_rid=57 younger_slot=17 older_slot=18
[C:349311 ][TMA.NA    ]: scb_waw_violation peId=0 scalar=0 private=0 younger_bid=66 younger_rid=66 older_bid=57 older_rid=57 younger_slot=21 older_slot=20
[C:349385 ][TMA.NA    ]: scb_waw_violation peId=0 scalar=0 private=0 younger_bid=67 younger_rid=67 older_bid=58 older_rid=58 younger_slot=5 older_slot=2
[C:350261 ][TMA.NA    ]: scb_waw_violation peId=0 scalar=0 private=0 younger_bid=213 younger_rid=213 older_bid=204 older_rid=204 younger_slot=8 older_slot=0
[C:350303 ][TMA.NA    ]: scb_waw_violation peId=0 scalar=0 private=0 younger_bid=213 younger_rid=213 older_bid=204 older_rid=204 younger_slot=18 older_slot=15
[C:350357 ][TMA.NA    ]: scb_waw_violation peId=0 scalar=0 private=0 younger_bid=213 younger_rid=213 older_bid=204 older_rid=204 younger_slot=8 older_slot=2
[C:350385 ][TMA.NA    ]: scb_waw_violation peId=0 scalar=0 private=0 younger_bid=214 younger_rid=214 older_bid=205 older_rid=205 younger_slot=5 older_slot=1
[C:351263 ][TMA.NA    ]: scb_waw_violation peId=0 scalar=0 private=0 younger_bid=104 younger_rid=104 older_bid=95 older_rid=95 younger_slot=9 older_slot=0
[C:351304 ][TMA.NA    ]: scb_waw_violation peId=0 scalar=0 private=0 younger_bid=104 younger_rid=104 older_bid=95 older_rid=95 younger_slot=18 older_slot=17
[C:351357 ][TMA.NA    ]: scb_waw_violation peId=0 scalar=0 private=0 younger_bid=104 younger_rid=104 older_bid=95 older_rid=95 younger_slot=9 older_slot=2
[C:351387 ][TMA.NA    ]: scb_waw_violation peId=0 scalar=0 private=0 younger_bid=105 younger_rid=105 older_bid=96 older_rid=96 younger_slot=15 older_slot=5
[C:352265 ][TMA.NA    ]: scb_waw_violation peId=0 scalar=0 private=0 younger_bid=251 younger_rid=251 older_bid=242 older_rid=242 younger_slot=9 older_slot=0
[C:352305 ][TMA.NA    ]: scb_waw_violation peId=0 scalar=0 private=0 younger_bid=251 younger_rid=251 older_bid=242 older_rid=242 younger_slot=18 older_slot=16
[C:352361 ][TMA.NA    ]: scb_waw_violation peId=0 scalar=0 private=0 younger_bid=251 younger_rid=251 older_bid=242 older_rid=242 younger_slot=9 older_slot=2
[C:352389 ][TMA.NA    ]: scb_waw_violation peId=0 scalar=0 private=0 younger_bid=252 younger_rid=252 older_bid=243 older_rid=243 younger_slot=15 older_slot=5
[C:353234 ][TMA.NA    ]: scb_waw_violation peId=0 scalar=0 private=0 younger_bid=142 younger_rid=142 older_bid=133 older_rid=133 younger_slot=7 older_slot=8
[C:353277 ][TMA.NA    ]: scb_waw_violation peId=0 scalar=0 private=0 younger_bid=142 younger_rid=142 older_bid=133 older_rid=133 younger_slot=15 older_slot=5
[C:353329 ][TMA.NA    ]: scb_waw_violation peId=0 scalar=0 private=0 younger_bid=142 younger_rid=142 older_bid=133 older_rid=133 younger_slot=20 older_slot=19
[C:353373 ][TMA.NA    ]: scb_waw_violation peId=0 scalar=0 private=0 younger_bid=143 younger_rid=143 older_bid=134 older_rid=134 younger_slot=7 older_slot=0
[C:354259 ][TMA.NA    ]: scb_waw_violation peId=0 scalar=0 private=0 younger_bid=33 younger_rid=33 older_bid=24 older_rid=24 younger_slot=1 older_slot=10
[C:354275 ][TMA.NA    ]: scb_waw_violation peId=0 scalar=0 private=0 younger_bid=33 younger_rid=33 older_bid=24 older_rid=24 younger_slot=13 older_slot=14
[C:354320 ][TMA.NA    ]: scb_waw_violation peId=0 scalar=0 private=0 younger_bid=33 younger_rid=33 older_bid=24 older_rid=24 younger_slot=20 older_slot=8
[C:354389 ][TMA.NA    ]: scb_waw_violation peId=0 scalar=0 private=0 younger_bid=34 younger_rid=34 older_bid=25 older_rid=25 younger_slot=10 older_slot=2
[C:355279 ][TMA.NA    ]: scb_waw_violation peId=0 scalar=0 private=0 younger_bid=180 younger_rid=180 older_bid=171 older_rid=171 younger_slot=13 older_slot=12
[C:355295 ][TMA.NA    ]: scb_waw_violation peId=0 scalar=0 private=0 younger_bid=180 younger_rid=180 older_bid=171 older_rid=171 younger_slot=14 older_slot=0
[C:355319 ][TMA.NA    ]: scb_waw_violation peId=0 scalar=0 private=0 younger_bid=180 younger_rid=180 older_bid=171 older_rid=171 younger_slot=2 older_slot=20
[C:355361 ][TMA.NA    ]: scb_waw_violation peId=0 scalar=0 private=0 younger_bid=181 younger_rid=181 older_bid=172 older_rid=172 younger_slot=12 older_slot=9
[C:356238 ][TMA.NA    ]: scb_waw_violation peId=0 scalar=0 private=0 younger_bid=71 younger_rid=71 older_bid=62 older_rid=62 younger_slot=9 older_slot=6
[C:356280 ][TMA.NA    ]: scb_waw_violation peId=0 scalar=0 private=0 younger_bid=71 younger_rid=71 older_bid=62 older_rid=62 younger_slot=14 older_slot=13
[C:356333 ][TMA.NA    ]: scb_waw_violation peId=0 scalar=0 private=0 younger_bid=71 younger_rid=71 older_bid=62 older_rid=62 younger_slot=20 older_slot=19
[C:356377 ][TMA.NA    ]: scb_waw_violation peId=0 scalar=0 private=0 younger_bid=72 younger_rid=72 older_bid=63 older_rid=63 younger_slot=9 older_slot=0
[C:357263 ][TMA.NA    ]: scb_waw_violation peId=0 scalar=0 private=0 younger_bid=218 younger_rid=218 older_bid=209 older_rid=209 younger_slot=1 older_slot=8
[C:357311 ][TMA.NA    ]: scb_waw_violation peId=0 scalar=0 private=0 younger_bid=218 younger_rid=218 older_bid=209 older_rid=209 younger_slot=18 older_slot=17
[C:357321 ][TMA.NA    ]: scb_waw_violation peId=0 scalar=0 private=0 younger_bid=218 younger_rid=218 older_bid=209 older_rid=209 younger_slot=21 older_slot=19
[C:357395 ][TMA.NA    ]: scb_waw_violation peId=0 scalar=0 private=0 younger_bid=219 younger_rid=219 older_bid=210 older_rid=210 younger_slot=5 older_slot=2
[C:358271 ][TMA.NA    ]: scb_waw_violation peId=0 scalar=0 private=0 younger_bid=109 younger_rid=109 older_bid=100 older_rid=100 younger_slot=9 older_slot=0
[C:358314 ][TMA.NA    ]: scb_waw_violation peId=0 scalar=0 private=0 younger_bid=109 younger_rid=109 older_bid=100 older_rid=100 younger_slot=17 older_slot=16
[C:358367 ][TMA.NA    ]: scb_waw_violation peId=0 scalar=0 private=0 younger_bid=109 younger_rid=109 older_bid=100 older_rid=100 younger_slot=9 older_slot=2
[C:358395 ][TMA.NA    ]: scb_waw_violation peId=0 scalar=0 private=0 younger_bid=110 younger_rid=110 older_bid=101 older_rid=101 younger_slot=5 older_slot=1
[C:359271 ][TMA.NA    ]: scb_waw_violation peId=0 scalar=0 private=0 younger_bid=0 younger_rid=0 older_bid=247 older_rid=247 younger_slot=9 older_slot=0
[C:359314 ][TMA.NA    ]: scb_waw_violation peId=0 scalar=0 private=0 younger_bid=0 younger_rid=0 older_bid=247 older_rid=247 younger_slot=17 older_slot=16
[C:359367 ][TMA.NA    ]: scb_waw_violation peId=0 scalar=0 private=0 younger_bid=0 younger_rid=0 older_bid=247 older_rid=247 younger_slot=9 older_slot=2
[C:359395 ][TMA.NA    ]: scb_waw_violation peId=0 scalar=0 private=0 younger_bid=1 younger_rid=1 older_bid=248 older_rid=248 younger_slot=5 older_slot=1
[C:360271 ][TMA.NA    ]: scb_waw_violation peId=0 scalar=0 private=0 younger_bid=147 younger_rid=147 older_bid=138 older_rid=138 younger_slot=9 older_slot=0
[C:360314 ][TMA.NA    ]: scb_waw_violation peId=0 scalar=0 private=0 younger_bid=147 younger_rid=147 older_bid=138 older_rid=138 younger_slot=17 older_slot=16
[C:360367 ][TMA.NA    ]: scb_waw_violation peId=0 scalar=0 private=0 younger_bid=147 younger_rid=147 older_bid=138 older_rid=138 younger_slot=9 older_slot=2
[C:360395 ][TMA.NA    ]: scb_waw_violation peId=0 scalar=0 private=0 younger_bid=148 younger_rid=148 older_bid=139 older_rid=139 younger_slot=5 older_slot=1
[C:361243 ][TMA.NA    ]: scb_waw_violation peId=0 scalar=0 private=0 younger_bid=38 younger_rid=38 older_bid=29 older_rid=29 younger_slot=8 older_slot=6
[C:361284 ][TMA.NA    ]: scb_waw_violation peId=0 scalar=0 private=0 younger_bid=38 younger_rid=38 older_bid=29 older_rid=29 younger_slot=14 older_slot=5
[C:361337 ][TMA.NA    ]: scb_waw_violation peId=0 scalar=0 private=0 younger_bid=38 younger_rid=38 older_bid=29 older_rid=29 younger_slot=20 older_slot=19
[C:361369 ][TMA.NA    ]: scb_waw_violation peId=0 scalar=0 private=0 younger_bid=39 younger_rid=39 older_bid=30 older_rid=30 younger_slot=2 older_slot=11
[C:362269 ][TMA.NA    ]: scb_waw_violation peId=0 scalar=0 private=0 younger_bid=185 younger_rid=185 older_bid=176 older_rid=176 younger_slot=1 older_slot=10
[C:362287 ][TMA.NA    ]: scb_waw_violation peId=0 scalar=0 private=0 younger_bid=185 younger_rid=185 older_bid=176 older_rid=176 younger_slot=16 older_slot=14
[C:362325 ][TMA.NA    ]: scb_waw_violation peId=0 scalar=0 private=0 younger_bid=185 younger_rid=185 older_bid=176 older_rid=176 younger_slot=21 older_slot=20
[C:362399 ][TMA.NA    ]: scb_waw_violation peId=0 scalar=0 private=0 younger_bid=186 younger_rid=186 older_bid=177 older_rid=177 younger_slot=9 older_slot=2
[C:363290 ][TMA.NA    ]: scb_waw_violation peId=0 scalar=0 private=0 younger_bid=76 younger_rid=76 older_bid=67 older_rid=67 younger_slot=14 older_slot=12
[C:363303 ][TMA.NA    ]: scb_waw_violation peId=0 scalar=0 private=0 younger_bid=76 younger_rid=76 older_bid=67 older_rid=67 younger_slot=13 older_slot=0
[C:363327 ][TMA.NA    ]: scb_waw_violation peId=0 scalar=0 private=0 younger_bid=76 younger_rid=76 older_bid=67 older_rid=67 younger_slot=2 older_slot=20
[C:363369 ][TMA.NA    ]: scb_waw_violation peId=0 scalar=0 private=0 younger_bid=77 younger_rid=77 older_bid=68 older_rid=68 younger_slot=21 older_slot=9
[C:367476 ][TMA.NA    ]: scb_waw_violation peId=0 scalar=0 private=0 younger_bid=89 younger_rid=89 older_bid=76 older_rid=76 younger_slot=1 older_slot=0
[C:367477 ][TMA.NA    ]: scb_waw_violation peId=0 scalar=0 private=0 younger_bid=102 younger_rid=102 older_bid=76 older_rid=76 younger_slot=2 older_slot=0
[C:367477 ][TMA.NA    ]: scb_waw_violation peId=0 scalar=0 private=0 younger_bid=102 younger_rid=102 older_bid=89 older_rid=89 younger_slot=2 older_slot=1
[C:367478 ][TMA.NA    ]: scb_waw_violation peId=0 scalar=0 private=0 younger_bid=115 younger_rid=115 older_bid=76 older_rid=76 younger_slot=3 older_slot=0
[C:367478 ][TMA.NA    ]: scb_waw_violation peId=0 scalar=0 private=0 younger_bid=115 younger_rid=115 older_bid=89 older_rid=89 younger_slot=3 older_slot=1
[C:367478 ][TMA.NA    ]: scb_waw_violation peId=0 scalar=0 private=0 younger_bid=115 younger_rid=115 older_bid=102 older_rid=102 younger_slot=3 older_slot=2
[C:372404 ][TMA.NA    ]: scb_waw_violation peId=0 scalar=0 private=0 younger_bid=251 younger_rid=251 older_bid=238 older_rid=238 younger_slot=1 older_slot=0
tid: 0 Core@400000: Retired blocks 144522. BROB head info: B39 STID0 BPC 0x124fc [STD DIRECT]
tid: 1 Core@400000: Retired blocks 144522. BROB head info: B24 STID1 BPC 0x12b9a [STD FALL]
tid: 2 Core@400000: Retired blocks 144522. BROB head info: B39 STID2 BPC 0x12bb4 [STD COND]
tid: 3 Core@400000: Retired blocks 144522. BROB head info: B36 STID3 BPC 0x12b8c [STD COND]
tid: 0 Core@500000: Retired blocks 219523. BROB head info: B101 STID0 BPC 0x124fc [STD DIRECT]
tid: 1 Core@500000: Retired blocks 219523. BROB head info: B86 STID1 BPC 0x12b9a [STD FALL]
tid: 2 Core@500000: Retired blocks 219523. BROB head info: B101 STID2 BPC 0x12bb4 [STD COND]
tid: 3 Core@500000: Retired blocks 219523. BROB head info: B99 STID3 BPC 0x12b9a [STD FALL]
tid: 0 Core@600000: Retired blocks 283300. BROB head info: B195 STID0 BPC 0x125ac [STD FALL]
tid: 1 Core@600000: Retired blocks 283300. BROB head info: B148 STID1 BPC 0x12b9a [STD FALL]
tid: 2 Core@600000: Retired blocks 283300. BROB head info: B172 STID2 BPC 0x12bb4 [STD COND]
tid: 3 Core@600000: Retired blocks 283300. BROB head info: B161 STID3 BPC 0x12b9a [STD FALL]
tid: 0 Core@700000: Retired blocks 345647. BROB head info: B154 STID0 BPC 0x12628 [STD COND]
tid: 1 Core@700000: Retired blocks 345647. BROB head info: B210 STID1 BPC 0x12b9a [STD FALL]
tid: 2 Core@700000: Retired blocks 345647. BROB head info: B234 STID2 BPC 0x12bb4 [STD COND]
tid: 3 Core@700000: Retired blocks 345647. BROB head info: B217 STID3 BPC 0x12b9a [STD FALL]
tid: 0 Core@800000: Retired blocks 408228. BROB head info: B86 STID0 BPC 0x12628 [STD COND]
tid: 1 Core@800000: Retired blocks 408228. BROB head info: B16 STID1 BPC 0x12b9a [STD FALL]
tid: 2 Core@800000: Retired blocks 408228. BROB head info: B39 STID2 BPC 0x12b9a [STD FALL]
tid: 3 Core@800000: Retired blocks 408228. BROB head info: B23 STID3 BPC 0x12b9a [STD FALL]
[C:849445 ][TMA.NA    ]: nuke_pair_diag ld_stid=0 ld_bid=205/w0 ld_rid=114 st_stid=0 st_bid=204/w0 st_rid=104
tid: 0 Core@900000: Retired blocks 455213. BROB head info: B137 STID0 BPC 0x11518 [STD COND]
tid: 1 Core@900000: Retired blocks 455213. BROB head info: B123 STID1 BPC 0x11518 [STD COND]
tid: 2 Core@900000: Retired blocks 455213. BROB head info: B22 STID2 BPC 0x11518 [STD COND]
tid: 3 Core@900000: Retired blocks 455213. BROB head info: B19 STID3 BPC 0x11518 [STD COND]
tid: 0 Core@1000000: Retired blocks 477930. BROB head info: B184 STID0 BPC 0x11518 [STD COND]
tid: 1 Core@1000000: Retired blocks 477930. BROB head info: B171 STID1 BPC 0x11518 [STD COND]
tid: 2 Core@1000000: Retired blocks 477930. BROB head info: B69 STID2 BPC 0x11518 [STD COND]
tid: 3 Core@1000000: Retired blocks 477930. BROB head info: B66 STID3 BPC 0x11518 [STD COND]
tid: 0 Core@1100000: Retired blocks 505832. BROB head info: B246 STID0 BPC 0x11588 [STD COND]
tid: 1 Core@1100000: Retired blocks 505832. BROB head info: B235 STID1 BPC 0x11588 [STD COND]
tid: 2 Core@1100000: Retired blocks 505832. BROB head info: B133 STID2 BPC 0x11588 [STD COND]
tid: 3 Core@1100000: Retired blocks 505832. BROB head info: B130 STID3 BPC 0x11588 [STD COND]
tid: 0 Core@1200000: Retired blocks 546285. BROB head info: B119 STID0 BPC 0x120a6 [STD DIRECT]
tid: 1 Core@1200000: Retired blocks 546285. BROB head info: B110 STID1 BPC 0x12084 [STD COND]
tid: 2 Core@1200000: Retired blocks 546285. BROB head info: B6 STID2 BPC 0x12084 [STD COND]
tid: 3 Core@1200000: Retired blocks 546285. BROB head info: B2 STID3 BPC 0x12042 [STD COND]
[C:1206237][TMA.NA    ]: scb_waw_violation peId=0 scalar=0 private=0 younger_bid=168 younger_rid=168 older_bid=159 older_rid=159 younger_slot=1 older_slot=0
[C:1206239][TMA.NA    ]: scb_waw_violation peId=0 scalar=0 private=0 younger_bid=155 younger_rid=155 older_bid=146 older_rid=146 younger_slot=5 older_slot=4
[C:1207376][TMA.NA    ]: scb_waw_violation peId=0 scalar=0 private=0 younger_bid=111 younger_rid=111 older_bid=102 older_rid=102 younger_slot=3 older_slot=0
[C:1207394][TMA.NA    ]: scb_waw_violation peId=0 scalar=0 private=0 younger_bid=98 younger_rid=98 older_bid=89 older_rid=89 younger_slot=5 older_slot=1
[C:1207419][TMA.NA    ]: scb_waw_violation peId=0 scalar=0 private=0 younger_bid=210 younger_rid=210 older_bid=201 older_rid=201 younger_slot=0 older_slot=2
[C:1208431][TMA.NA    ]: scb_waw_violation peId=0 scalar=0 private=0 younger_bid=54 younger_rid=54 older_bid=45 older_rid=45 younger_slot=5 older_slot=4
[C:1208449][TMA.NA    ]: scb_waw_violation peId=0 scalar=0 private=0 younger_bid=41 younger_rid=41 older_bid=32 older_rid=32 younger_slot=6 older_slot=0
[C:1208918][TMA.NA    ]: scb_waw_violation peId=0 scalar=0 private=0 younger_bid=153 younger_rid=153 older_bid=144 older_rid=144 younger_slot=0 older_slot=1
[C:1209198][TMA.NA    ]: scb_waw_violation peId=0 scalar=0 private=0 younger_bid=200 younger_rid=200 older_bid=191 older_rid=191 younger_slot=0 older_slot=5
[C:1209445][TMA.NA    ]: scb_waw_violation peId=0 scalar=0 private=0 younger_bid=240 younger_rid=240 older_bid=231 older_rid=231 younger_slot=3 older_slot=2
[C:1209492][TMA.NA    ]: scb_waw_violation peId=0 scalar=0 private=0 younger_bid=253 younger_rid=253 older_bid=244 older_rid=244 younger_slot=5 older_slot=0
[C:1210079][TMA.NA    ]: scb_waw_violation peId=0 scalar=0 private=0 younger_bid=96 younger_rid=96 older_bid=87 older_rid=87 younger_slot=9 older_slot=5
[C:1210325][TMA.NA    ]: scb_waw_violation peId=0 scalar=0 private=0 younger_bid=143 younger_rid=143 older_bid=134 older_rid=134 younger_slot=6 older_slot=4
[C:1210583][TMA.NA    ]: scb_waw_violation peId=0 scalar=0 private=0 younger_bid=183 younger_rid=183 older_bid=174 older_rid=174 younger_slot=6 older_slot=4
[C:1210599][TMA.NA    ]: scb_waw_violation peId=0 scalar=0 private=0 younger_bid=196 younger_rid=196 older_bid=187 older_rid=187 younger_slot=9 older_slot=0
[C:1211133][TMA.NA    ]: scb_waw_violation peId=0 scalar=0 private=0 younger_bid=39 younger_rid=39 older_bid=30 older_rid=30 younger_slot=5 older_slot=4
[C:1211407][TMA.NA    ]: scb_waw_violation peId=0 scalar=0 private=0 younger_bid=86 younger_rid=86 older_bid=77 older_rid=77 younger_slot=4 older_slot=0
[C:1211649][TMA.NA    ]: scb_waw_violation peId=0 scalar=0 private=0 younger_bid=126 younger_rid=126 older_bid=117 older_rid=117 younger_slot=9 older_slot=19
[C:1211709][TMA.NA    ]: scb_waw_violation peId=0 scalar=0 private=0 younger_bid=139 younger_rid=139 older_bid=130 older_rid=130 younger_slot=8 older_slot=0
[C:1212377][TMA.NA    ]: scb_waw_violation peId=0 scalar=0 private=0 younger_bid=238 younger_rid=238 older_bid=229 older_rid=229 younger_slot=10 older_slot=2
[C:1212583][TMA.NA    ]: scb_waw_violation peId=0 scalar=0 private=0 younger_bid=29 younger_rid=29 older_bid=20 older_rid=20 younger_slot=5 older_slot=3
[C:1212887][TMA.NA    ]: scb_waw_violation peId=0 scalar=0 private=0 younger_bid=69 younger_rid=69 older_bid=60 older_rid=60 younger_slot=21 older_slot=2
[C:1212941][TMA.NA    ]: scb_waw_violation peId=0 scalar=0 private=0 younger_bid=82 younger_rid=82 older_bid=73 older_rid=73 younger_slot=12 older_slot=9
[C:1213654][TMA.NA    ]: scb_waw_violation peId=0 scalar=0 private=0 younger_bid=181 younger_rid=181 older_bid=172 older_rid=172 younger_slot=2 older_slot=1
[C:1213781][TMA.NA    ]: scb_waw_violation peId=0 scalar=0 private=0 younger_bid=228 younger_rid=228 older_bid=219 older_rid=219 younger_slot=10 older_slot=2
[C:1214129][TMA.NA    ]: scb_waw_violation peId=0 scalar=0 private=0 younger_bid=12 younger_rid=12 older_bid=3 older_rid=3 younger_slot=22 older_slot=19
[C:1214197][TMA.NA    ]: scb_waw_violation peId=0 scalar=0 private=0 younger_bid=25 younger_rid=25 older_bid=16 older_rid=16 younger_slot=8 older_slot=7
[C:1214965][TMA.NA    ]: scb_waw_violation peId=0 scalar=0 private=0 younger_bid=124 younger_rid=124 older_bid=115 older_rid=115 younger_slot=9 older_slot=2
[C:1215097][TMA.NA    ]: scb_waw_violation peId=0 scalar=0 private=0 younger_bid=171 younger_rid=171 older_bid=162 older_rid=162 younger_slot=10 older_slot=4
[C:1215284][TMA.NA    ]: scb_waw_violation peId=0 scalar=0 private=0 younger_bid=211 younger_rid=211 older_bid=202 older_rid=202 younger_slot=23 older_slot=22
[C:1215367][TMA.NA    ]: scb_waw_violation peId=0 scalar=0 private=0 younger_bid=224 younger_rid=224 older_bid=215 older_rid=215 younger_slot=12 older_slot=11
[C:1216253][TMA.NA    ]: scb_waw_violation peId=0 scalar=0 private=0 younger_bid=67 younger_rid=67 older_bid=58 older_rid=58 younger_slot=9 older_slot=2
[C:1216381][TMA.NA    ]: scb_waw_violation peId=0 scalar=0 private=0 younger_bid=114 younger_rid=114 older_bid=105 older_rid=105 younger_slot=25 older_slot=24
[C:1216465][TMA.NA    ]: scb_waw_violation peId=0 scalar=0 private=0 younger_bid=154 younger_rid=154 older_bid=145 older_rid=145 younger_slot=10 older_slot=2
[C:1216611][TMA.NA    ]: scb_waw_violation peId=0 scalar=0 private=0 younger_bid=167 younger_rid=167 older_bid=158 older_rid=158 younger_slot=10 older_slot=4
[C:1217539][TMA.NA    ]: scb_waw_violation peId=0 scalar=0 private=0 younger_bid=10 younger_rid=10 older_bid=1 older_rid=1 younger_slot=8 older_slot=14
[C:1217617][TMA.NA    ]: scb_waw_violation peId=0 scalar=0 private=0 younger_bid=57 younger_rid=57 older_bid=48 older_rid=48 younger_slot=9 older_slot=2
[C:1217765][TMA.NA    ]: scb_waw_violation peId=0 scalar=0 private=0 younger_bid=97 younger_rid=97 older_bid=88 older_rid=88 younger_slot=29 older_slot=2
[C:1217807][TMA.NA    ]: scb_waw_violation peId=0 scalar=0 private=0 younger_bid=110 younger_rid=110 older_bid=101 older_rid=101 younger_slot=23 older_slot=4
[C:1218833][TMA.NA    ]: scb_waw_violation peId=0 scalar=0 private=0 younger_bid=209 younger_rid=209 older_bid=200 older_rid=200 younger_slot=18 older_slot=17
[C:1218893][TMA.NA    ]: scb_waw_violation peId=0 scalar=0 private=0 younger_bid=0 younger_rid=0 older_bid=247 older_rid=247 younger_slot=26 older_slot=9
[C:1218937][TMA.NA    ]: scb_waw_violation peId=0 scalar=0 private=0 younger_bid=40 younger_rid=40 older_bid=31 older_rid=31 younger_slot=18 older_slot=17
[C:1219071][TMA.NA    ]: scb_waw_violation peId=0 scalar=0 private=0 younger_bid=53 younger_rid=53 older_bid=44 older_rid=44 younger_slot=12 older_slot=9
[C:1220065][TMA.NA    ]: scb_waw_violation peId=0 scalar=0 private=0 younger_bid=152 younger_rid=152 older_bid=143 older_rid=143 younger_slot=10 older_slot=9
[C:1220161][TMA.NA    ]: scb_waw_violation peId=0 scalar=0 private=0 younger_bid=199 younger_rid=199 older_bid=190 older_rid=190 younger_slot=9 older_slot=2
[C:1220199][TMA.NA    ]: scb_waw_violation peId=0 scalar=0 private=0 younger_bid=239 younger_rid=239 older_bid=230 older_rid=230 younger_slot=4 older_slot=10
[C:1220383][TMA.NA    ]: scb_waw_violation peId=0 scalar=0 private=0 younger_bid=252 younger_rid=252 older_bid=243 older_rid=243 younger_slot=4 older_slot=10
[C:1221323][TMA.NA    ]: scb_waw_violation peId=0 scalar=0 private=0 younger_bid=95 younger_rid=95 older_bid=86 older_rid=86 younger_slot=10 older_slot=9
[C:1221419][TMA.NA    ]: scb_waw_violation peId=0 scalar=0 private=0 younger_bid=142 younger_rid=142 older_bid=133 older_rid=133 younger_slot=25 older_slot=9
[C:1221542][TMA.NA    ]: scb_waw_violation peId=0 scalar=0 private=0 younger_bid=182 younger_rid=182 older_bid=173 older_rid=173 younger_slot=25 older_slot=10
[C:1221731][TMA.NA    ]: scb_waw_violation peId=0 scalar=0 private=0 younger_bid=195 younger_rid=195 older_bid=186 older_rid=186 younger_slot=10 older_slot=5
[C:1222579][TMA.NA    ]: scb_waw_violation peId=0 scalar=0 private=0 younger_bid=38 younger_rid=38 older_bid=29 older_rid=29 younger_slot=10 older_slot=9
[C:1222677][TMA.NA    ]: scb_waw_violation peId=0 scalar=0 private=0 younger_bid=85 younger_rid=85 older_bid=76 older_rid=76 younger_slot=9 older_slot=2
[C:1222705][TMA.NA    ]: scb_waw_violation peId=0 scalar=0 private=0 younger_bid=125 younger_rid=125 older_bid=116 older_rid=116 younger_slot=11 older_slot=10
[C:1222855][TMA.NA    ]: scb_waw_violation peId=0 scalar=0 private=0 younger_bid=138 younger_rid=138 older_bid=129 older_rid=129 younger_slot=26 older_slot=10
[C:1223837][TMA.NA    ]: scb_waw_violation peId=0 scalar=0 private=0 younger_bid=237 younger_rid=237 older_bid=228 older_rid=228 younger_slot=10 older_slot=9
[C:1223935][TMA.NA    ]: scb_waw_violation peId=0 scalar=0 private=0 younger_bid=28 younger_rid=28 older_bid=19 older_rid=19 younger_slot=25 older_slot=9
[C:1224017][TMA.NA    ]: scb_waw_violation peId=0 scalar=0 private=0 younger_bid=68 younger_rid=68 older_bid=59 older_rid=59 younger_slot=10 older_slot=4
[C:1224158][TMA.NA    ]: scb_waw_violation peId=0 scalar=0 private=0 younger_bid=81 younger_rid=81 older_bid=72 older_rid=72 younger_slot=3 older_slot=19
[C:1225097][TMA.NA    ]: scb_waw_violation peId=0 scalar=0 private=0 younger_bid=180 younger_rid=180 older_bid=171 older_rid=171 younger_slot=10 older_slot=9
[C:1225193][TMA.NA    ]: scb_waw_violation peId=0 scalar=0 private=0 younger_bid=227 younger_rid=227 older_bid=218 older_rid=218 younger_slot=9 older_slot=2
[C:1225277][TMA.NA    ]: scb_waw_violation peId=0 scalar=0 private=0 younger_bid=11 younger_rid=11 older_bid=2 older_rid=2 younger_slot=27 older_slot=10
[C:1225359][TMA.NA    ]: scb_waw_violation peId=0 scalar=0 private=0 younger_bid=24 younger_rid=24 older_bid=15 older_rid=15 younger_slot=26 older_slot=12
[C:1226351][TMA.NA    ]: scb_waw_violation peId=0 scalar=0 private=0 younger_bid=123 younger_rid=123 older_bid=114 older_rid=114 younger_slot=10 older_slot=9
[C:1226449][TMA.NA    ]: scb_waw_violation peId=0 scalar=0 private=0 younger_bid=170 younger_rid=170 older_bid=161 older_rid=161 younger_slot=9 older_slot=2
[C:1226522][TMA.NA    ]: scb_waw_violation peId=0 scalar=0 private=0 younger_bid=210 younger_rid=210 older_bid=201 older_rid=201 younger_slot=3 older_slot=10
[C:1226683][TMA.NA    ]: scb_waw_violation peId=0 scalar=0 private=0 younger_bid=223 younger_rid=223 older_bid=214 older_rid=214 younger_slot=3 older_slot=10
[C:1227611][TMA.NA    ]: scb_waw_violation peId=0 scalar=0 private=0 younger_bid=66 younger_rid=66 older_bid=57 older_rid=57 younger_slot=10 older_slot=9
[C:1227707][TMA.NA    ]: scb_waw_violation peId=0 scalar=0 private=0 younger_bid=113 younger_rid=113 older_bid=104 older_rid=104 younger_slot=9 older_slot=2
[C:1227735][TMA.NA    ]: scb_waw_violation peId=0 scalar=0 private=0 younger_bid=153 younger_rid=153 older_bid=144 older_rid=144 younger_slot=11 older_slot=10
[C:1227873][TMA.NA    ]: scb_waw_violation peId=0 scalar=0 private=0 younger_bid=166 younger_rid=166 older_bid=157 older_rid=157 younger_slot=26 older_slot=12
[C:1228867][TMA.NA    ]: scb_waw_violation peId=0 scalar=0 private=0 younger_bid=9 younger_rid=9 older_bid=0 older_rid=0 younger_slot=10 older_slot=9
[C:1228963][TMA.NA    ]: scb_waw_violation peId=0 scalar=0 private=0 younger_bid=56 younger_rid=56 older_bid=47 older_rid=47 younger_slot=9 older_slot=2
[C:1228991][TMA.NA    ]: scb_waw_violation peId=0 scalar=0 private=0 younger_bid=96 younger_rid=96 older_bid=87 older_rid=87 younger_slot=11 older_slot=10
[C:1230123][TMA.NA    ]: scb_waw_violation peId=0 scalar=0 private=0 younger_bid=208 younger_rid=208 older_bid=199 older_rid=199 younger_slot=10 older_slot=9
[C:1230219][TMA.NA    ]: scb_waw_violation peId=0 scalar=0 private=0 younger_bid=255 younger_rid=255 older_bid=246 older_rid=246 younger_slot=9 older_slot=2
[C:1230249][TMA.NA    ]: scb_waw_violation peId=0 scalar=0 private=0 younger_bid=39 younger_rid=39 older_bid=30 older_rid=30 younger_slot=11 older_slot=10
[C:1230397][TMA.NA    ]: scb_waw_violation peId=0 scalar=0 private=0 younger_bid=52 younger_rid=52 older_bid=43 older_rid=43 younger_slot=26 older_slot=10
[C:1231381][TMA.NA    ]: scb_waw_violation peId=0 scalar=0 private=0 younger_bid=151 younger_rid=151 older_bid=142 older_rid=142 younger_slot=10 older_slot=9
[C:1231477][TMA.NA    ]: scb_waw_violation peId=0 scalar=0 private=0 younger_bid=198 younger_rid=198 older_bid=189 older_rid=189 younger_slot=9 older_slot=2
[C:1231507][TMA.NA    ]: scb_waw_violation peId=0 scalar=0 private=0 younger_bid=238 younger_rid=238 older_bid=229 older_rid=229 younger_slot=11 older_slot=10
[C:1231655][TMA.NA    ]: scb_waw_violation peId=0 scalar=0 private=0 younger_bid=251 younger_rid=251 older_bid=242 older_rid=242 younger_slot=12 older_slot=10
[C:1232637][TMA.NA    ]: scb_waw_violation peId=0 scalar=0 private=0 younger_bid=94 younger_rid=94 older_bid=85 older_rid=85 younger_slot=10 older_slot=9
[C:1232735][TMA.NA    ]: scb_waw_violation peId=0 scalar=0 private=0 younger_bid=141 younger_rid=141 older_bid=132 older_rid=132 younger_slot=9 older_slot=2
[C:1232763][TMA.NA    ]: scb_waw_violation peId=0 scalar=0 private=0 younger_bid=181 younger_rid=181 older_bid=172 older_rid=172 younger_slot=11 older_slot=10
[C:1232913][TMA.NA    ]: scb_waw_violation peId=0 scalar=0 private=0 younger_bid=194 younger_rid=194 older_bid=185 older_rid=185 younger_slot=12 older_slot=10
[C:1233897][TMA.NA    ]: scb_waw_violation peId=0 scalar=0 private=0 younger_bid=37 younger_rid=37 older_bid=28 older_rid=28 younger_slot=10 older_slot=9
[C:1233991][TMA.NA    ]: scb_waw_violation peId=0 scalar=0 private=0 younger_bid=84 younger_rid=84 older_bid=75 older_rid=75 younger_slot=9 older_slot=2
[C:1234019][TMA.NA    ]: scb_waw_violation peId=0 scalar=0 private=0 younger_bid=124 younger_rid=124 older_bid=115 older_rid=115 younger_slot=11 older_slot=10
[C:1234169][TMA.NA    ]: scb_waw_violation peId=0 scalar=0 private=0 younger_bid=137 younger_rid=137 older_bid=128 older_rid=128 younger_slot=12 older_slot=10
[C:1235153][TMA.NA    ]: scb_waw_violation peId=0 scalar=0 private=0 younger_bid=236 younger_rid=236 older_bid=227 older_rid=227 younger_slot=10 older_slot=9
[C:1235251][TMA.NA    ]: scb_waw_violation peId=0 scalar=0 private=0 younger_bid=27 younger_rid=27 older_bid=18 older_rid=18 younger_slot=9 older_slot=2
[C:1235277][TMA.NA    ]: scb_waw_violation peId=0 scalar=0 private=0 younger_bid=67 younger_rid=67 older_bid=58 older_rid=58 younger_slot=11 older_slot=10
[C:1235427][TMA.NA    ]: scb_waw_violation peId=0 scalar=0 private=0 younger_bid=80 younger_rid=80 older_bid=71 older_rid=71 younger_slot=26 older_slot=10
[C:1236411][TMA.NA    ]: scb_waw_violation peId=0 scalar=0 private=0 younger_bid=179 younger_rid=179 older_bid=170 older_rid=170 younger_slot=10 older_slot=9
[C:1236507][TMA.NA    ]: scb_waw_violation peId=0 scalar=0 private=0 younger_bid=226 younger_rid=226 older_bid=217 older_rid=217 younger_slot=9 older_slot=2
[C:1236598][TMA.NA    ]: scb_waw_violation peId=0 scalar=0 private=0 younger_bid=10 younger_rid=10 older_bid=1 older_rid=1 younger_slot=25 older_slot=10
[C:1236685][TMA.NA    ]: scb_waw_violation peId=0 scalar=0 private=0 younger_bid=23 younger_rid=23 older_bid=14 older_rid=14 younger_slot=12 older_slot=4
[C:1237667][TMA.NA    ]: scb_waw_violation peId=0 scalar=0 private=0 younger_bid=122 younger_rid=122 older_bid=113 older_rid=113 younger_slot=10 older_slot=9
[C:1237765][TMA.NA    ]: scb_waw_violation peId=0 scalar=0 private=0 younger_bid=169 younger_rid=169 older_bid=160 older_rid=160 younger_slot=9 older_slot=2
[C:1237793][TMA.NA    ]: scb_waw_violation peId=0 scalar=0 private=0 younger_bid=209 younger_rid=209 older_bid=200 older_rid=200 younger_slot=11 older_slot=10
[C:1237943][TMA.NA    ]: scb_waw_violation peId=0 scalar=0 private=0 younger_bid=222 younger_rid=222 older_bid=213 older_rid=213 younger_slot=26 older_slot=10
[C:1238925][TMA.NA    ]: scb_waw_violation peId=0 scalar=0 private=0 younger_bid=65 younger_rid=65 older_bid=56 older_rid=56 younger_slot=10 older_slot=9
[C:1239021][TMA.NA    ]: scb_waw_violation peId=0 scalar=0 private=0 younger_bid=112 younger_rid=112 older_bid=103 older_rid=103 younger_slot=25 older_slot=9
[C:1239135][TMA.NA    ]: scb_waw_violation peId=0 scalar=0 private=0 younger_bid=152 younger_rid=152 older_bid=143 older_rid=143 younger_slot=9 older_slot=29
[C:1239205][TMA.NA    ]: scb_waw_violation peId=0 scalar=0 private=0 younger_bid=165 younger_rid=165 older_bid=156 older_rid=156 younger_slot=19 older_slot=4
[C:1240183][TMA.NA    ]: scb_waw_violation peId=0 scalar=0 private=0 younger_bid=8 younger_rid=8 older_bid=255 older_rid=255 younger_slot=10 older_slot=9
[C:1240279][TMA.NA    ]: scb_waw_violation peId=0 scalar=0 private=0 younger_bid=55 younger_rid=55 older_bid=46 older_rid=46 younger_slot=9 older_slot=2
[C:1240307][TMA.NA    ]: scb_waw_violation peId=0 scalar=0 private=0 younger_bid=95 younger_rid=95 older_bid=86 older_rid=86 younger_slot=11 older_slot=10
[C:1240457][TMA.NA    ]: scb_waw_violation peId=0 scalar=0 private=0 younger_bid=108 younger_rid=108 older_bid=99 older_rid=99 younger_slot=26 older_slot=10
[C:1241441][TMA.NA    ]: scb_waw_violation peId=0 scalar=0 private=0 younger_bid=207 younger_rid=207 older_bid=198 older_rid=198 younger_slot=10 older_slot=9
[C:1241537][TMA.NA    ]: scb_waw_violation peId=0 scalar=0 private=0 younger_bid=254 younger_rid=254 older_bid=245 older_rid=245 younger_slot=9 older_slot=2
[C:1241570][TMA.NA    ]: scb_waw_violation peId=0 scalar=0 private=0 younger_bid=38 younger_rid=38 older_bid=29 older_rid=29 younger_slot=11 older_slot=10
[C:1241790][TMA.NA    ]: scb_waw_violation peId=0 scalar=0 private=0 younger_bid=51 younger_rid=51 older_bid=42 older_rid=42 younger_slot=0 older_slot=10
[C:1242697][TMA.NA    ]: scb_waw_violation peId=0 scalar=0 private=0 younger_bid=150 younger_rid=150 older_bid=141 older_rid=141 younger_slot=10 older_slot=9
[C:1242795][TMA.NA    ]: scb_waw_violation peId=0 scalar=0 private=0 younger_bid=197 younger_rid=197 older_bid=188 older_rid=188 younger_slot=9 older_slot=2
[C:1242867][TMA.NA    ]: scb_waw_violation peId=0 scalar=0 private=0 younger_bid=237 younger_rid=237 older_bid=228 older_rid=228 younger_slot=3 older_slot=10
[C:1242973][TMA.NA    ]: scb_waw_violation peId=0 scalar=0 private=0 younger_bid=250 younger_rid=250 older_bid=241 older_rid=241 younger_slot=26 older_slot=10
[C:1243955][TMA.NA    ]: scb_waw_violation peId=0 scalar=0 private=0 younger_bid=93 younger_rid=93 older_bid=84 older_rid=84 younger_slot=10 older_slot=9
[C:1244053][TMA.NA    ]: scb_waw_violation peId=0 scalar=0 private=0 younger_bid=140 younger_rid=140 older_bid=131 older_rid=131 younger_slot=9 older_slot=2
[C:1244083][TMA.NA    ]: scb_waw_violation peId=0 scalar=0 private=0 younger_bid=180 younger_rid=180 older_bid=171 older_rid=171 younger_slot=11 older_slot=10
[C:1244231][TMA.NA    ]: scb_waw_violation peId=0 scalar=0 private=0 younger_bid=193 younger_rid=193 older_bid=184 older_rid=184 younger_slot=26 older_slot=10
[C:1245213][TMA.NA    ]: scb_waw_violation peId=0 scalar=0 private=0 younger_bid=36 younger_rid=36 older_bid=27 older_rid=27 younger_slot=10 older_slot=9
[C:1245309][TMA.NA    ]: scb_waw_violation peId=0 scalar=0 private=0 younger_bid=83 younger_rid=83 older_bid=74 older_rid=74 younger_slot=25 older_slot=9
[C:1251265][TMA.NA    ]: scb_waw_violation peId=0 scalar=0 private=0 younger_bid=69 younger_rid=69 older_bid=56 older_rid=56 younger_slot=1 older_slot=0
[C:1260509][TMA.NA    ]: scb_waw_violation peId=0 scalar=0 private=0 younger_bid=47 younger_rid=47 older_bid=34 older_rid=34 younger_slot=1 older_slot=0
Simulation time: 725s 
+-------------------------+--------------+
| Block Control Config Name | Value        |
+-------------------------+--------------+
| inst_decode_bw          | 4            |
| block_rob_depth         | 256          |
| BISQ:cube_isq_depth     | 32           |
| BISQ:vector_isq_depth   | 32           |
+-------------------------+--------------+
+-------------------+--------------+
| CUBE Config Name  | Value        |
+-------------------+--------------+
| uop_isq_depth     | 32           |
| tcvt_isq_depth    | 16           |
| L0A_size          | 16           |
| L0B_size          | 16           |
| L0C_size          | 16           |
+-------------------+--------------+
===================SuperScalar NPU Stats====================
Total Cycles.....................................:   1273311
================SuperScalar Unified Top-Down================
Retiring.........................................:     45.35%
Bad Speculation..................................:      3.31%
Frontend Bound...................................:      0.01%
CMD Bound........................................:      0.27%
Backend Bound....................................:     51.06%
=============Top-Down Normalization Diagnostics=============
Bad Speculation Clipped Slots....................:         0
Frontend Bound Clipped Slots.....................:         0
  |-- LD Retiring................................:      3.05%
  |-- ST Retiring................................:      1.61%
  |-- BR Retiring................................:      0.00%
  |-- ALU Retiring...............................:     40.69%
  |-- Other Retiring.............................:      0.00%
  |-- Misprediction..............................:      0.09%
  |-- Machine Clear..............................:      3.22%
  |-- Fetch Latency..............................:      0.00%
  |-- Fetch Bandwidth............................:      0.01%
    |-- Branch Resteering........................:      0.00%
    |-- ITLB/BTLB miss...........................:      0.00%
    |-- BHC miss penalty.........................:      0.00%
    |-- Other fetch lat..........................:      0.00%
    |-- Decode Stall.............................:      0.00%
    |-- Rename Stall.............................:      0.00%
    |-- BROB Stall...............................:      0.01%
    |-- SYS Block Stall..........................:      0.00%
  |-- CMD queue backpressure.....................:      0.27%
    |-- Operand not ready........................:      0.09%
    |-- BIQ capacity full........................:      0.18%
      |-- CUBE BIQ full..........................:      0.00%
      |-- VECTOR BIQ full........................:      0.18%
      |-- TLSU BIQ full..........................:      0.00%
      |-- GROUP/SHU BIQ full.....................:      0.00%
      |-- Other BIQ full.........................:      0.00%
    |-- TileReg capacity full....................:      0.00%
    |-- GPR LPV/no-cancel gate...................:      0.00%
    |-- Other CMD queue block....................:      0.00%
  |-- CMDPipe tile backpressure..................:      0.00%
    |-- TileReg resource unavailable.............:      0.00%
    |-- Other CMDPipe stall......................:      0.00%
  |-- Other CMD control..........................:      0.00%
  |-- Memory Bound...............................:      0.00%
  |-- Core Bound.................................:     51.06%
    |-- L1 Bound.................................:      0.00%
    |-- L2 Bound.................................:      0.00%
    |-- L3/DRAM Bound............................:      0.00%
    |-- Store Bound..............................:      0.00%
    |-- Scalar ALU...............................:     21.71%
    |-- Cube.....................................:      0.00%
    |-- Vector...................................:      2.36%
    |-- TLSU Tload...............................:     14.42%
    |-- TLSU Tstore..............................:     12.58%
    |-- TLSU TMOV................................:      0.00%
    |-- Idle.....................................:      0.00%
    |-- Other Core...............................:      0.00%
      |-- Simple ALU pipe full...................:      0.00%
      |-- Complex INT busy.......................:      2.50%
      |-- Branch port busy.......................:     11.26%
===============Top-Down Boundary Attribution================
IFU-OEX boundary observations (slots)............:   5093244
  |-- Frontend supply bubble (F5)................:      1.45%
  |-- Backend backpressure (F5)..................:      5.48%
  |-- Delivered to OEX (F5)......................:     93.07%
CMD queue/Pipe boundary observations (cycles)....:   1273311
  |-- CMD queue supply bubble....................:     93.13%
  |-- CMD queue backpressure.....................:      0.27%
  |-- CMD blocked union cycles...................:      3388
  |-- CMD issued slots...........................:    169561
  |-- CMD IQ TileOp issue count..................:     28352
  |-- CMD IQ non-empty cycles....................:     87425
  |-- CMD IQ TileOp issue rate (tileops/cycle)...:0.32430083
  |-- CMDPipe tile backpressure events...........:         0
=======Core-Cycles Oldest-Block Top-Down (diagnostic)=======
Core cycles......................................:   1273311
L1 Retiring......................................:      0.01%
L1 Recovery......................................:      0.00%
L1 Frontend Bound................................:     91.64%
L1 CMD Bound.....................................:      0.00%
L1 Backend Bound.................................:      8.33%
L1 Idle/Other....................................:      0.01%
  |-- L2 Memory Bound............................:      0.09%
  |-- L2 Group Sync Bound........................:      0.00%
  |-- L2 Core Bound..............................:      8.24%
    |-- L3 Cube..................................:      0.00%
    |-- L3 Vector................................:      1.25%
    |-- L3 TLSU..................................:      7.00%
    |-- L3 Scalar ALU............................:      0.00%
      |-- L4 Cube execution/queue owner..........:      0.00%
      |-- L4 Vector execution owner..............:      1.25%
      |-- L4 TLSU Tload owner....................:      1.57%
      |-- L4 TLSU Tstore owner...................:      5.43%
      |-- L4 Scalar ALU owner....................:      0.00%
Core-cycle attribution sum.......................:   1273311
STID0 oldest observations........................:   1273311
STID1 oldest observations........................:   1273311
STID2 oldest observations........................:   1273311
STID3 oldest observations........................:   1273311
  |-- RETIRING representative STID...............:         1
  |-- RETIRING representative BID................:         0
  |-- RETIRING participant mask..................:        15
  |-- FRONTEND_BOUND representative STID.........:         0
  |-- FRONTEND_BOUND representative BID..........:         0
  |-- FRONTEND_BOUND participant mask............:        15
  |-- CMD_BOUND representative STID..............:         0
  |-- CMD_BOUND representative BID...............:       205
  |-- CMD_BOUND participant mask.................:         1
  |-- MEMORY_BOUND representative STID...........:         1
  |-- MEMORY_BOUND representative BID............:         2
  |-- MEMORY_BOUND participant mask..............:        15
  |-- TLSU_TLOAD representative STID.............:         0
  |-- TLSU_TLOAD representative BID..............:         0
  |-- TLSU_TLOAD participant mask................:        15
  |-- TLSU_TSTORE representative STID............:         0
  |-- TLSU_TSTORE representative BID.............:         0
  |-- TLSU_TSTORE participant mask...............:        15
  |-- VECTOR representative STID.................:         0
  |-- VECTOR representative BID..................:         0
  |-- VECTOR participant mask....................:        15
  |-- FLUSH_RECOVERY representative STID.........:         0
  |-- FLUSH_RECOVERY representative BID..........:       205
  |-- FLUSH_RECOVERY participant mask............:         1
  |-- IDLE_NO_OLDEST representative STID.........:         0
  |-- IDLE_NO_OLDEST representative BID..........:18446744073709551615
  |-- IDLE_NO_OLDEST participant mask............:        15
===================superScalar Key Stats====================
superScalar Tileop Total Cycles..................:   5093244
  |--Cube Tileop Total Cycles....................:         0
  |--Vector Tileop Total Cycles..................:     67055
  |--TLSU Tileop Total Cycles....................:    291763
superScalar Total Tileop Counter.................:     28352
  |--Cube Execute Tileop Counter.................:         0
  |--Vector Execute Tileop Counter...............:     19200
  |--TLSU Execute Tileop Counter.................:      9152
    |--AccountExpTlsuCellReads...................:       256
    |--AccountExpTlsuCellWrites..................:         0
superScalar Run Tileop Wall Cycles...............:   1086413
  |--Cube Busy Resource-Cycles (PE-summed).......:         0
  |--Vector Busy Resource-Cycles (PE-summed).....:    264882
  |--TLSU Busy Resource-Cycles (PE-summed).......:   1084560
  |--Cube Active Wall Cycles (union).............:         0
  |--Vector Active Wall Cycles (union)...........:     84710
  |--TLSU Active Wall Cycles (union).............:   1084560
    |--TLSU Tload Resource-Cycles (PE-summed)....:    829569
      |--write Blocked By Ring Cycles............:         0
    |--TLSU Tstore Resource-Cycles (PE-summed)...:    723619
    |--TLSU Tmov Resource-Cycles (PE-summed).....:         0
    |--TLSU Mgather Resource-Cycles (PE-summed)..:         0
    |--TLSU Mscatter Resource-Cycles (PE-summed).:         0
    |--TLSU Vgather Resource-Cycles (PE-summed)..:         0
    |--TLSU Vscatter Resource-Cycles (PE-summed).:         0
  |--All Cores Idle Wall Cycles..................:    186898
  |--Vector-Cube Concurrent Wall Cycles (union)..:         0
  |--Vector-Cube Active Wall Cycles (union)......:     84710
  |--Cube-TLSU Concurrent Wall Cycles (union)....:         0
  |--Cube-TLSU Active Wall Cycles (union)........:   1084560
  |--Vector-TLSU Concurrent Wall Cycles (union)..:     82857
  |--Vector-TLSU Active Wall Cycles (union)......:   1086413
=============TileOp Efficiency (explicit units)=============
PE0 CUBE ExecCycles/TileOp.......................:      0.00
PE0 CUBE TileOpRate (ops/cycle)..................:0.00000000
PE0 CUBE TileOp Occupancy (%)....................:      0.00
PE1 CUBE ExecCycles/TileOp.......................:      0.00
PE1 CUBE TileOpRate (ops/cycle)..................:0.00000000
PE1 CUBE TileOp Occupancy (%)....................:      0.00
PE2 CUBE ExecCycles/TileOp.......................:      0.00
PE2 CUBE TileOpRate (ops/cycle)..................:0.00000000
PE2 CUBE TileOp Occupancy (%)....................:      0.00
PE3 CUBE ExecCycles/TileOp.......................:      0.00
PE3 CUBE TileOpRate (ops/cycle)..................:0.00000000
PE3 CUBE TileOp Occupancy (%)....................:      0.00
PE0 VECTOR ReadLatency (cycles/op)...............:      5.95
PE0 VECTOR TileOpRate (ops/cycle)................:      0.01
PE0 VECTOR Utilization...........................:      0.04
PE0 VECTOR Utilization (issue-events)............:      0.00
PE1 VECTOR ReadLatency (cycles/op)...............:      5.05
PE1 VECTOR TileOpRate (ops/cycle)................:      0.00
PE1 VECTOR Utilization...........................:      0.02
PE1 VECTOR Utilization (issue-events)............:      0.00
PE2 VECTOR ReadLatency (cycles/op)...............:      5.03
PE2 VECTOR TileOpRate (ops/cycle)................:      0.00
PE2 VECTOR Utilization...........................:      0.02
PE2 VECTOR Utilization (issue-events)............:      0.00
PE3 VECTOR ReadLatency (cycles/op)...............:      5.05
PE3 VECTOR TileOpRate (ops/cycle)................:      0.00
PE3 VECTOR Utilization...........................:      0.02
PE3 VECTOR Utilization (issue-events)............:      0.00
PE0 TLSU Occupancy/Issue (cycles/event)..........:     60.69
PE0 TLSU IssueRate (events/cycle)................:      0.38
PE0 TLSU Utilization (%).........................:     85.19
Vector-Cube overlap ratio........................:      0.00
Vector-TLSU overlap ratio........................:      0.08
============PROB Status Occupancy (entry-cycles)============
  |--free........................................:         0
  |--alloc.......................................:  60153548
  |--renamed.....................................:         0
  |--dispatched..................................:   3360216
  |--in_queue....................................:  60631715
  |--issued......................................:  13821229
  |--executing...................................:   3293089
  |--writeback...................................:   2436609
  |--completed...................................: 127685524
  |--retired.....................................:   6282629
  |--fault.......................................:         0
  |--need_flush..................................:         0
===============Block Control Key Stats total================
Average Outstanding Block Number.................:      2.44
  |--Average Outstanding Cube Block Number.......:      0.00
  |--Average Outstanding Vector Block Number.....:      0.24
  |--Average Outstanding TLoad Number............:      1.65
  |--Average Outstanding TStore Number...........:      0.55
=============Block Control Key Stats SThread 0==============
Average Outstanding Block Number.................:      0.70
  |--Average Outstanding Cube Block Number.......:      0.00
  |--Average Outstanding Vector Block Number.....:      0.09
  |--Average Outstanding TLoad Number............:      0.48
  |--Average Outstanding TStore Number...........:      0.13
=============Block Control Key Stats SThread 1==============
Average Outstanding Block Number.................:      0.60
  |--Average Outstanding Cube Block Number.......:      0.00
  |--Average Outstanding Vector Block Number.....:      0.05
  |--Average Outstanding TLoad Number............:      0.42
  |--Average Outstanding TStore Number...........:      0.14
=============Block Control Key Stats SThread 2==============
Average Outstanding Block Number.................:      0.56
  |--Average Outstanding Cube Block Number.......:      0.00
  |--Average Outstanding Vector Block Number.....:      0.05
  |--Average Outstanding TLoad Number............:      0.37
  |--Average Outstanding TStore Number...........:      0.14
=============Block Control Key Stats SThread 3==============
Average Outstanding Block Number.................:      0.57
  |--Average Outstanding Cube Block Number.......:      0.00
  |--Average Outstanding Vector Block Number.....:      0.05
  |--Average Outstanding TLoad Number............:      0.38
  |--Average Outstanding TStore Number...........:      0.14
===================CubeCore 0 Statistics====================
Cube Total Cycles................................:   1273311
Cube MAC Exec Occupancy..........................:         0    0.00%
Cube MAC Utilization.............................:      0.00    0.00%
Cube Logical MAC Count...........................:         0
Cube Equivalent MAC Count........................:      0.00
Cube Equivalent MAC Rate (MAC/cycle).............:      0.00
Cube core workload units (dtype-normalized)......:      0.00
Cube core workload rate (units/cycle)............:0.00000000
Cube Achieved TFLOPS (equivalent MACs, 1.65GHz)..:  0.000000
Cube core exe tileop count.......................:         0
Cube Uop Generated Count.........................:         0
Cube core retired uop count......................:         0
Cube core total load count.......................:         0
Cube core total store count (CellReg TileC writes):         0
Cube FP16 Logical MAC Count......................:         0
Cube FP16 Equivalent MAC Count...................:      0.00
Cube FP8 Logical MAC Count.......................:         0
Cube FP8 Equivalent MAC Count....................:      0.00
Cube FP4 Logical MAC Count.......................:         0
Cube FP4 Equivalent MAC Count....................:      0.00
Cube TileOp Occupancy............................:         0    0.00%
Cube Load Outstanding............................:         0    0.00%
Cube FixPipe/Store Occupancy.....................:         0    0.00%
Cube core average acc slot use...................:       N/A
Cube core average l0a entry use..................:       N/A
Cube core average l0b entry use..................:       N/A
Cube core average l0a entry use busy.............:       N/A
Cube core average l0b entry use busy.............:       N/A
Cube core average acc slot use busy..............:       N/A
Cube MAC Range...................................:         0
Cube Load Range..................................:         0
Cube Store Range.................................:         0
Cube Load-MAC Range Overlap......................:         0     N/A
accSlotAllocCount................................:         0
accSlotFreeCount.................................:         0
accSlotPeakInUse.................................:         0
accSlotWaitCount.................................:         0
bandPairMapPeakSize..............................:         0
bandPairMapFinalSize.............................:         0
batchDistributeCount.............................:         0
batchFallbackCount...............................:         0
m0TileCReadCount.................................:         0
m1TileCReadCount.................................:         0
tileCReadRequestCount............................:         0
tileCReadBytes...................................:         0
batchMissedDistributeCount.......................:         0
uniqueTileCSourceAddresses.......................:         0
Cube core exe uop count..........................:         0
Cube core retired uop count......................:         0
Cube core total load count.......................:         0
Cube core total store count (CellReg TileC writes):         0
  |--CellReg Load Count..........................:         0
    |--CellReg TileA Count.......................:         0
    |--CellReg TileB Count.......................:         0
    |--CellReg TileC Count.......................:         0
    |--CellReg LeftScale Count...................:         0
    |--CellReg RightScale Count..................:         0
  |--CellReg Load Bytes..........................:         0
    |--CellReg TileA Bytes.......................:         0
    |--CellReg TileB Bytes.......................:         0
    |--CellReg TileC Bytes.......................:         0
    |--CellReg LeftScale Bytes...................:         0
    |--CellReg RightScale Bytes..................:         0
  |--CellReg Store Count.........................:         0
    |--CellReg TileC Count.......................:         0
  |--CellReg Store Bytes.........................:         0
    |--CellReg TileC Bytes.......................:         0
  |--ShareTReg Load Count........................:         0
    |--ShareTReg TileA Count.....................:         0
    |--ShareTReg TileB Count.....................:         0
  |--ShareTReg Load Bytes........................:         0
    |--ShareTReg TileA Bytes.....................:         0
    |--ShareTReg TileB Bytes.....................:         0
  |--Exp CellReg Load Count......................:         0
    |--Exp CellReg TileA Count...................:         0
    |--Exp CellReg TileB Count...................:         0
    |--Exp CellReg TileC Count...................:         0
    |--Exp CellReg LeftScale Count...............:         0
    |--Exp CellReg RightScale Count..............:         0
  |--Exp CellReg Load Delta......................:      0.00
  |--Exp CellReg Store Count.....................:         0
  |--Exp CellReg Store Delta.....................:      0.00
  |--Exp ShareTReg Load Count....................:         0
  |--Exp ShareTReg Load Delta....................:      0.00
Cube core cannot pick main chain uop ratio.......:         0     N/A
Cube core pick cub chain uop ratio...............:         0     N/A
Cube busy cycle..................................:         0
Cube core mmad busy cycle........................:         0     N/A
Cube core load busy cycle........................:         0     N/A
Cube core store busy cycle.......................:         0     N/A
  UtilMacW (array exec)..........................:         0
    |--UtilMacWMad (systolic MAC phase)..........:         0
    |--UtilMacWRamp (staging/fill-drain).........:         0
  UtilMacO (operand in-flight)...................:         0
  UtilMacA (exec/writeback struct)...............:         0
  UtilMacD (dependency chain)....................:         0
  UtilMacI (issue/rename struct).................:         0
  UtilMacS (no tile).............................:   1273311
  UtilMacUnaccounted.............................:         0
  UtilMacCycles..................................:   1273311
    |--UtilMacSub_O_L0InFlight...................:         0
    |--UtilMacSub_O_ScaleInFlight................:         0
    |--UtilMacSub_O_LoadPath.....................:         0
    |--UtilMacSub_O_LdUopBuf.....................:         0
    |--UtilMacSub_A_AllocBackpressure............:         0
    |--UtilMacSub_A_StoreInFlight................:         0
    |--UtilMacSub_A_FixPipeAnnounce..............:         0
    |--UtilMacSub_A_UopBufQueue..................:         0
    |--UtilMacSub_A_TileBoundary.................:         0
    |--UtilMacSubO_Reconcile.....................:      0.00
    |--UtilMacSubA_Reconcile.....................:      0.00
    |--UtilMacSub_O_L0InFlight_A.................:         0
    |--UtilMacSub_O_L0InFlight_B.................:         0
    |--UtilMacSub_O_L0InFlight_C.................:         0
    |--UtilMacSub_O_L0InFlight_Other.............:         0
    |--UtilMacSubO_L0Split_Reconcile.............:      0.00
  UtilMacIssue_Issued............................:         0
  UtilMacIssue_CStreamWait.......................:         0
  UtilMacIssue_L0InFlight........................:         0
  UtilMacIssue_ScaleInFlight.....................:         0
  UtilMacIssue_AllocBackpressure.................:         0
  UtilMacIssue_KLoopChain........................:         0
  UtilMacIssue_UopBufQueue.......................:         0
  UtilMacIssue_LdUopBufQueue.....................:         0
  UtilMacIssue_NoTile............................:   1273311
  UtilMacIssue_TileBoundary......................:         0
  UtilMacIssue_Unaccounted.......................:         0
  UtilMacIssue_Reconcile.........................:      0.00
  UtilMacIssue_L0InFlight_A......................:         0
  UtilMacIssue_L0InFlight_B......................:         0
  UtilMacIssue_L0InFlight_C......................:         0
  UtilMacIssue_L0InFlight_Other..................:         0
  UtilMacIssue_L0Split_Reconcile.................:      0.00
  UtilMacStageOcc................................:         0
  UtilMacStageIdle...............................:         0
  UtilMacStage_Reconcile.........................:      0.00
  UtilMacFillWeightedUtil........................:      0.00
  UtilMacShadow_CwaitCycles......................:         0
  UtilMacShadow_L0WithCwait......................:         0
  UtilMacStageIdleByCause_Reconcile..............:      0.00
===================CubeCore 1 Statistics====================
Cube Total Cycles................................:   1273311
Cube MAC Exec Occupancy..........................:         0    0.00%
Cube MAC Utilization.............................:      0.00    0.00%
Cube Logical MAC Count...........................:         0
Cube Equivalent MAC Count........................:      0.00
Cube Equivalent MAC Rate (MAC/cycle).............:      0.00
Cube core workload units (dtype-normalized)......:      0.00
Cube core workload rate (units/cycle)............:0.00000000
Cube Achieved TFLOPS (equivalent MACs, 1.65GHz)..:  0.000000
Cube core exe tileop count.......................:         0
Cube Uop Generated Count.........................:         0
Cube core retired uop count......................:         0
Cube core total load count.......................:         0
Cube core total store count (CellReg TileC writes):         0
Cube FP16 Logical MAC Count......................:         0
Cube FP16 Equivalent MAC Count...................:      0.00
Cube FP8 Logical MAC Count.......................:         0
Cube FP8 Equivalent MAC Count....................:      0.00
Cube FP4 Logical MAC Count.......................:         0
Cube FP4 Equivalent MAC Count....................:      0.00
Cube TileOp Occupancy............................:         0    0.00%
Cube Load Outstanding............................:         0    0.00%
Cube FixPipe/Store Occupancy.....................:         0    0.00%
Cube core average acc slot use...................:       N/A
Cube core average l0a entry use..................:       N/A
Cube core average l0b entry use..................:       N/A
Cube core average l0a entry use busy.............:       N/A
Cube core average l0b entry use busy.............:       N/A
Cube core average acc slot use busy..............:       N/A
Cube MAC Range...................................:         0
Cube Load Range..................................:         0
Cube Store Range.................................:         0
Cube Load-MAC Range Overlap......................:         0     N/A
accSlotAllocCount................................:         0
accSlotFreeCount.................................:         0
accSlotPeakInUse.................................:         0
accSlotWaitCount.................................:         0
bandPairMapPeakSize..............................:         0
bandPairMapFinalSize.............................:         0
batchDistributeCount.............................:         0
batchFallbackCount...............................:         0
m0TileCReadCount.................................:         0
m1TileCReadCount.................................:         0
tileCReadRequestCount............................:         0
tileCReadBytes...................................:         0
batchMissedDistributeCount.......................:         0
uniqueTileCSourceAddresses.......................:         0
Cube core exe uop count..........................:         0
Cube core retired uop count......................:         0
Cube core total load count.......................:         0
Cube core total store count (CellReg TileC writes):         0
  |--CellReg Load Count..........................:         0
    |--CellReg TileA Count.......................:         0
    |--CellReg TileB Count.......................:         0
    |--CellReg TileC Count.......................:         0
    |--CellReg LeftScale Count...................:         0
    |--CellReg RightScale Count..................:         0
  |--CellReg Load Bytes..........................:         0
    |--CellReg TileA Bytes.......................:         0
    |--CellReg TileB Bytes.......................:         0
    |--CellReg TileC Bytes.......................:         0
    |--CellReg LeftScale Bytes...................:         0
    |--CellReg RightScale Bytes..................:         0
  |--CellReg Store Count.........................:         0
    |--CellReg TileC Count.......................:         0
  |--CellReg Store Bytes.........................:         0
    |--CellReg TileC Bytes.......................:         0
  |--ShareTReg Load Count........................:         0
    |--ShareTReg TileA Count.....................:         0
    |--ShareTReg TileB Count.....................:         0
  |--ShareTReg Load Bytes........................:         0
    |--ShareTReg TileA Bytes.....................:         0
    |--ShareTReg TileB Bytes.....................:         0
  |--Exp CellReg Load Count......................:         0
    |--Exp CellReg TileA Count...................:         0
    |--Exp CellReg TileB Count...................:         0
    |--Exp CellReg TileC Count...................:         0
    |--Exp CellReg LeftScale Count...............:         0
    |--Exp CellReg RightScale Count..............:         0
  |--Exp CellReg Load Delta......................:      0.00
  |--Exp CellReg Store Count.....................:         0
  |--Exp CellReg Store Delta.....................:      0.00
  |--Exp ShareTReg Load Count....................:         0
  |--Exp ShareTReg Load Delta....................:      0.00
Cube core cannot pick main chain uop ratio.......:         0     N/A
Cube core pick cub chain uop ratio...............:         0     N/A
Cube busy cycle..................................:         0
Cube core mmad busy cycle........................:         0     N/A
Cube core load busy cycle........................:         0     N/A
Cube core store busy cycle.......................:         0     N/A
  UtilMacW (array exec)..........................:         0
    |--UtilMacWMad (systolic MAC phase)..........:         0
    |--UtilMacWRamp (staging/fill-drain).........:         0
  UtilMacO (operand in-flight)...................:         0
  UtilMacA (exec/writeback struct)...............:         0
  UtilMacD (dependency chain)....................:         0
  UtilMacI (issue/rename struct).................:         0
  UtilMacS (no tile).............................:   1273311
  UtilMacUnaccounted.............................:         0
  UtilMacCycles..................................:   1273311
    |--UtilMacSub_O_L0InFlight...................:         0
    |--UtilMacSub_O_ScaleInFlight................:         0
    |--UtilMacSub_O_LoadPath.....................:         0
    |--UtilMacSub_O_LdUopBuf.....................:         0
    |--UtilMacSub_A_AllocBackpressure............:         0
    |--UtilMacSub_A_StoreInFlight................:         0
    |--UtilMacSub_A_FixPipeAnnounce..............:         0
    |--UtilMacSub_A_UopBufQueue..................:         0
    |--UtilMacSub_A_TileBoundary.................:         0
    |--UtilMacSubO_Reconcile.....................:      0.00
    |--UtilMacSubA_Reconcile.....................:      0.00
    |--UtilMacSub_O_L0InFlight_A.................:         0
    |--UtilMacSub_O_L0InFlight_B.................:         0
    |--UtilMacSub_O_L0InFlight_C.................:         0
    |--UtilMacSub_O_L0InFlight_Other.............:         0
    |--UtilMacSubO_L0Split_Reconcile.............:      0.00
  UtilMacIssue_Issued............................:         0
  UtilMacIssue_CStreamWait.......................:         0
  UtilMacIssue_L0InFlight........................:         0
  UtilMacIssue_ScaleInFlight.....................:         0
  UtilMacIssue_AllocBackpressure.................:         0
  UtilMacIssue_KLoopChain........................:         0
  UtilMacIssue_UopBufQueue.......................:         0
  UtilMacIssue_LdUopBufQueue.....................:         0
  UtilMacIssue_NoTile............................:   1273311
  UtilMacIssue_TileBoundary......................:         0
  UtilMacIssue_Unaccounted.......................:         0
  UtilMacIssue_Reconcile.........................:      0.00
  UtilMacIssue_L0InFlight_A......................:         0
  UtilMacIssue_L0InFlight_B......................:         0
  UtilMacIssue_L0InFlight_C......................:         0
  UtilMacIssue_L0InFlight_Other..................:         0
  UtilMacIssue_L0Split_Reconcile.................:      0.00
  UtilMacStageOcc................................:         0
  UtilMacStageIdle...............................:         0
  UtilMacStage_Reconcile.........................:      0.00
  UtilMacFillWeightedUtil........................:      0.00
  UtilMacShadow_CwaitCycles......................:         0
  UtilMacShadow_L0WithCwait......................:         0
  UtilMacStageIdleByCause_Reconcile..............:      0.00
===================CubeCore 2 Statistics====================
Cube Total Cycles................................:   1273311
Cube MAC Exec Occupancy..........................:         0    0.00%
Cube MAC Utilization.............................:      0.00    0.00%
Cube Logical MAC Count...........................:         0
Cube Equivalent MAC Count........................:      0.00
Cube Equivalent MAC Rate (MAC/cycle).............:      0.00
Cube core workload units (dtype-normalized)......:      0.00
Cube core workload rate (units/cycle)............:0.00000000
Cube Achieved TFLOPS (equivalent MACs, 1.65GHz)..:  0.000000
Cube core exe tileop count.......................:         0
Cube Uop Generated Count.........................:         0
Cube core retired uop count......................:         0
Cube core total load count.......................:         0
Cube core total store count (CellReg TileC writes):         0
Cube FP16 Logical MAC Count......................:         0
Cube FP16 Equivalent MAC Count...................:      0.00
Cube FP8 Logical MAC Count.......................:         0
Cube FP8 Equivalent MAC Count....................:      0.00
Cube FP4 Logical MAC Count.......................:         0
Cube FP4 Equivalent MAC Count....................:      0.00
Cube TileOp Occupancy............................:         0    0.00%
Cube Load Outstanding............................:         0    0.00%
Cube FixPipe/Store Occupancy.....................:         0    0.00%
Cube core average acc slot use...................:       N/A
Cube core average l0a entry use..................:       N/A
Cube core average l0b entry use..................:       N/A
Cube core average l0a entry use busy.............:       N/A
Cube core average l0b entry use busy.............:       N/A
Cube core average acc slot use busy..............:       N/A
Cube MAC Range...................................:         0
Cube Load Range..................................:         0
Cube Store Range.................................:         0
Cube Load-MAC Range Overlap......................:         0     N/A
accSlotAllocCount................................:         0
accSlotFreeCount.................................:         0
accSlotPeakInUse.................................:         0
accSlotWaitCount.................................:         0
bandPairMapPeakSize..............................:         0
bandPairMapFinalSize.............................:         0
batchDistributeCount.............................:         0
batchFallbackCount...............................:         0
m0TileCReadCount.................................:         0
m1TileCReadCount.................................:         0
tileCReadRequestCount............................:         0
tileCReadBytes...................................:         0
batchMissedDistributeCount.......................:         0
uniqueTileCSourceAddresses.......................:         0
Cube core exe uop count..........................:         0
Cube core retired uop count......................:         0
Cube core total load count.......................:         0
Cube core total store count (CellReg TileC writes):         0
  |--CellReg Load Count..........................:         0
    |--CellReg TileA Count.......................:         0
    |--CellReg TileB Count.......................:         0
    |--CellReg TileC Count.......................:         0
    |--CellReg LeftScale Count...................:         0
    |--CellReg RightScale Count..................:         0
  |--CellReg Load Bytes..........................:         0
    |--CellReg TileA Bytes.......................:         0
    |--CellReg TileB Bytes.......................:         0
    |--CellReg TileC Bytes.......................:         0
    |--CellReg LeftScale Bytes...................:         0
    |--CellReg RightScale Bytes..................:         0
  |--CellReg Store Count.........................:         0
    |--CellReg TileC Count.......................:         0
  |--CellReg Store Bytes.........................:         0
    |--CellReg TileC Bytes.......................:         0
  |--ShareTReg Load Count........................:         0
    |--ShareTReg TileA Count.....................:         0
    |--ShareTReg TileB Count.....................:         0
  |--ShareTReg Load Bytes........................:         0
    |--ShareTReg TileA Bytes.....................:         0
    |--ShareTReg TileB Bytes.....................:         0
  |--Exp CellReg Load Count......................:         0
    |--Exp CellReg TileA Count...................:         0
    |--Exp CellReg TileB Count...................:         0
    |--Exp CellReg TileC Count...................:         0
    |--Exp CellReg LeftScale Count...............:         0
    |--Exp CellReg RightScale Count..............:         0
  |--Exp CellReg Load Delta......................:      0.00
  |--Exp CellReg Store Count.....................:         0
  |--Exp CellReg Store Delta.....................:      0.00
  |--Exp ShareTReg Load Count....................:         0
  |--Exp ShareTReg Load Delta....................:      0.00
Cube core cannot pick main chain uop ratio.......:         0     N/A
Cube core pick cub chain uop ratio...............:         0     N/A
Cube busy cycle..................................:         0
Cube core mmad busy cycle........................:         0     N/A
Cube core load busy cycle........................:         0     N/A
Cube core store busy cycle.......................:         0     N/A
  UtilMacW (array exec)..........................:         0
    |--UtilMacWMad (systolic MAC phase)..........:         0
    |--UtilMacWRamp (staging/fill-drain).........:         0
  UtilMacO (operand in-flight)...................:         0
  UtilMacA (exec/writeback struct)...............:         0
  UtilMacD (dependency chain)....................:         0
  UtilMacI (issue/rename struct).................:         0
  UtilMacS (no tile).............................:   1273311
  UtilMacUnaccounted.............................:         0
  UtilMacCycles..................................:   1273311
    |--UtilMacSub_O_L0InFlight...................:         0
    |--UtilMacSub_O_ScaleInFlight................:         0
    |--UtilMacSub_O_LoadPath.....................:         0
    |--UtilMacSub_O_LdUopBuf.....................:         0
    |--UtilMacSub_A_AllocBackpressure............:         0
    |--UtilMacSub_A_StoreInFlight................:         0
    |--UtilMacSub_A_FixPipeAnnounce..............:         0
    |--UtilMacSub_A_UopBufQueue..................:         0
    |--UtilMacSub_A_TileBoundary.................:         0
    |--UtilMacSubO_Reconcile.....................:      0.00
    |--UtilMacSubA_Reconcile.....................:      0.00
    |--UtilMacSub_O_L0InFlight_A.................:         0
    |--UtilMacSub_O_L0InFlight_B.................:         0
    |--UtilMacSub_O_L0InFlight_C.................:         0
    |--UtilMacSub_O_L0InFlight_Other.............:         0
    |--UtilMacSubO_L0Split_Reconcile.............:      0.00
  UtilMacIssue_Issued............................:         0
  UtilMacIssue_CStreamWait.......................:         0
  UtilMacIssue_L0InFlight........................:         0
  UtilMacIssue_ScaleInFlight.....................:         0
  UtilMacIssue_AllocBackpressure.................:         0
  UtilMacIssue_KLoopChain........................:         0
  UtilMacIssue_UopBufQueue.......................:         0
  UtilMacIssue_LdUopBufQueue.....................:         0
  UtilMacIssue_NoTile............................:   1273311
  UtilMacIssue_TileBoundary......................:         0
  UtilMacIssue_Unaccounted.......................:         0
  UtilMacIssue_Reconcile.........................:      0.00
  UtilMacIssue_L0InFlight_A......................:         0
  UtilMacIssue_L0InFlight_B......................:         0
  UtilMacIssue_L0InFlight_C......................:         0
  UtilMacIssue_L0InFlight_Other..................:         0
  UtilMacIssue_L0Split_Reconcile.................:      0.00
  UtilMacStageOcc................................:         0
  UtilMacStageIdle...............................:         0
  UtilMacStage_Reconcile.........................:      0.00
  UtilMacFillWeightedUtil........................:      0.00
  UtilMacShadow_CwaitCycles......................:         0
  UtilMacShadow_L0WithCwait......................:         0
  UtilMacStageIdleByCause_Reconcile..............:      0.00
===================CubeCore 3 Statistics====================
Cube Total Cycles................................:   1273311
Cube MAC Exec Occupancy..........................:         0    0.00%
Cube MAC Utilization.............................:      0.00    0.00%
Cube Logical MAC Count...........................:         0
Cube Equivalent MAC Count........................:      0.00
Cube Equivalent MAC Rate (MAC/cycle).............:      0.00
Cube core workload units (dtype-normalized)......:      0.00
Cube core workload rate (units/cycle)............:0.00000000
Cube Achieved TFLOPS (equivalent MACs, 1.65GHz)..:  0.000000
Cube core exe tileop count.......................:         0
Cube Uop Generated Count.........................:         0
Cube core retired uop count......................:         0
Cube core total load count.......................:         0
Cube core total store count (CellReg TileC writes):         0
Cube FP16 Logical MAC Count......................:         0
Cube FP16 Equivalent MAC Count...................:      0.00
Cube FP8 Logical MAC Count.......................:         0
Cube FP8 Equivalent MAC Count....................:      0.00
Cube FP4 Logical MAC Count.......................:         0
Cube FP4 Equivalent MAC Count....................:      0.00
Cube TileOp Occupancy............................:         0    0.00%
Cube Load Outstanding............................:         0    0.00%
Cube FixPipe/Store Occupancy.....................:         0    0.00%
Cube core average acc slot use...................:       N/A
Cube core average l0a entry use..................:       N/A
Cube core average l0b entry use..................:       N/A
Cube core average l0a entry use busy.............:       N/A
Cube core average l0b entry use busy.............:       N/A
Cube core average acc slot use busy..............:       N/A
Cube MAC Range...................................:         0
Cube Load Range..................................:         0
Cube Store Range.................................:         0
Cube Load-MAC Range Overlap......................:         0     N/A
accSlotAllocCount................................:         0
accSlotFreeCount.................................:         0
accSlotPeakInUse.................................:         0
accSlotWaitCount.................................:         0
bandPairMapPeakSize..............................:         0
bandPairMapFinalSize.............................:         0
batchDistributeCount.............................:         0
batchFallbackCount...............................:         0
m0TileCReadCount.................................:         0
m1TileCReadCount.................................:         0
tileCReadRequestCount............................:         0
tileCReadBytes...................................:         0
batchMissedDistributeCount.......................:         0
uniqueTileCSourceAddresses.......................:         0
Cube core exe uop count..........................:         0
Cube core retired uop count......................:         0
Cube core total load count.......................:         0
Cube core total store count (CellReg TileC writes):         0
  |--CellReg Load Count..........................:         0
    |--CellReg TileA Count.......................:         0
    |--CellReg TileB Count.......................:         0
    |--CellReg TileC Count.......................:         0
    |--CellReg LeftScale Count...................:         0
    |--CellReg RightScale Count..................:         0
  |--CellReg Load Bytes..........................:         0
    |--CellReg TileA Bytes.......................:         0
    |--CellReg TileB Bytes.......................:         0
    |--CellReg TileC Bytes.......................:         0
    |--CellReg LeftScale Bytes...................:         0
    |--CellReg RightScale Bytes..................:         0
  |--CellReg Store Count.........................:         0
    |--CellReg TileC Count.......................:         0
  |--CellReg Store Bytes.........................:         0
    |--CellReg TileC Bytes.......................:         0
  |--ShareTReg Load Count........................:         0
    |--ShareTReg TileA Count.....................:         0
    |--ShareTReg TileB Count.....................:         0
  |--ShareTReg Load Bytes........................:         0
    |--ShareTReg TileA Bytes.....................:         0
    |--ShareTReg TileB Bytes.....................:         0
  |--Exp CellReg Load Count......................:         0
    |--Exp CellReg TileA Count...................:         0
    |--Exp CellReg TileB Count...................:         0
    |--Exp CellReg TileC Count...................:         0
    |--Exp CellReg LeftScale Count...............:         0
    |--Exp CellReg RightScale Count..............:         0
  |--Exp CellReg Load Delta......................:      0.00
  |--Exp CellReg Store Count.....................:         0
  |--Exp CellReg Store Delta.....................:      0.00
  |--Exp ShareTReg Load Count....................:         0
  |--Exp ShareTReg Load Delta....................:      0.00
Cube core cannot pick main chain uop ratio.......:         0     N/A
Cube core pick cub chain uop ratio...............:         0     N/A
Cube busy cycle..................................:         0
Cube core mmad busy cycle........................:         0     N/A
Cube core load busy cycle........................:         0     N/A
Cube core store busy cycle.......................:         0     N/A
  UtilMacW (array exec)..........................:         0
    |--UtilMacWMad (systolic MAC phase)..........:         0
    |--UtilMacWRamp (staging/fill-drain).........:         0
  UtilMacO (operand in-flight)...................:         0
  UtilMacA (exec/writeback struct)...............:         0
  UtilMacD (dependency chain)....................:         0
  UtilMacI (issue/rename struct).................:         0
  UtilMacS (no tile).............................:   1273311
  UtilMacUnaccounted.............................:         0
  UtilMacCycles..................................:   1273311
    |--UtilMacSub_O_L0InFlight...................:         0
    |--UtilMacSub_O_ScaleInFlight................:         0
    |--UtilMacSub_O_LoadPath.....................:         0
    |--UtilMacSub_O_LdUopBuf.....................:         0
    |--UtilMacSub_A_AllocBackpressure............:         0
    |--UtilMacSub_A_StoreInFlight................:         0
    |--UtilMacSub_A_FixPipeAnnounce..............:         0
    |--UtilMacSub_A_UopBufQueue..................:         0
    |--UtilMacSub_A_TileBoundary.................:         0
    |--UtilMacSubO_Reconcile.....................:      0.00
    |--UtilMacSubA_Reconcile.....................:      0.00
    |--UtilMacSub_O_L0InFlight_A.................:         0
    |--UtilMacSub_O_L0InFlight_B.................:         0
    |--UtilMacSub_O_L0InFlight_C.................:         0
    |--UtilMacSub_O_L0InFlight_Other.............:         0
    |--UtilMacSubO_L0Split_Reconcile.............:      0.00
  UtilMacIssue_Issued............................:         0
  UtilMacIssue_CStreamWait.......................:         0
  UtilMacIssue_L0InFlight........................:         0
  UtilMacIssue_ScaleInFlight.....................:         0
  UtilMacIssue_AllocBackpressure.................:         0
  UtilMacIssue_KLoopChain........................:         0
  UtilMacIssue_UopBufQueue.......................:         0
  UtilMacIssue_LdUopBufQueue.....................:         0
  UtilMacIssue_NoTile............................:   1273311
  UtilMacIssue_TileBoundary......................:         0
  UtilMacIssue_Unaccounted.......................:         0
  UtilMacIssue_Reconcile.........................:      0.00
  UtilMacIssue_L0InFlight_A......................:         0
  UtilMacIssue_L0InFlight_B......................:         0
  UtilMacIssue_L0InFlight_C......................:         0
  UtilMacIssue_L0InFlight_Other..................:         0
  UtilMacIssue_L0Split_Reconcile.................:      0.00
  UtilMacStageOcc................................:         0
  UtilMacStageIdle...............................:         0
  UtilMacStage_Reconcile.........................:      0.00
  UtilMacFillWeightedUtil........................:      0.00
  UtilMacShadow_CwaitCycles......................:         0
  UtilMacShadow_L0WithCwait......................:         0
  UtilMacStageIdleByCause_Reconcile..............:      0.00
=============== TLSU tile-store STQ residency peId=0 ===============
  resident entry-cycles ....................: 1892601
  |-- addr/interval not resolved ...........: 0  (0.00%)
  |-- tile data (rename) not ready .........: 1887976  (99.76%)
  |-- BLOCKED BY NON-FLUSH POINTER .........: 310  (0.02%)
  |-- older store still in STQ .............: 27  (0.00%)
  |-- SCB full ............................: 0  (0.00%)
  store_issue=168406 scb_enter=168406 stq_peak=72 scb_peak=63
  private_l1_handoff: fragments=164118 acks=164118 wait_entry_cycles=164119 balanced=yes
  invariants: stq_conservation=OK (created=164215 destroyed=164215) a3_tile_violation=0 scb_flush_hit=0 scb_waw_scalar=0 scb_waw_tile=260 nuke=1
=============== TLOAD Sub-path peId=0 ===============
  occupancy entry-cycles ..................: 14215956 (48.37%)
  issue events ............................: 315861
=============== TSTORE Sub-path peId=0 ===============
  occupancy entry-cycles ..................: 15176416 (51.63%)
  issue events ............................: 168406
=============== TMOV Sub-path peId=0 ===============
  occupancy entry-cycles ..................: 0 (0.00%)
  issue events ............................: 0
========================Streaming L2========================
l2_tr_read_sent..................................:      6304
l2_tr_read_response..............................:      6304
l2_tr_read_wait_cycles...........................:     23200
l2_tr_read_queue_full_cycles.....................:         0
l2_tr_write_sent.................................:      5129
l2_tr_write_response.............................:      5129
l2_tr_write_wait_cycles..........................:     31049
l2_tr_write_queue_full_cycles....................:         0
l2_rwdb_entry_full_cycles........................:         0
l2_prior_read_raw_renames........................:         2
=====================Retired block Type=====================
Retired Block Num................................:    593377
  |--Retired STD Block Num.......................:    565025
  |--Retired PARALLEL Block Num..................:     28352
    |--Retired CUBE Block Num....................:         0    0.00%
    |--Retired VCALL Block Num...................:     19200   67.72%
    |--Retired TLSU Block Num....................:      9152   32.28%
  |--Retired SYS Block Num.......................:         0
  |--Retired FP Block Num........................:         0
  |--Retired OTHER Block Num.....................:         0
==================Retired Template Opcode===================
FENTRY...........................................:         5
FEXIT............................................:         0
FRET.............................................:         5
MEMSET...........................................:         9
MEMCOPY..........................................:         1
Retired Instruction Number.......................:   4619617
  |--Retired Scalar Inst Number..................:   4619617
  |--Retired Vec Inst Number.....................:         0
Retired Cube TileOp Number.......................:         0
Blocks Per Cycle.................................:  0.466011
IPC..............................................:  3.628035
Average BROB occupancy...........................:    157.73
  |--STID0 Average BROB occupancy................: 55.676355
  |--STID1 Average BROB occupancy................: 34.388819
  |--STID2 Average BROB occupancy................: 34.349955
  |--STID3 Average BROB occupancy................: 33.310368
Effective window size............................:    224.98
MPKB.............................................:     15.88
MPKI.............................................:      2.04
Simulation speed (Kilo Insts Per Second).........:      6.37
Discontinuous BPC Count..........................:    281079
Average Continuous BPC Length....................:  2.111068
Average fetch minsts/header per cycle............:     13.75
==========Block Control Detail Stats(Tile rename)===========
Tile capacity sample cycles......................:   1273311
Tile virtual tag capacity T/U/M/N (all threads)..:      4096
Tile virtual peak live tags T/U/M/N (all threads):       547
Tile physical CellReg capacity per PE(B).........:    262144
Tile physical CellReg capacity all PEs(B)........:   1048576
Tile lazy physical allocation enabled............:         0
Tile TLOAD first-data-ready bind enabled.........:         0
Tile physical bind requests......................:         0
Tile physical bind grants........................:         0
Tile physical bind failures......................:         0
Tile rename-to-bind average cycles...............:       N/A
Tile average virtual-only live tags..............:      0.00
Tile stale cell wakeup events....................:         0
Tile register average tag num....................:    201.47
  |--T...........................................:     52.38
  |--U...........................................:     51.23
  |--M...........................................:     50.10
  |--N...........................................:     47.77
  |--ACC.........................................:      0.00
  |--STK.........................................:      0.00
  |--DEP.........................................:      0.00
  |--MCALL_GPR...................................:      0.00
  |--MCALL_STK...................................:      0.00
Tile virtual average requested bytes (all threads):  88713.54
Tile virtual sum of per-hand peak requested bytes:    147712
Tile virtual simultaneous peak requested bytes (all threads):    174080
Tile physical simultaneous peak occupied bytes (all PEs):     38400
Tile physical simultaneous peak occupied cells (all PEs):       300
  |--T virtual requested bytes...................:  11108.92
  |--T virtual peak requested bytes..............:     11776
  |--U virtual requested bytes...................:  14736.89
  |--U virtual peak requested bytes..............:     35072
  |--M virtual requested bytes...................:  12320.94
  |--M virtual peak requested bytes..............:     27136
  |--N virtual requested bytes...................:  50546.79
  |--N virtual peak requested bytes..............:     73728
  |--ACC virtual requested bytes.................:      0.00
  |--ACC virtual peak requested bytes............:         0
  |--STK virtual requested bytes.................:      0.00
  |--STK virtual peak requested bytes............:         0
  |--DEP virtual requested bytes.................:      0.00
  |--DEP virtual peak requested bytes............:         0
  |--MCALL_GPR virtual requested bytes...........:      0.00
  |--MCALL_GPR virtual peak requested bytes......:         0
  |--MCALL_STK virtual requested bytes...........:      0.00
  |--MCALL_STK virtual peak requested bytes......:         0
Tile register average occupied bytes (all threads):   1550.31
Tile register average utilization (%)............:    0.1478
  |--T occupied bytes............................:        52    3.35%
  |--U occupied bytes............................:       513   33.10%
  |--M occupied bytes............................:       306   19.74%
  |--N occupied bytes............................:       678   43.74%
  |--ACC occupied bytes..........................:         0    0.00%
  |--STK occupied bytes..........................:         0    0.00%
  |--DEP occupied bytes..........................:         0    0.00%
  |--MCALL_GPR occupied bytes....................:         0    0.00%
  |--MCALL_STK occupied bytes....................:         0    0.00%
Tile physical configured hand size of T..........:     65536
  |-- physical peak utilization..................:18446744073709551488 28147497671065600.00%
Tile physical configured hand size of U..........:     65536
  |-- physical peak utilization..................:     13312   20.31%
Tile physical configured hand size of M..........:     65536
  |-- physical peak utilization..................:      9216   14.06%
Tile physical configured hand size of N..........:     65536
  |-- physical peak utilization..................:      8704   13.28%
STID0 TileReg average occupied bytes.............:    544.27
STID0 TileReg average utilization (%)............:    0.2076
STID0 virtual Tile average requested bytes.......:  62066.39
STID0 virtual Tile peak requested bytes..........:    139520
STID0 physical Tile peak occupied bytes..........:     32768
STID1 TileReg average occupied bytes.............:    352.86
STID1 TileReg average utilization (%)............:    0.1346
STID1 virtual Tile average requested bytes.......:   8906.07
STID1 virtual Tile peak requested bytes..........:     21760
STID1 physical Tile peak occupied bytes..........:      9984
STID2 TileReg average occupied bytes.............:    321.38
STID2 TileReg average utilization (%)............:    0.1226
STID2 virtual Tile average requested bytes.......:   8869.25
STID2 virtual Tile peak requested bytes..........:     21248
STID2 physical Tile peak occupied bytes..........:      9984
STID3 TileReg average occupied bytes.............:    331.80
STID3 TileReg average utilization (%)............:    0.1266
STID3 virtual Tile average requested bytes.......:   8871.84
STID3 virtual Tile peak requested bytes..........:     21504
STID3 physical Tile peak occupied bytes..........:      9984
Tile size-class allocator enabled................:         1
Tile allocator unit size(B)......................:       128
Tile allocator requests..........................:     23808
Tile allocator failures..........................:         0
Tile allocator successful requested units........:     35104
Tile allocator granted units.....................:     35104
Tile allocator class waste units.................:         0
Tile allocator split events......................:     16403
Tile allocator merge events......................:     16545
Tile allocator sum of per-thread peak(B).........:     62848
==============Block Control Stall Stats Total===============
BRob Full Stall..................................:      1229
RENAME Stall.....................................:         0
Block Rename Get Stall...........................:         0
Block Rename Set Stall...........................:         0
BIsq Full Stall .................................:     33784
TileReg Full Stall ..............................:         0
============Block Control Stall Stats SThread 0=============
BRob Full Stall..................................:       737
RENAME Stall.....................................:         0
Block Rename Get Stall...........................:         0
Block Rename Set Stall...........................:         0
BIsq Full Stall .................................:     10411
TileReg Full Stall ..............................:         0
============Block Control Stall Stats SThread 1=============
BRob Full Stall..................................:       262
RENAME Stall.....................................:         0
Block Rename Get Stall...........................:         0
Block Rename Set Stall...........................:         0
BIsq Full Stall .................................:      8441
TileReg Full Stall ..............................:         0
============Block Control Stall Stats SThread 2=============
BRob Full Stall..................................:        65
RENAME Stall.....................................:         0
Block Rename Get Stall...........................:         0
Block Rename Set Stall...........................:         0
BIsq Full Stall .................................:      7300
TileReg Full Stall ..............................:         0
============Block Control Stall Stats SThread 3=============
BRob Full Stall..................................:       165
RENAME Stall.....................................:         0
Block Rename Get Stall...........................:         0
Block Rename Set Stall...........................:         0
BIsq Full Stall .................................:      7632
TileReg Full Stall ..............................:         0
============CtlStack (BISQ park head, per-stid)=============
  CtlStackG_S0...................................:     56566
  CtlStackBIQFull_S0.............................:         0
  CtlStackPortBudget_S0..........................:         0
  CtlStackCellRename_S0..........................:         0
  CtlStackGroupGate_S0...........................:         0
  CtlStackTlsuBusy_S0............................:        12
  CtlStackPeCluster_S0...........................:         0
  CtlStackEmpty_S0...............................:   1216733
  CtlStackUnaccounted_S0.........................:         0
  CtlStackSyscallGate_S0.........................:         0
  CtlStackResidual_S0............................:         0
  CtlStackG_S1...................................:     37642
  CtlStackBIQFull_S1.............................:         0
  CtlStackPortBudget_S1..........................:         0
  CtlStackCellRename_S1..........................:         0
  CtlStackGroupGate_S1...........................:         0
  CtlStackTlsuBusy_S1............................:         0
  CtlStackPeCluster_S1...........................:         0
  CtlStackEmpty_S1...............................:   1235669
  CtlStackUnaccounted_S1.........................:         0
  CtlStackSyscallGate_S1.........................:         0
  CtlStackResidual_S1............................:         0
  CtlStackG_S2...................................:     37647
  CtlStackBIQFull_S2.............................:         0
  CtlStackPortBudget_S2..........................:         0
  CtlStackCellRename_S2..........................:         0
  CtlStackGroupGate_S2...........................:         0
  CtlStackTlsuBusy_S2............................:         0
  CtlStackPeCluster_S2...........................:         0
  CtlStackEmpty_S2...............................:   1235664
  CtlStackUnaccounted_S2.........................:         0
  CtlStackSyscallGate_S2.........................:         0
  CtlStackResidual_S2............................:         0
  CtlStackG_S3...................................:     37644
  CtlStackBIQFull_S3.............................:         0
  CtlStackPortBudget_S3..........................:         0
  CtlStackCellRename_S3..........................:         0
  CtlStackGroupGate_S3...........................:         0
  CtlStackTlsuBusy_S3............................:         3
  CtlStackPeCluster_S3...........................:         0
  CtlStackEmpty_S3...............................:   1235664
  CtlStackUnaccounted_S3.........................:         0
  CtlStackSyscallGate_S3.........................:         0
  CtlStackResidual_S3............................:         0
==============CtlStack2 (BIQ dispatch, per-IQ)==============
  CtlStack2G_CUBE................................:         0
  CtlStack2Empty_CUBE............................:   1273311
  CtlStack2ReadyWait_CUBE........................:         0
  CtlStack2DispQFull_CUBE........................:         0
  CtlStack2Unaccounted_CUBE......................:         0
  CtlStack2Residual_CUBE.........................:         0
  CtlStack2G_VEC_PE0.............................:      6528
  CtlStack2Empty_VEC_PE0.........................:   1173087
  CtlStack2ReadyWait_VEC_PE0.....................:     93696
  CtlStack2DispQFull_VEC_PE0.....................:         0
  CtlStack2Unaccounted_VEC_PE0...................:         0
  CtlStack2Residual_VEC_PE0......................:         0
  CtlStack2G_VEC_PE1.............................:      4224
  CtlStack2Empty_VEC_PE1.........................:   1198558
  CtlStack2ReadyWait_VEC_PE1.....................:     70529
  CtlStack2DispQFull_VEC_PE1.....................:         0
  CtlStack2Unaccounted_VEC_PE1...................:         0
  CtlStack2Residual_VEC_PE1......................:         0
  CtlStack2G_VEC_PE2.............................:      4224
  CtlStack2Empty_VEC_PE2.........................:   1199616
  CtlStack2ReadyWait_VEC_PE2.....................:     69471
  CtlStack2DispQFull_VEC_PE2.....................:         0
  CtlStack2Unaccounted_VEC_PE2...................:         0
  CtlStack2Residual_VEC_PE2......................:         0
  CtlStack2G_VEC_PE3.............................:      4224
  CtlStack2Empty_VEC_PE3.........................:   1199230
  CtlStack2ReadyWait_VEC_PE3.....................:     69857
  CtlStack2DispQFull_VEC_PE3.....................:         0
  CtlStack2Unaccounted_VEC_PE3...................:         0
  CtlStack2Residual_VEC_PE3......................:         0
============TileCell lifetime by producer module============
  TileCell OccCellCycles_CUBE....................:         0
  TileCell FreedCells_CUBE.......................:         0
  TileCell AvgLifeCycles_CUBE....................:      0.00
  TileCell MaxLifeCycles_CUBE....................:         0
  TileCell OccCellCycles_VEC.....................:  18620647
  TileCell FreedCells_VEC........................:     29976
  TileCell AvgLifeCycles_VEC.....................:    621.19
  TileCell MaxLifeCycles_VEC.....................:      1680
  TileCell OccCellCycles_TLSU....................:  10811455
  TileCell FreedCells_TLSU.......................:      5072
  TileCell AvgLifeCycles_TLSU....................:   2131.60
  TileCell MaxLifeCycles_TLSU....................:    833477
  TileCell OccCellCycles_Other...................:         0
  TileCell FreedCells_Other......................:         0
  TileCell AvgLifeCycles_Other...................:      0.00
  TileCell MaxLifeCycles_Other...................:         0
==========GmmaGenSpread (lockstep 4-PE divergence)==========
  GenCount (4-PE complete).......................:         0
  IssueSpreadMean................................:       N/A
  IssueSpreadMax.................................:         0
  CompleteSpreadMean.............................:       N/A
  CompleteSpreadMax..............................:         0
  CompleteSpreadBucket_le4.......................:         0
  CompleteSpreadBucket_5to16.....................:         0
  CompleteSpreadBucket_17to64....................:         0
  CompleteSpreadBucket_gt64......................:         0
  FirstDivergenceGen (completeSpread>8)..........:         0
  FirstDivergenceCycle...........................:         0
  FirstDivergenceSpread..........................:         0
=====Block Control Detail Stats(Flush Statistics) Total=====
intra-block ld-st conflict.......................:         0
inter-block ld-st conflict.......................:         1
intra-block misp.................................:         0
inter-block misp.................................:      9631
===Block Control Detail Stats(Flush Statistics) SThread 0===
intra-block ld-st conflict.......................:         0
inter-block ld-st conflict.......................:         1
intra-block misp.................................:         0
inter-block misp.................................:      3102
===Block Control Detail Stats(Flush Statistics) SThread 1===
intra-block ld-st conflict.......................:         0
inter-block ld-st conflict.......................:         0
intra-block misp.................................:         0
inter-block misp.................................:      2118
===Block Control Detail Stats(Flush Statistics) SThread 2===
intra-block ld-st conflict.......................:         0
inter-block ld-st conflict.......................:         0
intra-block misp.................................:         0
inter-block misp.................................:      2218
===Block Control Detail Stats(Flush Statistics) SThread 3===
intra-block ld-st conflict.......................:         0
inter-block ld-st conflict.......................:         0
intra-block misp.................................:         0
inter-block misp.................................:      2193
=====================SPE OOO&IEX stats======================
decode inst bubble...............................:   5459170
average decode bundle............................:      0.00
Thread0 Pick Cnt.................................:   1164401
Thread1 Pick Cnt.................................:   1185070
Thread2 Pick Cnt.................................:   1188411
Thread3 Pick Cnt.................................:   1188028
Thread0 rob stall cnt............................:     67073
Thread1 rob stall cnt............................:     41279
Thread2 rob stall cnt............................:     39675
Thread3 rob stall cnt............................:     39725
decode pe rob stall..............................:         0
decode local gpr stall...........................:         0
inst buffer stall................................:         0
predicate reg stall..............................:         0
vector reg ptag stall............................:         0
vector local scalar reg stall....................:         0
retired ld inst..................................:    310734
retired st inst..................................:    163984
retired scalar inst..............................:   4619617
retired vector inst..............................:         0
retired div/sqrt inst............................:         0
MAPQ lg0 stall...................................:     11519
MAPQ lg1 stall...................................:      2524
MAPQ lg2 stall...................................:      3472
MAPQ lg3 stall...................................:      2814
ROB lg0 stall....................................:     67073
ROB lg1 stall....................................:     41279
ROB lg2 stall....................................:     39675
ROB lg3 stall....................................:     39725
Thread0 decode cycle.............................:    316113
Thread1 decode cycle.............................:    319010
Thread2 decode cycle.............................:    318927
Thread3 decode cycle.............................:    318820
Thread0 alloc cycle..............................:    244708
Thread1 alloc cycle..............................:    272767
Thread2 alloc cycle..............................:    274200
Thread3 alloc cycle..............................:    274168
Thread0 rename cycle.............................:    243378
Thread1 rename cycle.............................:    271422
Thread2 rename cycle.............................:    272389
Thread3 rename cycle.............................:    272892
Thread0 d2_s1 dispatch cnt.......................:    201940
Thread1 d2_s1 dispatch cnt.......................:    255089
Thread2 d2_s1 dispatch cnt.......................:    216178
Thread3 d2_s1 dispatch cnt.......................:    264569
Thread0 slots_total..............................:   2528904
Thread1 slots_total..............................:   2552080
Thread2 slots_total..............................:   2551416
Thread3 slots_total..............................:   2550560
Thread0 slots_rob_allocated......................:   1164401
Thread1 slots_rob_allocated......................:   1185070
Thread2 slots_rob_allocated......................:   1188411
Thread3 slots_rob_allocated......................:   1188028
Thread0 slots_fe_bubble..........................:   1364503
Thread1 slots_fe_bubble..........................:   1367010
Thread2 slots_fe_bubble..........................:   1363005
Thread3 slots_fe_bubble..........................:   1362532
Thread0 slots_idle...............................:         0
Thread1 slots_idle...............................:         0
Thread2 slots_idle...............................:         0
Thread3 slots_idle...............................:         0
Thread0 robStall.................................:    536584
Thread1 robStall.................................:    330232
Thread2 robStall.................................:    317400
Thread3 robStall.................................:    317800
Thread0 retired_load.............................:     81813
Thread1 retired_load.............................:     76192
Thread2 retired_load.............................:     76370
Thread3 retired_load.............................:     76359
Thread0 retired_store............................:     49895
Thread1 retired_store............................:     38041
Thread2 retired_store............................:     38024
Thread3 retired_store............................:     38024
Thread0 retired_innerJump........................:         0
Thread1 retired_innerJump........................:         0
Thread2 retired_innerJump........................:         0
Thread3 retired_innerJump........................:         0
Thread0 retiredAluInst...........................:    993584
Thread1 retiredAluInst...........................:   1048783
Thread2 retiredAluInst...........................:   1051302
Thread3 retiredAluInst...........................:   1051230
Thread0 retiredSAluInst..........................:    993584
Thread1 retiredSAluInst..........................:   1048783
Thread2 retiredSAluInst..........................:   1051302
Thread3 retiredSAluInst..........................:   1051230
Thread0 retiredVAluInst..........................:         0
Thread1 retiredVAluInst..........................:         0
Thread2 retiredVAluInst..........................:         0
Thread3 retiredVAluInst..........................:         0
Thread0 retiredScalar............................:   1125292
Thread1 retiredScalar............................:   1163016
Thread2 retiredScalar............................:   1165696
Thread3 retiredScalar............................:   1165613
Thread0 retiredVector............................:         0
Thread1 retiredVector............................:         0
Thread2 retiredVector............................:         0
Thread3 retiredVector............................:         0
Thread0 retiredDivSqrt...........................:         0
Thread1 retiredDivSqrt...........................:         0
Thread2 retiredDivSqrt...........................:         0
Thread3 retiredDivSqrt...........................:         0
====================Vector PMU Stats PE0====================
PEId.............................................:         0
TileopNum........................................:      6528
TCMPPackedTileNum................................:        96
TCMPFragmentExpected.............................:      1088
TCMPFragmentCompleted............................:      1088
TCMPFragmentCanceled.............................:         0
TCMPPackedCellWrites.............................:        96
TCMPPackWriteWaitCycles..........................:        96
TCMPFlushedTileNum...............................:         0
UopNum...........................................:     14144
SplitCellCountMismatch...........................:         0
SplitPartialCellUopCount.........................:         0
SplitUopAvgPayloadBytes..........................:       N/A
UopQDispatch_INT.................................:      2272
UopQReadyBypass_INT..............................:       234
UopQDispatchSrcBufFullCycles_INT.................:      1796
UopQDispatchSrcBufFullBlockedCycles_INT..........:      1796
VecSrcCellNotReadyCycles_INT.....................:      3373
SharedReadPortWaitCycles_INT.....................:         0
UopQDispatch_FMA.................................:         0
UopQReadyBypass_FMA..............................:         0
UopQDispatchSrcBufFullCycles_FMA.................:         0
UopQDispatchSrcBufFullBlockedCycles_FMA..........:         0
VecSrcCellNotReadyCycles_FMA.....................:        48
SharedReadPortWaitCycles_FMA.....................:         0
UopQDispatch_LNEXP...............................:         0
UopQReadyBypass_LNEXP............................:         0
UopQDispatchSrcBufFullCycles_LNEXP...............:         0
UopQDispatchSrcBufFullBlockedCycles_LNEXP........:         0
VecSrcCellNotReadyCycles_LNEXP...................:      2379
SharedReadPortWaitCycles_LNEXP...................:         0
CellReadMergedUops...............................:         0
StaticUopsIssued.................................:     11872
StaticBoardBlockCycles...........................:         0
StaticWritebacks.................................:     11872
EarlyWakeupFired.................................:      5952
StaticDynPipeBlockCycles.........................:      3018
DynStaticChainBlockCycles........................:      2849
ExpandTagHits_INT................................:       670
ExpandTagMisses_INT..............................:        70
ExpandBankFills_INT..............................:        70
ExpandTempFills_INT..............................:         0
ExpandEvicts_INT.................................:        23
ExpandTagHits_FMA................................:         0
ExpandTagMisses_FMA..............................:         0
ExpandBankFills_FMA..............................:         0
ExpandTempFills_FMA..............................:         0
ExpandEvicts_FMA.................................:         0
ExpandTagHits_LNEXP..............................:         0
ExpandTagMisses_LNEXP............................:         0
ExpandBankFills_LNEXP............................:         0
ExpandTempFills_LNEXP............................:         0
ExpandEvicts_LNEXP...............................:         0
ExpandFillDrops..................................:         0
ExpandReadStaleFallbacks cls0....................:         0
ExpandReadStaleFallbacks cls1....................:         0
ExpandReadStaleFallbacks cls2....................:         0
LeSharedPortBlockCycles..........................:         0
LeSrc1CarrySkips.................................:         0
=======Static Path Bank Access / Conflict Attribution=======
  StaticBankReads Bank[0]........................:      1182
  StaticBankReads Bank[1]........................:      1204
  StaticBankReads Bank[2]........................:      1125
  StaticBankReads Bank[3]........................:      1061
  StaticBankReads Bank[4]........................:      1046
  StaticBankReads Bank[5]........................:      1038
  StaticBankReads Bank[6]........................:      1087
  StaticBankReads Bank[7]........................:      1008
  StaticDetectReadBlocks Bank[0].................:       156
  StaticDetectReadBlocks Bank[1].................:       204
  StaticDetectReadBlocks Bank[2].................:       102
  StaticDetectReadBlocks Bank[3].................:        59
  StaticDetectReadBlocks Bank[4].................:       139
  StaticDetectReadBlocks Bank[5].................:       143
  StaticDetectReadBlocks Bank[6].................:        15
  StaticDetectReadBlocks Bank[7].................:        13
  StaticDetectWriteBlocks Bank[0]................:         0
  StaticDetectWriteBlocks Bank[1]................:         0
  StaticDetectWriteBlocks Bank[2]................:         0
  StaticDetectWriteBlocks Bank[3]................:         0
  StaticDetectWriteBlocks Bank[4]................:         0
  StaticDetectWriteBlocks Bank[5]................:         0
  StaticDetectWriteBlocks Bank[6]................:         0
  StaticDetectWriteBlocks Bank[7]................:         0
  StaticIntYieldBlocks Bank[0]...................:         0
  StaticIntYieldBlocks Bank[1]...................:         0
  StaticIntYieldBlocks Bank[2]...................:         0
  StaticIntYieldBlocks Bank[3]...................:         0
  StaticIntYieldBlocks Bank[4]...................:         0
  StaticIntYieldBlocks Bank[5]...................:         0
  StaticIntYieldBlocks Bank[6]...................:         0
  StaticIntYieldBlocks Bank[7]...................:         0
  StaticBoardOccSum Bank[0]......................:     20664
  StaticBoardOccSum Bank[1]......................:     21437
  StaticBoardOccSum Bank[2]......................:     22287
  StaticBoardOccSum Bank[3]......................:     20528
  StaticBoardOccSum Bank[4]......................:     20849
  StaticBoardOccSum Bank[5]......................:     19046
  StaticBoardOccSum Bank[6]......................:     17928
  StaticBoardOccSum Bank[7]......................:     17056
  StaticBoardOccColSum Col[0]....................:     19151
  StaticBoardOccColSum Col[1]....................:     19151
  StaticBoardOccColSum Col[2]....................:     19151
  StaticBoardOccColSum Col[3]....................:     16011
  StaticBoardOccColSum Col[4]....................:     13531
  StaticBoardOccColSum Col[5]....................:     10400
  StaticBoardOccColSum Col[6]....................:     10400
  StaticBoardOccColSum Col[7]....................:     10400
  StaticBoardOccColSum Col[8]....................:     10400
  StaticBoardOccColSum Col[9]....................:     10400
  StaticBoardOccColSum Col[10]...................:     10400
  StaticBoardOccColSum Col[11]...................:     10400
  StaticBoardOccColSum Col[12]...................:         0
  StaticBoardOccColSum Col[13]...................:         0
  StaticBoardOccColSum Col[14]...................:         0
  StaticBoardOccColSum Col[15]...................:         0
VecAluAcceptCycles_FMA...........................:       192
VecAluAcceptCycles_INT...........................:     12480
VecAluAcceptCycles_LNEXP.........................:      1472
VecTripleIssueCycles.............................:         0
VecDualIssueCycles...............................:       969
VecSingleIssueCycles.............................:     12206
VecIdleIssueCycles...............................:   1260136
CellReadMergeSaved...............................:         0
SrcBufBypassIssue................................:         0
SplitRawGateBlocked..............................:         0
SplitNoFreeSlotCycles............................:        63
IPC(UOP).........................................:  0.011108
RowExpandTileNum.................................:         0
RowReduceTileNum.................................:      1120
RowReduceLayerNum................................:         0
RowReduceUopSplit................................:      2080
RowReduceUopDone.................................:      2080
RowReduceRootWriteNum............................:      1120
RowReduceFlushedTileNum..........................:         0
RowReduceEntryUnavailableCycles..................:         0
RowReduceSplitBandwidthWaitTileCycles............:         0
RowReduceSrcBufFullTileCycles....................:         0
RowReduceLayerWaitTileCycles.....................:         0
RowReduceLayerPublishWaitTileCycles..............:         0
RowReduceReadPortWaitUopCycles...................:         0
RowReduceSourceResponseWaitUopCycles.............:         0
RowReduceIssueIntervalWaitUopCycles..............:         0
RowReduceSameGroupWaitUopCycles..................:         0
RowReduceExecPipeFullUopCycles...................:         0
RowReduceRootDstBufWaitTileCycles................:         0
RowReduceRootWritePortWaitCycles.................:         0
RowReduceRootWriteResponseWaitCycles.............:         0
RowReduceSrcNotReadyCycles.......................:      1117
RowReduceTEMPForwardHits.........................:      2033
RowReduceCellFallbackReads.......................:      1295
RedTempMacroNum..................................:         0
HybridCountGatedTiles............................:         0
ReadNum..........................................:      1088
CellReadAccessTotal..............................:     10927
CellReadAccess_INT...............................:      9336
CellReadAccess_FMA...............................:       163
CellReadAccess_LNEXP.............................:      1428
ReadLat..........................................:      5.95
  |--LatLE5......................................:        61
  |--LatLE10.....................................:      1027
  |--LatLE15.....................................:         0
  |--LatGT15.....................................:         0
WriteNum.........................................:      2752
CellWriteAccessTotal.............................:     13152
CellWriteAccess_INT..............................:     11488
CellWriteAccess_FMA..............................:       192
CellWriteAccess_LNEXP............................:      1472
TempForwardHits_INT..............................:      4874
TempForwardHits_FMA..............................:        29
TempForwardHits_LNEXP............................:        44
TempForwardMisses_INT............................:      7830
TempForwardMisses_FMA............................:       163
TempForwardMisses_LNEXP..........................:      1428
ExpandTagHits_INT................................:       670
ExpandTagHits_FMA................................:         0
ExpandTagHits_LNEXP..............................:         0
ExpandTagMisses_INT..............................:        70
ExpandTagMisses_FMA..............................:         0
ExpandTagMisses_LNEXP............................:         0
ExpandBankFills_INT..............................:        70
ExpandBankFills_FMA..............................:         0
ExpandBankFills_LNEXP............................:         0
ExpandTempFills_INT..............................:         0
ExpandTempFills_FMA..............................:         0
ExpandTempFills_LNEXP............................:         0
ExpandEvicts_INT.................................:        23
ExpandEvicts_FMA.................................:         0
ExpandEvicts_LNEXP...............................:         0
LeSharedPortBlockCycles..........................:         0
WriteLat.........................................:      1.08
  |--LatLE5......................................:      2752
  |--LatLE10.....................................:         0
  |--LatLE15.....................................:         0
  |--LatGT15.....................................:         0
AccountExpCellReads_INT..........................:     14880
AccountExpCellReads_FMA..........................:       192
AccountExpCellReads_LNEXP........................:      1472
AccountExpRedTempReads...........................:         0
AccountRedTempReads..............................:         0
AccountExpCellWrites_INT.........................:     12480
AccountExpCellWrites_FMA.........................:       192
AccountExpCellWrites_LNEXP.......................:      1472
AccountExpRedTempWrites..........................:         0
AccountExpReadsTotal.............................:     16544
AccountActReadsTotal.............................:     16544
AccountReadDelta.................................:      0.00
AccountExpWritesTotal............................:     14144
AccountActWritesTotal............................:     13152
AccountWriteDelta................................:    992.00
========================VecUtilStack========================
UtilStackW_INT...................................:     12480
UtilStackO_INT...................................:        77
UtilStackA_INT...................................:         0
UtilStackD_INT...................................:       658
UtilStackI_INT...................................:      1865
UtilStackS_INT...................................:   1258231
UtilStackUnaccounted_INT.........................:         0
UtilStackW_FMA...................................:       192
UtilStackO_FMA...................................:        48
UtilStackA_FMA...................................:         0
UtilStackD_FMA...................................:         0
UtilStackI_FMA...................................:         0
UtilStackS_FMA...................................:   1273071
UtilStackUnaccounted_FMA.........................:         0
UtilStackW_LNEXP.................................:      1472
UtilStackO_LNEXP.................................:        21
UtilStackA_LNEXP.................................:      1511
UtilStackD_LNEXP.................................:         0
UtilStackI_LNEXP.................................:         0
UtilStackS_LNEXP.................................:   1270307
UtilStackUnaccounted_LNEXP.......................:         0
UtilStackW_SHARED................................:         0
UtilStackO_SHARED................................:         0
UtilStackA_SHARED................................:         0
UtilStackD_SHARED................................:         0
UtilStackI_SHARED................................:         0
UtilStackS_SHARED................................:   1273311
UtilStackUnaccounted_SHARED......................:         0
UtilStackCycles..................................:   1273311
UtilStackVecBusy.................................:     46302
UtilStackVecExposed..............................:     46302
  UtilStackSub_O_DstWriteCfl_INT.................:         0
  UtilStackSub_O_BankCfl_INT.....................:        77
  UtilStackSub_O_SharedPort_INT..................:         0
  UtilStackSub_O_YieldFma_INT....................:         0
  UtilStackSub_O_LePort_INT......................:         0
  UtilStackSub_A_RedTempMacro_INT................:         0
  UtilStackSub_A_LeThrottle_INT..................:         0
  UtilStackSub_A_LeFifoFull_INT..................:         0
  UtilStackSub_A_IiCool_INT......................:         0
  UtilStackSub_A_DstbufFull_INT..................:         0
  UtilStackSub_A_PipeFull_INT....................:         0
  UtilStackSub_D_StaticSrc_INT...................:         0
  UtilStackSub_D_RedTempCount_INT................:         0
  UtilStackSub_D_DynSrcbuf_INT...................:       658
  UtilStackSubO_Reconcile_INT....................:      0.00
  UtilStackSubA_Reconcile_INT....................:      0.00
  UtilStackSubD_Reconcile_INT....................:      0.00
  UtilStackSub_O_DstWriteCfl_FMA.................:         0
  UtilStackSub_O_BankCfl_FMA.....................:        48
  UtilStackSub_O_SharedPort_FMA..................:         0
  UtilStackSub_O_YieldFma_FMA....................:         0
  UtilStackSub_O_LePort_FMA......................:         0
  UtilStackSub_A_RedTempMacro_FMA................:         0
  UtilStackSub_A_LeThrottle_FMA..................:         0
  UtilStackSub_A_LeFifoFull_FMA..................:         0
  UtilStackSub_A_IiCool_FMA......................:         0
  UtilStackSub_A_DstbufFull_FMA..................:         0
  UtilStackSub_A_PipeFull_FMA....................:         0
  UtilStackSub_D_StaticSrc_FMA...................:         0
  UtilStackSub_D_RedTempCount_FMA................:         0
  UtilStackSub_D_DynSrcbuf_FMA...................:         0
  UtilStackSubO_Reconcile_FMA....................:      0.00
  UtilStackSubA_Reconcile_FMA....................:      0.00
  UtilStackSubD_Reconcile_FMA....................:      0.00
  UtilStackSub_O_DstWriteCfl_LNEXP...............:         0
  UtilStackSub_O_BankCfl_LNEXP...................:         5
  UtilStackSub_O_SharedPort_LNEXP................:         0
  UtilStackSub_O_YieldFma_LNEXP..................:         0
  UtilStackSub_O_LePort_LNEXP....................:        16
  UtilStackSub_A_RedTempMacro_LNEXP..............:         0
  UtilStackSub_A_LeThrottle_LNEXP................:      1327
  UtilStackSub_A_LeFifoFull_LNEXP................:       184
  UtilStackSub_A_IiCool_LNEXP....................:         0
  UtilStackSub_A_DstbufFull_LNEXP................:         0
  UtilStackSub_A_PipeFull_LNEXP..................:         0
  UtilStackSub_D_StaticSrc_LNEXP.................:         0
  UtilStackSub_D_RedTempCount_LNEXP..............:         0
  UtilStackSub_D_DynSrcbuf_LNEXP.................:         0
  UtilStackSubO_Reconcile_LNEXP..................:      0.00
  UtilStackSubA_Reconcile_LNEXP..................:      0.00
  UtilStackSubD_Reconcile_LNEXP..................:      0.00
  UtilStackSub_O_DstWriteCfl_SHARED..............:         0
  UtilStackSub_O_BankCfl_SHARED..................:         0
  UtilStackSub_O_SharedPort_SHARED...............:         0
  UtilStackSub_O_YieldFma_SHARED.................:         0
  UtilStackSub_O_LePort_SHARED...................:         0
  UtilStackSub_A_RedTempMacro_SHARED.............:         0
  UtilStackSub_A_LeThrottle_SHARED...............:         0
  UtilStackSub_A_LeFifoFull_SHARED...............:         0
  UtilStackSub_A_IiCool_SHARED...................:         0
  UtilStackSub_A_DstbufFull_SHARED...............:         0
  UtilStackSub_A_PipeFull_SHARED.................:         0
  UtilStackSub_D_StaticSrc_SHARED................:         0
  UtilStackSub_D_RedTempCount_SHARED.............:         0
  UtilStackSub_D_DynSrcbuf_SHARED................:         0
  UtilStackSubO_Reconcile_SHARED.................:      0.00
  UtilStackSubA_Reconcile_SHARED.................:      0.00
  UtilStackSubD_Reconcile_SHARED.................:      0.00
  UtilStackOBlocker_None_INT.....................:         0
  UtilStackOBlocker_FmaRead_INT..................:         0
  UtilStackOBlocker_IntRead_INT..................:        11
  UtilStackOBlocker_LeRead_INT...................:         2
  UtilStackOBlocker_FmaWrite_INT.................:         1
  UtilStackOBlocker_IntWrite_INT.................:        63
  UtilStackOBlocker_CubeRead_INT.................:         0
  UtilStackOBlocker_CubeWrite_INT................:         0
  UtilStackOBlocker_LeWrite_INT..................:         0
  UtilStackOBlocker_Reconcile_INT................:      0.00
  UtilStackOBlocker_None_FMA.....................:         0
  UtilStackOBlocker_FmaRead_FMA..................:         0
  UtilStackOBlocker_IntRead_FMA..................:         0
  UtilStackOBlocker_LeRead_FMA...................:        47
  UtilStackOBlocker_FmaWrite_FMA.................:         0
  UtilStackOBlocker_IntWrite_FMA.................:         1
  UtilStackOBlocker_CubeRead_FMA.................:         0
  UtilStackOBlocker_CubeWrite_FMA................:         0
  UtilStackOBlocker_LeWrite_FMA..................:         0
  UtilStackOBlocker_Reconcile_FMA................:      0.00
  UtilStackOBlocker_None_LNEXP...................:         0
  UtilStackOBlocker_FmaRead_LNEXP................:         0
  UtilStackOBlocker_IntRead_LNEXP................:        17
  UtilStackOBlocker_LeRead_LNEXP.................:         0
  UtilStackOBlocker_FmaWrite_LNEXP...............:         0
  UtilStackOBlocker_IntWrite_LNEXP...............:         4
  UtilStackOBlocker_CubeRead_LNEXP...............:         0
  UtilStackOBlocker_CubeWrite_LNEXP..............:         0
  UtilStackOBlocker_LeWrite_LNEXP................:         0
  UtilStackOBlocker_Reconcile_LNEXP..............:      0.00
  UtilStackOBlocker_None_SHARED..................:         0
  UtilStackOBlocker_FmaRead_SHARED...............:         0
  UtilStackOBlocker_IntRead_SHARED...............:         0
  UtilStackOBlocker_LeRead_SHARED................:         0
  UtilStackOBlocker_FmaWrite_SHARED..............:         0
  UtilStackOBlocker_IntWrite_SHARED..............:         0
  UtilStackOBlocker_CubeRead_SHARED..............:         0
  UtilStackOBlocker_CubeWrite_SHARED.............:         0
  UtilStackOBlocker_LeWrite_SHARED...............:         0
  UtilStackOBlocker_Reconcile_SHARED.............:      0.00
YieldFmaReadCycles...............................:         0
YieldFmaWriteCycles..............................:         0
UtilStackHideRatio...............................:      0.00
UtilStackHideRatioStrict.........................:      0.00
  UtilStackIssueCombo_None.......................:   1260136
  UtilStackIssueCombo_INT........................:     11511
  UtilStackIssueCombo_FMA........................:       189
  UtilStackIssueCombo_INT+FMA....................:         3
  UtilStackIssueCombo_LE.........................:       506
  UtilStackIssueCombo_INT+LE.....................:       966
  UtilStackIssueCombo_FMA+LE.....................:         0
  UtilStackIssueCombo_INT+FMA+LE.................:         0
  UtilStackIssueCombo_SH.........................:         0
  UtilStackIssueCombo_INT+SH.....................:         0
  UtilStackIssueCombo_FMA+SH.....................:         0
  UtilStackIssueCombo_INT+FMA+SH.................:         0
  UtilStackIssueCombo_LE+SH......................:         0
  UtilStackIssueCombo_INT+LE+SH..................:         0
  UtilStackIssueCombo_FMA+LE+SH..................:         0
  UtilStackIssueCombo_INT+FMA+LE+SH..............:         0
  UtilStackIssueCombo_Reconcile..................:      0.00
  UtilStackIssueEvent_Reconcile..................:      0.00
UtilStackMultiIssueProb..........................:      0.07
UtilStackAvgIssueRate............................:      0.01
UtilStackIssueWidthUtil..........................:      0.00
====================Vector PMU Stats PE1====================
PEId.............................................:         1
TileopNum........................................:      4224
TCMPPackedTileNum................................:        64
TCMPFragmentExpected.............................:        64
TCMPFragmentCompleted............................:        64
TCMPFragmentCanceled.............................:         0
TCMPPackedCellWrites.............................:        64
TCMPPackWriteWaitCycles..........................:        64
TCMPFlushedTileNum...............................:         0
UopNum...........................................:      4928
SplitCellCountMismatch...........................:         0
SplitPartialCellUopCount.........................:         0
SplitUopAvgPayloadBytes..........................:       N/A
UopQDispatch_INT.................................:       192
UopQReadyBypass_INT..............................:         1
UopQDispatchSrcBufFullCycles_INT.................:         0
UopQDispatchSrcBufFullBlockedCycles_INT..........:         0
VecSrcCellNotReadyCycles_INT.....................:       767
SharedReadPortWaitCycles_INT.....................:         0
UopQDispatch_FMA.................................:         0
UopQReadyBypass_FMA..............................:         0
UopQDispatchSrcBufFullCycles_FMA.................:         0
UopQDispatchSrcBufFullBlockedCycles_FMA..........:         0
VecSrcCellNotReadyCycles_FMA.....................:        54
SharedReadPortWaitCycles_FMA.....................:         0
UopQDispatch_LNEXP...............................:         0
UopQReadyBypass_LNEXP............................:         0
UopQDispatchSrcBufFullCycles_LNEXP...............:         0
UopQDispatchSrcBufFullBlockedCycles_LNEXP........:         0
VecSrcCellNotReadyCycles_LNEXP...................:       418
SharedReadPortWaitCycles_LNEXP...................:         0
CellReadMergedUops...............................:         0
StaticUopsIssued.................................:      4736
StaticBoardBlockCycles...........................:         0
StaticWritebacks.................................:      4736
EarlyWakeupFired.................................:      3776
StaticDynPipeBlockCycles.........................:       832
DynStaticChainBlockCycles........................:       702
ExpandTagHits_INT................................:         8
ExpandTagMisses_INT..............................:        53
ExpandBankFills_INT..............................:        53
ExpandTempFills_INT..............................:         0
ExpandEvicts_INT.................................:         8
ExpandTagHits_FMA................................:         0
ExpandTagMisses_FMA..............................:         0
ExpandBankFills_FMA..............................:         0
ExpandTempFills_FMA..............................:         0
ExpandEvicts_FMA.................................:         0
ExpandTagHits_LNEXP..............................:         0
ExpandTagMisses_LNEXP............................:         0
ExpandBankFills_LNEXP............................:         0
ExpandTempFills_LNEXP............................:         0
ExpandEvicts_LNEXP...............................:         0
ExpandFillDrops..................................:         0
ExpandReadStaleFallbacks cls0....................:         0
ExpandReadStaleFallbacks cls1....................:         0
ExpandReadStaleFallbacks cls2....................:         0
LeSharedPortBlockCycles..........................:         0
LeSrc1CarrySkips.................................:         0
=======Static Path Bank Access / Conflict Attribution=======
  StaticBankReads Bank[0]........................:       411
  StaticBankReads Bank[1]........................:       424
  StaticBankReads Bank[2]........................:       407
  StaticBankReads Bank[3]........................:       384
  StaticBankReads Bank[4]........................:       389
  StaticBankReads Bank[5]........................:       394
  StaticBankReads Bank[6]........................:       382
  StaticBankReads Bank[7]........................:       369
  StaticDetectReadBlocks Bank[0].................:        17
  StaticDetectReadBlocks Bank[1].................:        15
  StaticDetectReadBlocks Bank[2].................:        20
  StaticDetectReadBlocks Bank[3].................:        23
  StaticDetectReadBlocks Bank[4].................:        30
  StaticDetectReadBlocks Bank[5].................:        23
  StaticDetectReadBlocks Bank[6].................:         8
  StaticDetectReadBlocks Bank[7].................:         9
  StaticDetectWriteBlocks Bank[0]................:         0
  StaticDetectWriteBlocks Bank[1]................:         0
  StaticDetectWriteBlocks Bank[2]................:         0
  StaticDetectWriteBlocks Bank[3]................:         0
  StaticDetectWriteBlocks Bank[4]................:         0
  StaticDetectWriteBlocks Bank[5]................:         0
  StaticDetectWriteBlocks Bank[6]................:         0
  StaticDetectWriteBlocks Bank[7]................:         0
  StaticIntYieldBlocks Bank[0]...................:         0
  StaticIntYieldBlocks Bank[1]...................:         0
  StaticIntYieldBlocks Bank[2]...................:         0
  StaticIntYieldBlocks Bank[3]...................:         0
  StaticIntYieldBlocks Bank[4]...................:         0
  StaticIntYieldBlocks Bank[5]...................:         0
  StaticIntYieldBlocks Bank[6]...................:         0
  StaticIntYieldBlocks Bank[7]...................:         0
  StaticBoardOccSum Bank[0]......................:      8930
  StaticBoardOccSum Bank[1]......................:      8227
  StaticBoardOccSum Bank[2]......................:      8601
  StaticBoardOccSum Bank[3]......................:      7852
  StaticBoardOccSum Bank[4]......................:      7974
  StaticBoardOccSum Bank[5]......................:      7288
  StaticBoardOccSum Bank[6]......................:      7931
  StaticBoardOccSum Bank[7]......................:      7054
  StaticBoardOccColSum Col[0]....................:      7448
  StaticBoardOccColSum Col[1]....................:      7448
  StaticBoardOccColSum Col[2]....................:      7448
  StaticBoardOccColSum Col[3]....................:      6190
  StaticBoardOccColSum Col[4]....................:      5307
  StaticBoardOccColSum Col[5]....................:      4288
  StaticBoardOccColSum Col[6]....................:      4288
  StaticBoardOccColSum Col[7]....................:      4288
  StaticBoardOccColSum Col[8]....................:      4288
  StaticBoardOccColSum Col[9]....................:      4288
  StaticBoardOccColSum Col[10]...................:      4288
  StaticBoardOccColSum Col[11]...................:      4288
  StaticBoardOccColSum Col[12]...................:         0
  StaticBoardOccColSum Col[13]...................:         0
  StaticBoardOccColSum Col[14]...................:         0
  StaticBoardOccColSum Col[15]...................:         0
VecAluAcceptCycles_FMA...........................:       192
VecAluAcceptCycles_INT...........................:      4288
VecAluAcceptCycles_LNEXP.........................:       448
VecTripleIssueCycles.............................:         0
VecDualIssueCycles...............................:        43
VecSingleIssueCycles.............................:      4842
VecIdleIssueCycles...............................:   1268426
CellReadMergeSaved...............................:         0
SrcBufBypassIssue................................:         0
SplitRawGateBlocked..............................:         0
SplitNoFreeSlotCycles............................:         0
IPC(UOP).........................................:  0.003870
RowExpandTileNum.................................:         0
RowReduceTileNum.................................:       704
RowReduceLayerNum................................:         0
RowReduceUopSplit................................:       704
RowReduceUopDone.................................:       704
RowReduceRootWriteNum............................:       704
RowReduceFlushedTileNum..........................:         0
RowReduceEntryUnavailableCycles..................:         0
RowReduceSplitBandwidthWaitTileCycles............:         0
RowReduceSrcBufFullTileCycles....................:         0
RowReduceLayerWaitTileCycles.....................:         0
RowReduceLayerPublishWaitTileCycles..............:         0
RowReduceReadPortWaitUopCycles...................:         0
RowReduceSourceResponseWaitUopCycles.............:         0
RowReduceIssueIntervalWaitUopCycles..............:         0
RowReduceSameGroupWaitUopCycles..................:         0
RowReduceExecPipeFullUopCycles...................:         0
RowReduceRootDstBufWaitTileCycles................:         0
RowReduceRootWritePortWaitCycles.................:         0
RowReduceRootWriteResponseWaitCycles.............:         0
RowReduceSrcNotReadyCycles.......................:        57
RowReduceTEMPForwardHits.........................:       742
RowReduceCellFallbackReads.......................:       218
RedTempMacroNum..................................:         0
HybridCountGatedTiles............................:         0
ReadNum..........................................:        64
CellReadAccessTotal..............................:      3288
CellReadAccess_INT...............................:      2702
CellReadAccess_FMA...............................:       180
CellReadAccess_LNEXP.............................:       406
ReadLat..........................................:      5.05
  |--LatLE5......................................:        61
  |--LatLE10.....................................:         3
  |--LatLE15.....................................:         0
  |--LatGT15.....................................:         0
WriteNum.........................................:       640
CellWriteAccessTotal.............................:      4928
CellWriteAccess_INT..............................:      4288
CellWriteAccess_FMA..............................:       192
CellWriteAccess_LNEXP............................:       448
TempForwardHits_INT..............................:      1962
TempForwardHits_FMA..............................:        12
TempForwardHits_LNEXP............................:        42
TempForwardMisses_INT............................:      2582
TempForwardMisses_FMA............................:       180
TempForwardMisses_LNEXP..........................:       406
ExpandTagHits_INT................................:         8
ExpandTagHits_FMA................................:         0
ExpandTagHits_LNEXP..............................:         0
ExpandTagMisses_INT..............................:        53
ExpandTagMisses_FMA..............................:         0
ExpandTagMisses_LNEXP............................:         0
ExpandBankFills_INT..............................:        53
ExpandBankFills_FMA..............................:         0
ExpandBankFills_LNEXP............................:         0
ExpandTempFills_INT..............................:         0
ExpandTempFills_FMA..............................:         0
ExpandTempFills_LNEXP............................:         0
ExpandEvicts_INT.................................:         8
ExpandEvicts_FMA.................................:         0
ExpandEvicts_LNEXP...............................:         0
LeSharedPortBlockCycles..........................:         0
WriteLat.........................................:      1.02
  |--LatLE5......................................:       640
  |--LatLE10.....................................:         0
  |--LatLE15.....................................:         0
  |--LatGT15.....................................:         0
AccountExpCellReads_INT..........................:      4672
AccountExpCellReads_FMA..........................:       192
AccountExpCellReads_LNEXP........................:       448
AccountExpRedTempReads...........................:         0
AccountRedTempReads..............................:         0
AccountExpCellWrites_INT.........................:      4288
AccountExpCellWrites_FMA.........................:       192
AccountExpCellWrites_LNEXP.......................:       448
AccountExpRedTempWrites..........................:         0
AccountExpReadsTotal.............................:      5312
AccountActReadsTotal.............................:      5312
AccountReadDelta.................................:      0.00
AccountExpWritesTotal............................:      4928
AccountActWritesTotal............................:      4928
AccountWriteDelta................................:      0.00
========================VecUtilStack========================
UtilStackW_INT...................................:      4288
UtilStackO_INT...................................:        74
UtilStackA_INT...................................:         0
UtilStackD_INT...................................:       660
UtilStackI_INT...................................:      1236
UtilStackS_INT...................................:   1267053
UtilStackUnaccounted_INT.........................:         0
UtilStackW_FMA...................................:       192
UtilStackO_FMA...................................:        54
UtilStackA_FMA...................................:         0
UtilStackD_FMA...................................:         0
UtilStackI_FMA...................................:         0
UtilStackS_FMA...................................:   1273065
UtilStackUnaccounted_FMA.........................:         0
UtilStackW_LNEXP.................................:       448
UtilStackO_LNEXP.................................:        14
UtilStackA_LNEXP.................................:       471
UtilStackD_LNEXP.................................:         0
UtilStackI_LNEXP.................................:         0
UtilStackS_LNEXP.................................:   1272378
UtilStackUnaccounted_LNEXP.......................:         0
UtilStackW_SHARED................................:         0
UtilStackO_SHARED................................:         0
UtilStackA_SHARED................................:         0
UtilStackD_SHARED................................:         0
UtilStackI_SHARED................................:         0
UtilStackS_SHARED................................:   1273311
UtilStackUnaccounted_SHARED......................:         0
UtilStackCycles..................................:   1273311
UtilStackVecBusy.................................:     27366
UtilStackVecExposed..............................:     27366
  UtilStackSub_O_DstWriteCfl_INT.................:         0
  UtilStackSub_O_BankCfl_INT.....................:        74
  UtilStackSub_O_SharedPort_INT..................:         0
  UtilStackSub_O_YieldFma_INT....................:         0
  UtilStackSub_O_LePort_INT......................:         0
  UtilStackSub_A_RedTempMacro_INT................:         0
  UtilStackSub_A_LeThrottle_INT..................:         0
  UtilStackSub_A_LeFifoFull_INT..................:         0
  UtilStackSub_A_IiCool_INT......................:         0
  UtilStackSub_A_DstbufFull_INT..................:         0
  UtilStackSub_A_PipeFull_INT....................:         0
  UtilStackSub_D_StaticSrc_INT...................:         0
  UtilStackSub_D_RedTempCount_INT................:         0
  UtilStackSub_D_DynSrcbuf_INT...................:       660
  UtilStackSubO_Reconcile_INT....................:      0.00
  UtilStackSubA_Reconcile_INT....................:      0.00
  UtilStackSubD_Reconcile_INT....................:      0.00
  UtilStackSub_O_DstWriteCfl_FMA.................:         0
  UtilStackSub_O_BankCfl_FMA.....................:        54
  UtilStackSub_O_SharedPort_FMA..................:         0
  UtilStackSub_O_YieldFma_FMA....................:         0
  UtilStackSub_O_LePort_FMA......................:         0
  UtilStackSub_A_RedTempMacro_FMA................:         0
  UtilStackSub_A_LeThrottle_FMA..................:         0
  UtilStackSub_A_LeFifoFull_FMA..................:         0
  UtilStackSub_A_IiCool_FMA......................:         0
  UtilStackSub_A_DstbufFull_FMA..................:         0
  UtilStackSub_A_PipeFull_FMA....................:         0
  UtilStackSub_D_StaticSrc_FMA...................:         0
  UtilStackSub_D_RedTempCount_FMA................:         0
  UtilStackSub_D_DynSrcbuf_FMA...................:         0
  UtilStackSubO_Reconcile_FMA....................:      0.00
  UtilStackSubA_Reconcile_FMA....................:      0.00
  UtilStackSubD_Reconcile_FMA....................:      0.00
  UtilStackSub_O_DstWriteCfl_LNEXP...............:         0
  UtilStackSub_O_BankCfl_LNEXP...................:         0
  UtilStackSub_O_SharedPort_LNEXP................:         0
  UtilStackSub_O_YieldFma_LNEXP..................:         0
  UtilStackSub_O_LePort_LNEXP....................:        14
  UtilStackSub_A_RedTempMacro_LNEXP..............:         0
  UtilStackSub_A_LeThrottle_LNEXP................:       352
  UtilStackSub_A_LeFifoFull_LNEXP................:       119
  UtilStackSub_A_IiCool_LNEXP....................:         0
  UtilStackSub_A_DstbufFull_LNEXP................:         0
  UtilStackSub_A_PipeFull_LNEXP..................:         0
  UtilStackSub_D_StaticSrc_LNEXP.................:         0
  UtilStackSub_D_RedTempCount_LNEXP..............:         0
  UtilStackSub_D_DynSrcbuf_LNEXP.................:         0
  UtilStackSubO_Reconcile_LNEXP..................:      0.00
  UtilStackSubA_Reconcile_LNEXP..................:      0.00
  UtilStackSubD_Reconcile_LNEXP..................:      0.00
  UtilStackSub_O_DstWriteCfl_SHARED..............:         0
  UtilStackSub_O_BankCfl_SHARED..................:         0
  UtilStackSub_O_SharedPort_SHARED...............:         0
  UtilStackSub_O_YieldFma_SHARED.................:         0
  UtilStackSub_O_LePort_SHARED...................:         0
  UtilStackSub_A_RedTempMacro_SHARED.............:         0
  UtilStackSub_A_LeThrottle_SHARED...............:         0
  UtilStackSub_A_LeFifoFull_SHARED...............:         0
  UtilStackSub_A_IiCool_SHARED...................:         0
  UtilStackSub_A_DstbufFull_SHARED...............:         0
  UtilStackSub_A_PipeFull_SHARED.................:         0
  UtilStackSub_D_StaticSrc_SHARED................:         0
  UtilStackSub_D_RedTempCount_SHARED.............:         0
  UtilStackSub_D_DynSrcbuf_SHARED................:         0
  UtilStackSubO_Reconcile_SHARED.................:      0.00
  UtilStackSubA_Reconcile_SHARED.................:      0.00
  UtilStackSubD_Reconcile_SHARED.................:      0.00
  UtilStackOBlocker_None_INT.....................:         0
  UtilStackOBlocker_FmaRead_INT..................:         0
  UtilStackOBlocker_IntRead_INT..................:        29
  UtilStackOBlocker_LeRead_INT...................:         4
  UtilStackOBlocker_FmaWrite_INT.................:         0
  UtilStackOBlocker_IntWrite_INT.................:        41
  UtilStackOBlocker_CubeRead_INT.................:         0
  UtilStackOBlocker_CubeWrite_INT................:         0
  UtilStackOBlocker_LeWrite_INT..................:         0
  UtilStackOBlocker_Reconcile_INT................:      0.00
  UtilStackOBlocker_None_FMA.....................:         0
  UtilStackOBlocker_FmaRead_FMA..................:         0
  UtilStackOBlocker_IntRead_FMA..................:         0
  UtilStackOBlocker_LeRead_FMA...................:        54
  UtilStackOBlocker_FmaWrite_FMA.................:         0
  UtilStackOBlocker_IntWrite_FMA.................:         0
  UtilStackOBlocker_CubeRead_FMA.................:         0
  UtilStackOBlocker_CubeWrite_FMA................:         0
  UtilStackOBlocker_LeWrite_FMA..................:         0
  UtilStackOBlocker_Reconcile_FMA................:      0.00
  UtilStackOBlocker_None_LNEXP...................:         0
  UtilStackOBlocker_FmaRead_LNEXP................:         0
  UtilStackOBlocker_IntRead_LNEXP................:        14
  UtilStackOBlocker_LeRead_LNEXP.................:         0
  UtilStackOBlocker_FmaWrite_LNEXP...............:         0
  UtilStackOBlocker_IntWrite_LNEXP...............:         0
  UtilStackOBlocker_CubeRead_LNEXP...............:         0
  UtilStackOBlocker_CubeWrite_LNEXP..............:         0
  UtilStackOBlocker_LeWrite_LNEXP................:         0
  UtilStackOBlocker_Reconcile_LNEXP..............:      0.00
  UtilStackOBlocker_None_SHARED..................:         0
  UtilStackOBlocker_FmaRead_SHARED...............:         0
  UtilStackOBlocker_IntRead_SHARED...............:         0
  UtilStackOBlocker_LeRead_SHARED................:         0
  UtilStackOBlocker_FmaWrite_SHARED..............:         0
  UtilStackOBlocker_IntWrite_SHARED..............:         0
  UtilStackOBlocker_CubeRead_SHARED..............:         0
  UtilStackOBlocker_CubeWrite_SHARED.............:         0
  UtilStackOBlocker_LeWrite_SHARED...............:         0
  UtilStackOBlocker_Reconcile_SHARED.............:      0.00
YieldFmaReadCycles...............................:         0
YieldFmaWriteCycles..............................:         0
UtilStackHideRatio...............................:      0.00
UtilStackHideRatioStrict.........................:      0.00
  UtilStackIssueCombo_None.......................:   1268426
  UtilStackIssueCombo_INT........................:      4245
  UtilStackIssueCombo_FMA........................:       191
  UtilStackIssueCombo_INT+FMA....................:         1
  UtilStackIssueCombo_LE.........................:       406
  UtilStackIssueCombo_INT+LE.....................:        42
  UtilStackIssueCombo_FMA+LE.....................:         0
  UtilStackIssueCombo_INT+FMA+LE.................:         0
  UtilStackIssueCombo_SH.........................:         0
  UtilStackIssueCombo_INT+SH.....................:         0
  UtilStackIssueCombo_FMA+SH.....................:         0
  UtilStackIssueCombo_INT+FMA+SH.................:         0
  UtilStackIssueCombo_LE+SH......................:         0
  UtilStackIssueCombo_INT+LE+SH..................:         0
  UtilStackIssueCombo_FMA+LE+SH..................:         0
  UtilStackIssueCombo_INT+FMA+LE+SH..............:         0
  UtilStackIssueCombo_Reconcile..................:      0.00
  UtilStackIssueEvent_Reconcile..................:      0.00
UtilStackMultiIssueProb..........................:      0.01
UtilStackAvgIssueRate............................:      0.00
UtilStackIssueWidthUtil..........................:      0.00
====================Vector PMU Stats PE2====================
PEId.............................................:         2
TileopNum........................................:      4224
TCMPPackedTileNum................................:        64
TCMPFragmentExpected.............................:        64
TCMPFragmentCompleted............................:        64
TCMPFragmentCanceled.............................:         0
TCMPPackedCellWrites.............................:        64
TCMPPackWriteWaitCycles..........................:        64
TCMPFlushedTileNum...............................:         0
UopNum...........................................:      4928
SplitCellCountMismatch...........................:         0
SplitPartialCellUopCount.........................:         0
SplitUopAvgPayloadBytes..........................:       N/A
UopQDispatch_INT.................................:       192
UopQReadyBypass_INT..............................:         1
UopQDispatchSrcBufFullCycles_INT.................:         0
UopQDispatchSrcBufFullBlockedCycles_INT..........:         0
VecSrcCellNotReadyCycles_INT.....................:       905
SharedReadPortWaitCycles_INT.....................:         0
UopQDispatch_FMA.................................:         0
UopQReadyBypass_FMA..............................:         0
UopQDispatchSrcBufFullCycles_FMA.................:         0
UopQDispatchSrcBufFullBlockedCycles_FMA..........:         0
VecSrcCellNotReadyCycles_FMA.....................:        41
SharedReadPortWaitCycles_FMA.....................:         0
UopQDispatch_LNEXP...............................:         0
UopQReadyBypass_LNEXP............................:         0
UopQDispatchSrcBufFullCycles_LNEXP...............:         0
UopQDispatchSrcBufFullBlockedCycles_LNEXP........:         0
VecSrcCellNotReadyCycles_LNEXP...................:       418
SharedReadPortWaitCycles_LNEXP...................:         0
CellReadMergedUops...............................:         0
StaticUopsIssued.................................:      4736
StaticBoardBlockCycles...........................:         0
StaticWritebacks.................................:      4736
EarlyWakeupFired.................................:      3776
StaticDynPipeBlockCycles.........................:       825
DynStaticChainBlockCycles........................:       856
ExpandTagHits_INT................................:         3
ExpandTagMisses_INT..............................:        55
ExpandBankFills_INT..............................:        55
ExpandTempFills_INT..............................:         0
ExpandEvicts_INT.................................:         8
ExpandTagHits_FMA................................:         0
ExpandTagMisses_FMA..............................:         0
ExpandBankFills_FMA..............................:         0
ExpandTempFills_FMA..............................:         0
ExpandEvicts_FMA.................................:         0
ExpandTagHits_LNEXP..............................:         0
ExpandTagMisses_LNEXP............................:         0
ExpandBankFills_LNEXP............................:         0
ExpandTempFills_LNEXP............................:         0
ExpandEvicts_LNEXP...............................:         0
ExpandFillDrops..................................:         0
ExpandReadStaleFallbacks cls0....................:         0
ExpandReadStaleFallbacks cls1....................:         0
ExpandReadStaleFallbacks cls2....................:         0
LeSharedPortBlockCycles..........................:         0
LeSrc1CarrySkips.................................:         0
=======Static Path Bank Access / Conflict Attribution=======
  StaticBankReads Bank[0]........................:       451
  StaticBankReads Bank[1]........................:       437
  StaticBankReads Bank[2]........................:       397
  StaticBankReads Bank[3]........................:       376
  StaticBankReads Bank[4]........................:       362
  StaticBankReads Bank[5]........................:       360
  StaticBankReads Bank[6]........................:       338
  StaticBankReads Bank[7]........................:       320
  StaticDetectReadBlocks Bank[0].................:        29
  StaticDetectReadBlocks Bank[1].................:        21
  StaticDetectReadBlocks Bank[2].................:        13
  StaticDetectReadBlocks Bank[3].................:        10
  StaticDetectReadBlocks Bank[4].................:        17
  StaticDetectReadBlocks Bank[5].................:        19
  StaticDetectReadBlocks Bank[6].................:        25
  StaticDetectReadBlocks Bank[7].................:        15
  StaticDetectWriteBlocks Bank[0]................:         0
  StaticDetectWriteBlocks Bank[1]................:         0
  StaticDetectWriteBlocks Bank[2]................:         0
  StaticDetectWriteBlocks Bank[3]................:         0
  StaticDetectWriteBlocks Bank[4]................:         0
  StaticDetectWriteBlocks Bank[5]................:         0
  StaticDetectWriteBlocks Bank[6]................:         0
  StaticDetectWriteBlocks Bank[7]................:         0
  StaticIntYieldBlocks Bank[0]...................:         0
  StaticIntYieldBlocks Bank[1]...................:         0
  StaticIntYieldBlocks Bank[2]...................:         0
  StaticIntYieldBlocks Bank[3]...................:         0
  StaticIntYieldBlocks Bank[4]...................:         0
  StaticIntYieldBlocks Bank[5]...................:         0
  StaticIntYieldBlocks Bank[6]...................:         0
  StaticIntYieldBlocks Bank[7]...................:         0
  StaticBoardOccSum Bank[0]......................:      9041
  StaticBoardOccSum Bank[1]......................:      8312
  StaticBoardOccSum Bank[2]......................:      8998
  StaticBoardOccSum Bank[3]......................:      7820
  StaticBoardOccSum Bank[4]......................:      7996
  StaticBoardOccSum Bank[5]......................:      6943
  StaticBoardOccSum Bank[6]......................:      7491
  StaticBoardOccSum Bank[7]......................:      6755
  StaticBoardOccColSum Col[0]....................:      7329
  StaticBoardOccColSum Col[1]....................:      7329
  StaticBoardOccColSum Col[2]....................:      7329
  StaticBoardOccColSum Col[3]....................:      6093
  StaticBoardOccColSum Col[4]....................:      5260
  StaticBoardOccColSum Col[5]....................:      4288
  StaticBoardOccColSum Col[6]....................:      4288
  StaticBoardOccColSum Col[7]....................:      4288
  StaticBoardOccColSum Col[8]....................:      4288
  StaticBoardOccColSum Col[9]....................:      4288
  StaticBoardOccColSum Col[10]...................:      4288
  StaticBoardOccColSum Col[11]...................:      4288
  StaticBoardOccColSum Col[12]...................:         0
  StaticBoardOccColSum Col[13]...................:         0
  StaticBoardOccColSum Col[14]...................:         0
  StaticBoardOccColSum Col[15]...................:         0
VecAluAcceptCycles_FMA...........................:       192
VecAluAcceptCycles_INT...........................:      4288
VecAluAcceptCycles_LNEXP.........................:       448
VecTripleIssueCycles.............................:         0
VecDualIssueCycles...............................:        19
VecSingleIssueCycles.............................:      4890
VecIdleIssueCycles...............................:   1268402
CellReadMergeSaved...............................:         0
SrcBufBypassIssue................................:         0
SplitRawGateBlocked..............................:         0
SplitNoFreeSlotCycles............................:         0
IPC(UOP).........................................:  0.003870
RowExpandTileNum.................................:         0
RowReduceTileNum.................................:       704
RowReduceLayerNum................................:         0
RowReduceUopSplit................................:       704
RowReduceUopDone.................................:       704
RowReduceRootWriteNum............................:       704
RowReduceFlushedTileNum..........................:         0
RowReduceEntryUnavailableCycles..................:         0
RowReduceSplitBandwidthWaitTileCycles............:         0
RowReduceSrcBufFullTileCycles....................:         0
RowReduceLayerWaitTileCycles.....................:         0
RowReduceLayerPublishWaitTileCycles..............:         0
RowReduceReadPortWaitUopCycles...................:         0
RowReduceSourceResponseWaitUopCycles.............:         0
RowReduceIssueIntervalWaitUopCycles..............:         0
RowReduceSameGroupWaitUopCycles..................:         0
RowReduceExecPipeFullUopCycles...................:         0
RowReduceRootDstBufWaitTileCycles................:         0
RowReduceRootWritePortWaitCycles.................:         0
RowReduceRootWriteResponseWaitCycles.............:         0
RowReduceSrcNotReadyCycles.......................:       101
RowReduceTEMPForwardHits.........................:       732
RowReduceCellFallbackReads.......................:       228
RedTempMacroNum..................................:         0
HybridCountGatedTiles............................:         0
ReadNum..........................................:        64
CellReadAccessTotal..............................:      3169
CellReadAccess_INT...............................:      2589
CellReadAccess_FMA...............................:       175
CellReadAccess_LNEXP.............................:       405
ReadLat..........................................:      5.03
  |--LatLE5......................................:        62
  |--LatLE10.....................................:         2
  |--LatLE15.....................................:         0
  |--LatGT15.....................................:         0
WriteNum.........................................:       640
CellWriteAccessTotal.............................:      4928
CellWriteAccess_INT..............................:      4288
CellWriteAccess_FMA..............................:       192
CellWriteAccess_LNEXP............................:       448
TempForwardHits_INT..............................:      2080
TempForwardHits_FMA..............................:        17
TempForwardHits_LNEXP............................:        43
TempForwardMisses_INT............................:      2464
TempForwardMisses_FMA............................:       175
TempForwardMisses_LNEXP..........................:       405
ExpandTagHits_INT................................:         3
ExpandTagHits_FMA................................:         0
ExpandTagHits_LNEXP..............................:         0
ExpandTagMisses_INT..............................:        55
ExpandTagMisses_FMA..............................:         0
ExpandTagMisses_LNEXP............................:         0
ExpandBankFills_INT..............................:        55
ExpandBankFills_FMA..............................:         0
ExpandBankFills_LNEXP............................:         0
ExpandTempFills_INT..............................:         0
ExpandTempFills_FMA..............................:         0
ExpandTempFills_LNEXP............................:         0
ExpandEvicts_INT.................................:         8
ExpandEvicts_FMA.................................:         0
ExpandEvicts_LNEXP...............................:         0
LeSharedPortBlockCycles..........................:         0
WriteLat.........................................:      1.03
  |--LatLE5......................................:       640
  |--LatLE10.....................................:         0
  |--LatLE15.....................................:         0
  |--LatGT15.....................................:         0
AccountExpCellReads_INT..........................:      4672
AccountExpCellReads_FMA..........................:       192
AccountExpCellReads_LNEXP........................:       448
AccountExpRedTempReads...........................:         0
AccountRedTempReads..............................:         0
AccountExpCellWrites_INT.........................:      4288
AccountExpCellWrites_FMA.........................:       192
AccountExpCellWrites_LNEXP.......................:       448
AccountExpRedTempWrites..........................:         0
AccountExpReadsTotal.............................:      5312
AccountActReadsTotal.............................:      5312
AccountReadDelta.................................:      0.00
AccountExpWritesTotal............................:      4928
AccountActWritesTotal............................:      4928
AccountWriteDelta................................:      0.00
========================VecUtilStack========================
UtilStackW_INT...................................:      4288
UtilStackO_INT...................................:        73
UtilStackA_INT...................................:         0
UtilStackD_INT...................................:       629
UtilStackI_INT...................................:      1353
UtilStackS_INT...................................:   1266968
UtilStackUnaccounted_INT.........................:         0
UtilStackW_FMA...................................:       192
UtilStackO_FMA...................................:        41
UtilStackA_FMA...................................:         0
UtilStackD_FMA...................................:         0
UtilStackI_FMA...................................:         0
UtilStackS_FMA...................................:   1273078
UtilStackUnaccounted_FMA.........................:         0
UtilStackW_LNEXP.................................:       448
UtilStackO_LNEXP.................................:        12
UtilStackA_LNEXP.................................:       457
UtilStackD_LNEXP.................................:         0
UtilStackI_LNEXP.................................:         0
UtilStackS_LNEXP.................................:   1272394
UtilStackUnaccounted_LNEXP.......................:         0
UtilStackW_SHARED................................:         0
UtilStackO_SHARED................................:         0
UtilStackA_SHARED................................:         0
UtilStackD_SHARED................................:         0
UtilStackI_SHARED................................:         0
UtilStackS_SHARED................................:   1273311
UtilStackUnaccounted_SHARED......................:         0
UtilStackCycles..................................:   1273311
UtilStackVecBusy.................................:     26620
UtilStackVecExposed..............................:     26620
  UtilStackSub_O_DstWriteCfl_INT.................:         0
  UtilStackSub_O_BankCfl_INT.....................:        73
  UtilStackSub_O_SharedPort_INT..................:         0
  UtilStackSub_O_YieldFma_INT....................:         0
  UtilStackSub_O_LePort_INT......................:         0
  UtilStackSub_A_RedTempMacro_INT................:         0
  UtilStackSub_A_LeThrottle_INT..................:         0
  UtilStackSub_A_LeFifoFull_INT..................:         0
  UtilStackSub_A_IiCool_INT......................:         0
  UtilStackSub_A_DstbufFull_INT..................:         0
  UtilStackSub_A_PipeFull_INT....................:         0
  UtilStackSub_D_StaticSrc_INT...................:         0
  UtilStackSub_D_RedTempCount_INT................:         0
  UtilStackSub_D_DynSrcbuf_INT...................:       629
  UtilStackSubO_Reconcile_INT....................:      0.00
  UtilStackSubA_Reconcile_INT....................:      0.00
  UtilStackSubD_Reconcile_INT....................:      0.00
  UtilStackSub_O_DstWriteCfl_FMA.................:         0
  UtilStackSub_O_BankCfl_FMA.....................:        41
  UtilStackSub_O_SharedPort_FMA..................:         0
  UtilStackSub_O_YieldFma_FMA....................:         0
  UtilStackSub_O_LePort_FMA......................:         0
  UtilStackSub_A_RedTempMacro_FMA................:         0
  UtilStackSub_A_LeThrottle_FMA..................:         0
  UtilStackSub_A_LeFifoFull_FMA..................:         0
  UtilStackSub_A_IiCool_FMA......................:         0
  UtilStackSub_A_DstbufFull_FMA..................:         0
  UtilStackSub_A_PipeFull_FMA....................:         0
  UtilStackSub_D_StaticSrc_FMA...................:         0
  UtilStackSub_D_RedTempCount_FMA................:         0
  UtilStackSub_D_DynSrcbuf_FMA...................:         0
  UtilStackSubO_Reconcile_FMA....................:      0.00
  UtilStackSubA_Reconcile_FMA....................:      0.00
  UtilStackSubD_Reconcile_FMA....................:      0.00
  UtilStackSub_O_DstWriteCfl_LNEXP...............:         0
  UtilStackSub_O_BankCfl_LNEXP...................:         4
  UtilStackSub_O_SharedPort_LNEXP................:         0
  UtilStackSub_O_YieldFma_LNEXP..................:         0
  UtilStackSub_O_LePort_LNEXP....................:         8
  UtilStackSub_A_RedTempMacro_LNEXP..............:         0
  UtilStackSub_A_LeThrottle_LNEXP................:       339
  UtilStackSub_A_LeFifoFull_LNEXP................:       118
  UtilStackSub_A_IiCool_LNEXP....................:         0
  UtilStackSub_A_DstbufFull_LNEXP................:         0
  UtilStackSub_A_PipeFull_LNEXP..................:         0
  UtilStackSub_D_StaticSrc_LNEXP.................:         0
  UtilStackSub_D_RedTempCount_LNEXP..............:         0
  UtilStackSub_D_DynSrcbuf_LNEXP.................:         0
  UtilStackSubO_Reconcile_LNEXP..................:      0.00
  UtilStackSubA_Reconcile_LNEXP..................:      0.00
  UtilStackSubD_Reconcile_LNEXP..................:      0.00
  UtilStackSub_O_DstWriteCfl_SHARED..............:         0
  UtilStackSub_O_BankCfl_SHARED..................:         0
  UtilStackSub_O_SharedPort_SHARED...............:         0
  UtilStackSub_O_YieldFma_SHARED.................:         0
  UtilStackSub_O_LePort_SHARED...................:         0
  UtilStackSub_A_RedTempMacro_SHARED.............:         0
  UtilStackSub_A_LeThrottle_SHARED...............:         0
  UtilStackSub_A_LeFifoFull_SHARED...............:         0
  UtilStackSub_A_IiCool_SHARED...................:         0
  UtilStackSub_A_DstbufFull_SHARED...............:         0
  UtilStackSub_A_PipeFull_SHARED.................:         0
  UtilStackSub_D_StaticSrc_SHARED................:         0
  UtilStackSub_D_RedTempCount_SHARED.............:         0
  UtilStackSub_D_DynSrcbuf_SHARED................:         0
  UtilStackSubO_Reconcile_SHARED.................:      0.00
  UtilStackSubA_Reconcile_SHARED.................:      0.00
  UtilStackSubD_Reconcile_SHARED.................:      0.00
  UtilStackOBlocker_None_INT.....................:         0
  UtilStackOBlocker_FmaRead_INT..................:         0
  UtilStackOBlocker_IntRead_INT..................:        26
  UtilStackOBlocker_LeRead_INT...................:         5
  UtilStackOBlocker_FmaWrite_INT.................:         2
  UtilStackOBlocker_IntWrite_INT.................:        40
  UtilStackOBlocker_CubeRead_INT.................:         0
  UtilStackOBlocker_CubeWrite_INT................:         0
  UtilStackOBlocker_LeWrite_INT..................:         0
  UtilStackOBlocker_Reconcile_INT................:      0.00
  UtilStackOBlocker_None_FMA.....................:         0
  UtilStackOBlocker_FmaRead_FMA..................:         0
  UtilStackOBlocker_IntRead_FMA..................:         0
  UtilStackOBlocker_LeRead_FMA...................:        41
  UtilStackOBlocker_FmaWrite_FMA.................:         0
  UtilStackOBlocker_IntWrite_FMA.................:         0
  UtilStackOBlocker_CubeRead_FMA.................:         0
  UtilStackOBlocker_CubeWrite_FMA................:         0
  UtilStackOBlocker_LeWrite_FMA..................:         0
  UtilStackOBlocker_Reconcile_FMA................:      0.00
  UtilStackOBlocker_None_LNEXP...................:         0
  UtilStackOBlocker_FmaRead_LNEXP................:         0
  UtilStackOBlocker_IntRead_LNEXP................:        10
  UtilStackOBlocker_LeRead_LNEXP.................:         0
  UtilStackOBlocker_FmaWrite_LNEXP...............:         0
  UtilStackOBlocker_IntWrite_LNEXP...............:         2
  UtilStackOBlocker_CubeRead_LNEXP...............:         0
  UtilStackOBlocker_CubeWrite_LNEXP..............:         0
  UtilStackOBlocker_LeWrite_LNEXP................:         0
  UtilStackOBlocker_Reconcile_LNEXP..............:      0.00
  UtilStackOBlocker_None_SHARED..................:         0
  UtilStackOBlocker_FmaRead_SHARED...............:         0
  UtilStackOBlocker_IntRead_SHARED...............:         0
  UtilStackOBlocker_LeRead_SHARED................:         0
  UtilStackOBlocker_FmaWrite_SHARED..............:         0
  UtilStackOBlocker_IntWrite_SHARED..............:         0
  UtilStackOBlocker_CubeRead_SHARED..............:         0
  UtilStackOBlocker_CubeWrite_SHARED.............:         0
  UtilStackOBlocker_LeWrite_SHARED...............:         0
  UtilStackOBlocker_Reconcile_SHARED.............:      0.00
YieldFmaReadCycles...............................:         0
YieldFmaWriteCycles..............................:         0
UtilStackHideRatio...............................:      0.00
UtilStackHideRatioStrict.........................:      0.00
  UtilStackIssueCombo_None.......................:   1268402
  UtilStackIssueCombo_INT........................:      4269
  UtilStackIssueCombo_FMA........................:       189
  UtilStackIssueCombo_INT+FMA....................:         3
  UtilStackIssueCombo_LE.........................:       432
  UtilStackIssueCombo_INT+LE.....................:        16
  UtilStackIssueCombo_FMA+LE.....................:         0
  UtilStackIssueCombo_INT+FMA+LE.................:         0
  UtilStackIssueCombo_SH.........................:         0
  UtilStackIssueCombo_INT+SH.....................:         0
  UtilStackIssueCombo_FMA+SH.....................:         0
  UtilStackIssueCombo_INT+FMA+SH.................:         0
  UtilStackIssueCombo_LE+SH......................:         0
  UtilStackIssueCombo_INT+LE+SH..................:         0
  UtilStackIssueCombo_FMA+LE+SH..................:         0
  UtilStackIssueCombo_INT+FMA+LE+SH..............:         0
  UtilStackIssueCombo_Reconcile..................:      0.00
  UtilStackIssueEvent_Reconcile..................:      0.00
UtilStackMultiIssueProb..........................:      0.00
UtilStackAvgIssueRate............................:      0.00
UtilStackIssueWidthUtil..........................:      0.00
====================Vector PMU Stats PE3====================
PEId.............................................:         3
TileopNum........................................:      4224
TCMPPackedTileNum................................:        64
TCMPFragmentExpected.............................:        64
TCMPFragmentCompleted............................:        64
TCMPFragmentCanceled.............................:         0
TCMPPackedCellWrites.............................:        64
TCMPPackWriteWaitCycles..........................:        64
TCMPFlushedTileNum...............................:         0
UopNum...........................................:      4928
SplitCellCountMismatch...........................:         0
SplitPartialCellUopCount.........................:         0
SplitUopAvgPayloadBytes..........................:       N/A
UopQDispatch_INT.................................:       192
UopQReadyBypass_INT..............................:         0
UopQDispatchSrcBufFullCycles_INT.................:         0
UopQDispatchSrcBufFullBlockedCycles_INT..........:         0
VecSrcCellNotReadyCycles_INT.....................:       768
SharedReadPortWaitCycles_INT.....................:         0
UopQDispatch_FMA.................................:         0
UopQReadyBypass_FMA..............................:         0
UopQDispatchSrcBufFullCycles_FMA.................:         0
UopQDispatchSrcBufFullBlockedCycles_FMA..........:         0
VecSrcCellNotReadyCycles_FMA.....................:        45
SharedReadPortWaitCycles_FMA.....................:         0
UopQDispatch_LNEXP...............................:         0
UopQReadyBypass_LNEXP............................:         0
UopQDispatchSrcBufFullCycles_LNEXP...............:         0
UopQDispatchSrcBufFullBlockedCycles_LNEXP........:         0
VecSrcCellNotReadyCycles_LNEXP...................:       416
SharedReadPortWaitCycles_LNEXP...................:         0
CellReadMergedUops...............................:         0
StaticUopsIssued.................................:      4736
StaticBoardBlockCycles...........................:         0
StaticWritebacks.................................:      4736
EarlyWakeupFired.................................:      3776
StaticDynPipeBlockCycles.........................:       828
DynStaticChainBlockCycles........................:       823
ExpandTagHits_INT................................:         3
ExpandTagMisses_INT..............................:        53
ExpandBankFills_INT..............................:        53
ExpandTempFills_INT..............................:         0
ExpandEvicts_INT.................................:         8
ExpandTagHits_FMA................................:         0
ExpandTagMisses_FMA..............................:         0
ExpandBankFills_FMA..............................:         0
ExpandTempFills_FMA..............................:         0
ExpandEvicts_FMA.................................:         0
ExpandTagHits_LNEXP..............................:         0
ExpandTagMisses_LNEXP............................:         0
ExpandBankFills_LNEXP............................:         0
ExpandTempFills_LNEXP............................:         0
ExpandEvicts_LNEXP...............................:         0
ExpandFillDrops..................................:         0
ExpandReadStaleFallbacks cls0....................:         0
ExpandReadStaleFallbacks cls1....................:         0
ExpandReadStaleFallbacks cls2....................:         0
LeSharedPortBlockCycles..........................:         0
LeSrc1CarrySkips.................................:         0
=======Static Path Bank Access / Conflict Attribution=======
  StaticBankReads Bank[0]........................:       424
  StaticBankReads Bank[1]........................:       470
  StaticBankReads Bank[2]........................:       408
  StaticBankReads Bank[3]........................:       417
  StaticBankReads Bank[4]........................:       363
  StaticBankReads Bank[5]........................:       379
  StaticBankReads Bank[6]........................:       316
  StaticBankReads Bank[7]........................:       329
  StaticDetectReadBlocks Bank[0].................:        18
  StaticDetectReadBlocks Bank[1].................:        22
  StaticDetectReadBlocks Bank[2].................:        12
  StaticDetectReadBlocks Bank[3].................:        14
  StaticDetectReadBlocks Bank[4].................:        13
  StaticDetectReadBlocks Bank[5].................:        16
  StaticDetectReadBlocks Bank[6].................:        11
  StaticDetectReadBlocks Bank[7].................:        13
  StaticDetectWriteBlocks Bank[0]................:         0
  StaticDetectWriteBlocks Bank[1]................:         0
  StaticDetectWriteBlocks Bank[2]................:         0
  StaticDetectWriteBlocks Bank[3]................:         0
  StaticDetectWriteBlocks Bank[4]................:         0
  StaticDetectWriteBlocks Bank[5]................:         0
  StaticDetectWriteBlocks Bank[6]................:         0
  StaticDetectWriteBlocks Bank[7]................:         0
  StaticIntYieldBlocks Bank[0]...................:         0
  StaticIntYieldBlocks Bank[1]...................:         0
  StaticIntYieldBlocks Bank[2]...................:         0
  StaticIntYieldBlocks Bank[3]...................:         0
  StaticIntYieldBlocks Bank[4]...................:         0
  StaticIntYieldBlocks Bank[5]...................:         0
  StaticIntYieldBlocks Bank[6]...................:         0
  StaticIntYieldBlocks Bank[7]...................:         0
  StaticBoardOccSum Bank[0]......................:      9063
  StaticBoardOccSum Bank[1]......................:      8297
  StaticBoardOccSum Bank[2]......................:      8843
  StaticBoardOccSum Bank[3]......................:      7780
  StaticBoardOccSum Bank[4]......................:      8057
  StaticBoardOccSum Bank[5]......................:      7300
  StaticBoardOccSum Bank[6]......................:      7753
  StaticBoardOccSum Bank[7]......................:      6563
  StaticBoardOccColSum Col[0]....................:      7394
  StaticBoardOccColSum Col[1]....................:      7394
  StaticBoardOccColSum Col[2]....................:      7394
  StaticBoardOccColSum Col[3]....................:      6161
  StaticBoardOccColSum Col[4]....................:      5297
  StaticBoardOccColSum Col[5]....................:      4288
  StaticBoardOccColSum Col[6]....................:      4288
  StaticBoardOccColSum Col[7]....................:      4288
  StaticBoardOccColSum Col[8]....................:      4288
  StaticBoardOccColSum Col[9]....................:      4288
  StaticBoardOccColSum Col[10]...................:      4288
  StaticBoardOccColSum Col[11]...................:      4288
  StaticBoardOccColSum Col[12]...................:         0
  StaticBoardOccColSum Col[13]...................:         0
  StaticBoardOccColSum Col[14]...................:         0
  StaticBoardOccColSum Col[15]...................:         0
VecAluAcceptCycles_FMA...........................:       192
VecAluAcceptCycles_INT...........................:      4288
VecAluAcceptCycles_LNEXP.........................:       448
VecTripleIssueCycles.............................:         0
VecDualIssueCycles...............................:        11
VecSingleIssueCycles.............................:      4906
VecIdleIssueCycles...............................:   1268394
CellReadMergeSaved...............................:         0
SrcBufBypassIssue................................:         0
SplitRawGateBlocked..............................:         0
SplitNoFreeSlotCycles............................:         0
IPC(UOP).........................................:  0.003870
RowExpandTileNum.................................:         0
RowReduceTileNum.................................:       704
RowReduceLayerNum................................:         0
RowReduceUopSplit................................:       704
RowReduceUopDone.................................:       704
RowReduceRootWriteNum............................:       704
RowReduceFlushedTileNum..........................:         0
RowReduceEntryUnavailableCycles..................:         0
RowReduceSplitBandwidthWaitTileCycles............:         0
RowReduceSrcBufFullTileCycles....................:         0
RowReduceLayerWaitTileCycles.....................:         0
RowReduceLayerPublishWaitTileCycles..............:         0
RowReduceReadPortWaitUopCycles...................:         0
RowReduceSourceResponseWaitUopCycles.............:         0
RowReduceIssueIntervalWaitUopCycles..............:         0
RowReduceSameGroupWaitUopCycles..................:         0
RowReduceExecPipeFullUopCycles...................:         0
RowReduceRootDstBufWaitTileCycles................:         0
RowReduceRootWritePortWaitCycles.................:         0
RowReduceRootWriteResponseWaitCycles.............:         0
RowReduceSrcNotReadyCycles.......................:        36
RowReduceTEMPForwardHits.........................:       740
RowReduceCellFallbackReads.......................:       220
RedTempMacroNum..................................:         0
HybridCountGatedTiles............................:         0
ReadNum..........................................:        64
CellReadAccessTotal..............................:      3234
CellReadAccess_INT...............................:      2639
CellReadAccess_FMA...............................:       175
CellReadAccess_LNEXP.............................:       420
ReadLat..........................................:      5.05
  |--LatLE5......................................:        61
  |--LatLE10.....................................:         3
  |--LatLE15.....................................:         0
  |--LatGT15.....................................:         0
WriteNum.........................................:       640
CellWriteAccessTotal.............................:      4928
CellWriteAccess_INT..............................:      4288
CellWriteAccess_FMA..............................:       192
CellWriteAccess_LNEXP............................:       448
TempForwardHits_INT..............................:      2030
TempForwardHits_FMA..............................:        17
TempForwardHits_LNEXP............................:        28
TempForwardMisses_INT............................:      2514
TempForwardMisses_FMA............................:       175
TempForwardMisses_LNEXP..........................:       420
ExpandTagHits_INT................................:         3
ExpandTagHits_FMA................................:         0
ExpandTagHits_LNEXP..............................:         0
ExpandTagMisses_INT..............................:        53
ExpandTagMisses_FMA..............................:         0
ExpandTagMisses_LNEXP............................:         0
ExpandBankFills_INT..............................:        53
ExpandBankFills_FMA..............................:         0
ExpandBankFills_LNEXP............................:         0
ExpandTempFills_INT..............................:         0
ExpandTempFills_FMA..............................:         0
ExpandTempFills_LNEXP............................:         0
ExpandEvicts_INT.................................:         8
ExpandEvicts_FMA.................................:         0
ExpandEvicts_LNEXP...............................:         0
LeSharedPortBlockCycles..........................:         0
WriteLat.........................................:      1.04
  |--LatLE5......................................:       640
  |--LatLE10.....................................:         0
  |--LatLE15.....................................:         0
  |--LatGT15.....................................:         0
AccountExpCellReads_INT..........................:      4672
AccountExpCellReads_FMA..........................:       192
AccountExpCellReads_LNEXP........................:       448
AccountExpRedTempReads...........................:         0
AccountRedTempReads..............................:         0
AccountExpCellWrites_INT.........................:      4288
AccountExpCellWrites_FMA.........................:       192
AccountExpCellWrites_LNEXP.......................:       448
AccountExpRedTempWrites..........................:         0
AccountExpReadsTotal.............................:      5312
AccountActReadsTotal.............................:      5312
AccountReadDelta.................................:      0.00
AccountExpWritesTotal............................:      4928
AccountActWritesTotal............................:      4928
AccountWriteDelta................................:      0.00
========================VecUtilStack========================
UtilStackW_INT...................................:      4288
UtilStackO_INT...................................:        55
UtilStackA_INT...................................:         0
UtilStackD_INT...................................:       642
UtilStackI_INT...................................:      1333
UtilStackS_INT...................................:   1266993
UtilStackUnaccounted_INT.........................:         0
UtilStackW_FMA...................................:       192
UtilStackO_FMA...................................:        45
UtilStackA_FMA...................................:         0
UtilStackD_FMA...................................:         0
UtilStackI_FMA...................................:         0
UtilStackS_FMA...................................:   1273074
UtilStackUnaccounted_FMA.........................:         0
UtilStackW_LNEXP.................................:       448
UtilStackO_LNEXP.................................:         1
UtilStackA_LNEXP.................................:       471
UtilStackD_LNEXP.................................:         0
UtilStackI_LNEXP.................................:         0
UtilStackS_LNEXP.................................:   1272391
UtilStackUnaccounted_LNEXP.......................:         0
UtilStackW_SHARED................................:         0
UtilStackO_SHARED................................:         0
UtilStackA_SHARED................................:         0
UtilStackD_SHARED................................:         0
UtilStackI_SHARED................................:         0
UtilStackS_SHARED................................:   1273311
UtilStackUnaccounted_SHARED......................:         0
UtilStackCycles..................................:   1273311
UtilStackVecBusy.................................:     27326
UtilStackVecExposed..............................:     27326
  UtilStackSub_O_DstWriteCfl_INT.................:         0
  UtilStackSub_O_BankCfl_INT.....................:        55
  UtilStackSub_O_SharedPort_INT..................:         0
  UtilStackSub_O_YieldFma_INT....................:         0
  UtilStackSub_O_LePort_INT......................:         0
  UtilStackSub_A_RedTempMacro_INT................:         0
  UtilStackSub_A_LeThrottle_INT..................:         0
  UtilStackSub_A_LeFifoFull_INT..................:         0
  UtilStackSub_A_IiCool_INT......................:         0
  UtilStackSub_A_DstbufFull_INT..................:         0
  UtilStackSub_A_PipeFull_INT....................:         0
  UtilStackSub_D_StaticSrc_INT...................:         0
  UtilStackSub_D_RedTempCount_INT................:         0
  UtilStackSub_D_DynSrcbuf_INT...................:       642
  UtilStackSubO_Reconcile_INT....................:      0.00
  UtilStackSubA_Reconcile_INT....................:      0.00
  UtilStackSubD_Reconcile_INT....................:      0.00
  UtilStackSub_O_DstWriteCfl_FMA.................:         0
  UtilStackSub_O_BankCfl_FMA.....................:        45
  UtilStackSub_O_SharedPort_FMA..................:         0
  UtilStackSub_O_YieldFma_FMA....................:         0
  UtilStackSub_O_LePort_FMA......................:         0
  UtilStackSub_A_RedTempMacro_FMA................:         0
  UtilStackSub_A_LeThrottle_FMA..................:         0
  UtilStackSub_A_LeFifoFull_FMA..................:         0
  UtilStackSub_A_IiCool_FMA......................:         0
  UtilStackSub_A_DstbufFull_FMA..................:         0
  UtilStackSub_A_PipeFull_FMA....................:         0
  UtilStackSub_D_StaticSrc_FMA...................:         0
  UtilStackSub_D_RedTempCount_FMA................:         0
  UtilStackSub_D_DynSrcbuf_FMA...................:         0
  UtilStackSubO_Reconcile_FMA....................:      0.00
  UtilStackSubA_Reconcile_FMA....................:      0.00
  UtilStackSubD_Reconcile_FMA....................:      0.00
  UtilStackSub_O_DstWriteCfl_LNEXP...............:         0
  UtilStackSub_O_BankCfl_LNEXP...................:         0
  UtilStackSub_O_SharedPort_LNEXP................:         0
  UtilStackSub_O_YieldFma_LNEXP..................:         0
  UtilStackSub_O_LePort_LNEXP....................:         1
  UtilStackSub_A_RedTempMacro_LNEXP..............:         0
  UtilStackSub_A_LeThrottle_LNEXP................:       341
  UtilStackSub_A_LeFifoFull_LNEXP................:       130
  UtilStackSub_A_IiCool_LNEXP....................:         0
  UtilStackSub_A_DstbufFull_LNEXP................:         0
  UtilStackSub_A_PipeFull_LNEXP..................:         0
  UtilStackSub_D_StaticSrc_LNEXP.................:         0
  UtilStackSub_D_RedTempCount_LNEXP..............:         0
  UtilStackSub_D_DynSrcbuf_LNEXP.................:         0
  UtilStackSubO_Reconcile_LNEXP..................:      0.00
  UtilStackSubA_Reconcile_LNEXP..................:      0.00
  UtilStackSubD_Reconcile_LNEXP..................:      0.00
  UtilStackSub_O_DstWriteCfl_SHARED..............:         0
  UtilStackSub_O_BankCfl_SHARED..................:         0
  UtilStackSub_O_SharedPort_SHARED...............:         0
  UtilStackSub_O_YieldFma_SHARED.................:         0
  UtilStackSub_O_LePort_SHARED...................:         0
  UtilStackSub_A_RedTempMacro_SHARED.............:         0
  UtilStackSub_A_LeThrottle_SHARED...............:         0
  UtilStackSub_A_LeFifoFull_SHARED...............:         0
  UtilStackSub_A_IiCool_SHARED...................:         0
  UtilStackSub_A_DstbufFull_SHARED...............:         0
  UtilStackSub_A_PipeFull_SHARED.................:         0
  UtilStackSub_D_StaticSrc_SHARED................:         0
  UtilStackSub_D_RedTempCount_SHARED.............:         0
  UtilStackSub_D_DynSrcbuf_SHARED................:         0
  UtilStackSubO_Reconcile_SHARED.................:      0.00
  UtilStackSubA_Reconcile_SHARED.................:      0.00
  UtilStackSubD_Reconcile_SHARED.................:      0.00
  UtilStackOBlocker_None_INT.....................:         0
  UtilStackOBlocker_FmaRead_INT..................:         0
  UtilStackOBlocker_IntRead_INT..................:        16
  UtilStackOBlocker_LeRead_INT...................:         0
  UtilStackOBlocker_FmaWrite_INT.................:         3
  UtilStackOBlocker_IntWrite_INT.................:        36
  UtilStackOBlocker_CubeRead_INT.................:         0
  UtilStackOBlocker_CubeWrite_INT................:         0
  UtilStackOBlocker_LeWrite_INT..................:         0
  UtilStackOBlocker_Reconcile_INT................:      0.00
  UtilStackOBlocker_None_FMA.....................:         0
  UtilStackOBlocker_FmaRead_FMA..................:         0
  UtilStackOBlocker_IntRead_FMA..................:         0
  UtilStackOBlocker_LeRead_FMA...................:        44
  UtilStackOBlocker_FmaWrite_FMA.................:         0
  UtilStackOBlocker_IntWrite_FMA.................:         1
  UtilStackOBlocker_CubeRead_FMA.................:         0
  UtilStackOBlocker_CubeWrite_FMA................:         0
  UtilStackOBlocker_LeWrite_FMA..................:         0
  UtilStackOBlocker_Reconcile_FMA................:      0.00
  UtilStackOBlocker_None_LNEXP...................:         0
  UtilStackOBlocker_FmaRead_LNEXP................:         0
  UtilStackOBlocker_IntRead_LNEXP................:         1
  UtilStackOBlocker_LeRead_LNEXP.................:         0
  UtilStackOBlocker_FmaWrite_LNEXP...............:         0
  UtilStackOBlocker_IntWrite_LNEXP...............:         0
  UtilStackOBlocker_CubeRead_LNEXP...............:         0
  UtilStackOBlocker_CubeWrite_LNEXP..............:         0
  UtilStackOBlocker_LeWrite_LNEXP................:         0
  UtilStackOBlocker_Reconcile_LNEXP..............:      0.00
  UtilStackOBlocker_None_SHARED..................:         0
  UtilStackOBlocker_FmaRead_SHARED...............:         0
  UtilStackOBlocker_IntRead_SHARED...............:         0
  UtilStackOBlocker_LeRead_SHARED................:         0
  UtilStackOBlocker_FmaWrite_SHARED..............:         0
  UtilStackOBlocker_IntWrite_SHARED..............:         0
  UtilStackOBlocker_CubeRead_SHARED..............:         0
  UtilStackOBlocker_CubeWrite_SHARED.............:         0
  UtilStackOBlocker_LeWrite_SHARED...............:         0
  UtilStackOBlocker_Reconcile_SHARED.............:      0.00
YieldFmaReadCycles...............................:         0
YieldFmaWriteCycles..............................:         0
UtilStackHideRatio...............................:      0.00
UtilStackHideRatioStrict.........................:      0.00
  UtilStackIssueCombo_None.......................:   1268394
  UtilStackIssueCombo_INT........................:      4277
  UtilStackIssueCombo_FMA........................:       189
  UtilStackIssueCombo_INT+FMA....................:         3
  UtilStackIssueCombo_LE.........................:       440
  UtilStackIssueCombo_INT+LE.....................:         8
  UtilStackIssueCombo_FMA+LE.....................:         0
  UtilStackIssueCombo_INT+FMA+LE.................:         0
  UtilStackIssueCombo_SH.........................:         0
  UtilStackIssueCombo_INT+SH.....................:         0
  UtilStackIssueCombo_FMA+SH.....................:         0
  UtilStackIssueCombo_INT+FMA+SH.................:         0
  UtilStackIssueCombo_LE+SH......................:         0
  UtilStackIssueCombo_INT+LE+SH..................:         0
  UtilStackIssueCombo_FMA+LE+SH..................:         0
  UtilStackIssueCombo_INT+FMA+LE+SH..............:         0
  UtilStackIssueCombo_Reconcile..................:      0.00
  UtilStackIssueEvent_Reconcile..................:      0.00
UtilStackMultiIssueProb..........................:      0.00
UtilStackAvgIssueRate............................:      0.00
UtilStackIssueWidthUtil..........................:      0.00
===============CellReg Bank Arbitration Stats===============
Bank Active Cycles (>=1 pending).................:     19909
  |--Bank Conflict Cycles (>=2 pending)..........:        32    0.16%
  |--Bank Urgent(aged) Cycles....................:         0
Bank Grants (winners) Total......................:     19753
Bank Lose (non-winner waits) Total...............:       188
Bank Port-Yield (no free channel) Total..........:       156
Total Served Read Bytes..........................:   1073152
Total Served Write Bytes.........................:    894080
  |--RQ_CUBE Win.................................:         0
  |--RQ_CUBE Lose................................:         0     N/A
  |--RQ_CUBE PortYield...........................:         0
  |--RQ_CUBE Served Bytes........................:         0
  |--RQ_VEC Win..................................:      2560
  |--RQ_VEC Lose.................................:         1    0.04%
  |--RQ_VEC PortYield............................:         0
  |--RQ_VEC Served Bytes.........................:    327680
  |--RQ_TLSU Win.................................:      7392
  |--RQ_TLSU Lose................................:        25    0.34%
  |--RQ_TLSU PortYield...........................:         0
  |--RQ_TLSU Served Bytes........................:    745472
  |--WQ_CUBE Win.................................:         0
  |--WQ_CUBE Lose................................:         0     N/A
  |--WQ_CUBE PortYield...........................:         0
  |--WQ_CUBE Served Bytes........................:         0
  |--WQ_VEC Win..................................:      1856
  |--WQ_VEC Lose.................................:         0    0.00%
  |--WQ_VEC PortYield............................:         0
  |--WQ_VEC Served Bytes.........................:    237568
  |--WQ_VEC_LNEXP Win............................:      2816
  |--WQ_VEC_LNEXP Lose...........................:        39    1.37%
  |--WQ_VEC_LNEXP PortYield......................:        35
  |--WQ_VEC_LNEXP Served Bytes...................:    360448
  |--WQ_TLSU Win.................................:      5129
  |--WQ_TLSU Lose................................:       123    2.34%
  |--WQ_TLSU PortYield...........................:       121
  |--WQ_TLSU Served Bytes........................:    656512
==============CellReg CUBE Bank-Group Backlog===============
WQ_CUBE active cycles............................:         0
  |--WQ_CUBE cross-group cycles..................:         0     N/A
RQ_CUBE active cycles............................:         0
  |--RQ_CUBE cross-group cycles..................:         0     N/A
CUBE Rd+Wr concurrent cycles.....................:         0
  |--Rd/Wr different-group cycles................:         0     N/A
  |--Wr-starved-by-Rd cycles (each owns a group).:         0     N/A
Direct OOR access dropped (pool end).............:         0
===========CellReg Per-Bank Conflict Distribution===========
  Bank[0] conflict cycles........................:         8   25.00%
  Bank[1] conflict cycles........................:         6   18.75%
  Bank[2] conflict cycles........................:        10   31.25%
  Bank[3] conflict cycles........................:         4   12.50%
  Bank[4] conflict cycles........................:         0    0.00%
  Bank[5] conflict cycles........................:         1    3.12%
  Bank[6] conflict cycles........................:         3    9.38%
  Bank[7] conflict cycles........................:         0    0.00%
==================SuperScalar Report Stop===================
======================Syscall Barrier=======================
sb_requested.....................................:         4
sb_executed......................................:         1
sb_canceled......................................:         3
sb_stashed.......................................:         1
sb_stash_overflow................................:         0
sb_pending.......................................:         0
sb_phase_idle....................................:   1273075
sb_phase_pre_commit..............................:        18
sb_phase_quiet_wait..............................:         0
sb_phase_gate_all................................:         1
sb_phase_draining................................:       165
sb_phase_executing...............................:         1
syscall_owner_precommit_wait.....................:        18
syscall_worker_quiet_wait........................:         0
syscall_worker_quiet_cycles_total................:         0
syscall_worker_quiet_cycles_max..................:         0
syscall_commit_wait..............................:         0
syscall_l1_scb_drain_wait........................:       164
syscall_sl2_drain_wait...........................:         0
drain_wait.......................................:       164
syscall_drain_progress_timeout...................:         0
sb_T_complete....................................:  19999998
sb_T_deadlock_effective..........................:  19999999
sb_last_progress_cycle...........................:   1273310
sb_lockstep_enabled..............................:         1
sb_lockstep_registered...........................:         4
sb_lockstep_blocks...............................:         1
sb_lockstep_executes.............................:         1
sb_lockstep_withdraw_startup.....................:         0
sb_lockstep_withdraw_flush.......................:         0
sb_lockstep_overflow.............................:         0
sb_lockstep_and_timeout..........................:         0
sb_lockstep_hold_cycles..........................:       783
syscall_post_ecall_issue_rejects.................:     43751
syscall_bstop_admission_rejects..................:         0
sb_lockstep_held_now.............................:         0
sb_lockstep_ready_hist_0.........................:         0
sb_lockstep_ready_hist_1.........................:         0
sb_lockstep_ready_hist_2.........................:         0
sb_lockstep_ready_hist_3.........................:         0
sb_lockstep_ready_hist_4.........................:         1
