./bin/gfsim -f /mnt/workspace/v300_0923_tilework/linx/SuperNPUBench/benchmark/one-level-arch/output/solution/group_token_vec/elf/solution_group_token_vec_group_token_vec_mt_dyn.elf --conf fourpe -s core.bp_mode=1 -s core.deadlock_cycles=20000000 
[gfsim] explicit PE config present; skipping ELF auto-detection
Parse Config File:
Parse Config File:
Parse Config File:
Parse Config File:
Parse Config File:
Parse Config File:
Parse Config File:
Parse Config File:
Parse Config File:
Parse Config File:
Parse Config File:
Parse Config File:
Parse Config File:
Parse Config File:
Parse Config File:
Parse Config File:
Parse Config File:
Parse Config File:
Parse Config File:
Parse Config File:
Parse Config File:
Parse Config File:
Parse Config File:
Parse Config File:
Parse Config File:
Parse Config File:
Parse Config File:
Parse Config File:
Parse Config File:
Parse Config File:
Parse Config File:
Parse Config File:
Parse Config File:
Parse Config File:
Parse Config File:
Parse Config File:
Parse Config File:
Parse Config File:
Parse Config File:
Parse Config File:
Parse Config File:
Parse Config File:
Parse Config File:
Parse Config File:
Parse Config File:
Parse Config File:
Parse Config File:
Parse Config File:
Parse Config File:
Parse Config File:
Parse Config File:
Parse Config File:
Parse Config File:
Parse Config File:
Parse Config File:
Parse Config File:
Parse Config File:
Parse Config File:
Parse Config File:
Parse Config File:
Parse Config File:
Parse Config File:
Parse Config File:
Override configurations:
core.bp_mode=1
core.deadlock_cycles=20000000
core.threadCount=4
core.stdPeCount=1
core.cube_core_num=4
core.cube_thread_num=1
core.vec_core_num=4
fourpe.pe_cluster_enable=true
fourpe.pe_cluster_count=4
fourpe.pe_cluster_frontend_thread_count=4
fourpe.pe_cluster_aggregate_decode_width=8
fourpe.pe_cluster_gpr_rename_partition_entries=128
fourpe.pe_cluster_scalar_rob_partition_entries=128
fourpe.pe_cluster_scalar_iq_partition_entries=128
fourpe.pe_cluster_block_rob_partition_entries=256
fourpe.pe_cluster_block_iq_partition_entries=88
fourpe.pe_cluster_local_reg_partition_entries=88
bfu.brq_depth=1024
fourpe.pe_cluster_partition_borrow_enable=false
fourpe.pe_cluster_eligible_rr_fairness_check=true
fourpe.pe_cluster_group_contract_fatal=false
dfx.swimCounterSampleInterval=8
Memory: 0x10200 - 0x10248 (Size=0KB) [.rodata]
Memory: 0x1024c - 0x1029f (Size=0KB) [.eh_frame_hdr]
Memory: 0x102a0 - 0x103ab (Size=0KB) [.eh_frame]
Memory: 0x113ac - 0x137df (Size=9KB) [.text]
Memory: 0x147e0 - 0x14867 (Size=0KB) [.init_array]
Memory: 0x14868 - 0x1487f (Size=0KB) [.data.rel.ro]
Memory: 0x15880 - 0x1590b (Size=0KB) [.sbss]
Memory: 0x18000 - 0x8524b (Size=436KB) [.bss]
Memory: 0x85250 - 0x8095250 (Size=131136KB) [stack mem]
Memory: 0x4000802000 - 0x4008803000 (Size=131076KB) [map mem]
tid: 0 Core@100000: Retired blocks 24220. BROB head info: B167 STID0 BPC 0x115c4 [STD COND]
tid: 1 Core@100000: Retired blocks 24220. BROB head info: B167 STID1 BPC 0x115c4 [STD COND]
tid: 2 Core@100000: Retired blocks 24220. BROB head info: B167 STID2 BPC 0x115c4 [STD COND]
tid: 3 Core@100000: Retired blocks 24220. BROB head info: B167 STID3 BPC 0x115c4 [STD COND]
tid: 0 Core@200000: Retired blocks 68819. BROB head info: B49 STID0 BPC 0x116b2 [STD DIRECT]
tid: 1 Core@200000: Retired blocks 68819. BROB head info: B54 STID1 BPC 0x116a8 [STD COND]
tid: 2 Core@200000: Retired blocks 68819. BROB head info: B54 STID2 BPC 0x116a8 [STD COND]
tid: 3 Core@200000: Retired blocks 68819. BROB head info: B54 STID3 BPC 0x116a8 [STD COND]
tid: 0 Core@300000: Retired blocks 145905. BROB head info: B121 STID0 BPC 0x11764 [STD COND]
tid: 1 Core@300000: Retired blocks 145905. BROB head info: B125 STID1 BPC 0x11764 [STD COND]
tid: 2 Core@300000: Retired blocks 145905. BROB head info: B125 STID2 BPC 0x11764 [STD COND]
tid: 3 Core@300000: Retired blocks 145905. BROB head info: B126 STID3 BPC 0x11764 [STD COND]
tid: 0 Core@400000: Retired blocks 173586. BROB head info: B130 STID0 BPC 0x11764 [STD COND]
tid: 1 Core@400000: Retired blocks 173586. BROB head info: B133 STID1 BPC 0x11764 [STD COND]
tid: 2 Core@400000: Retired blocks 173586. BROB head info: B133 STID2 BPC 0x11764 [STD COND]
tid: 3 Core@400000: Retired blocks 173586. BROB head info: B134 STID3 BPC 0x11764 [STD COND]
tid: 0 Core@500000: Retired blocks 201270. BROB head info: B139 STID0 BPC 0x117d6 [STD COND]
tid: 1 Core@500000: Retired blocks 201270. BROB head info: B142 STID1 BPC 0x117d6 [STD COND]
tid: 2 Core@500000: Retired blocks 201270. BROB head info: B142 STID2 BPC 0x117d6 [STD COND]
tid: 3 Core@500000: Retired blocks 201270. BROB head info: B143 STID3 BPC 0x117d6 [STD COND]
[C:581987 ][TMA.NA    ]: l1d_refill_unmatched peId=0 requestId=17293822569102704794 pending=0
[C:582083 ][TMA.NA    ]: l1d_refill_unmatched peId=0 requestId=17293822569102704795 pending=0
[C:582462 ][TMA.NA    ]: l1d_refill_unmatched peId=0 requestId=17293822569102704796 pending=0
[C:582476 ][TMA.NA    ]: l1d_refill_unmatched peId=0 requestId=17293822569102704797 pending=0
[C:582488 ][TMA.NA    ]: l1d_refill_unmatched peId=0 requestId=17293822569102704798 pending=0
[C:583004 ][TMA.NA    ]: l1d_refill_unmatched peId=0 requestId=17293822569102704799 pending=0
[C:584372 ][TMA.NA    ]: l1d_refill_unmatched peId=0 requestId=17293822569102704800 pending=0
[C:584380 ][TMA.NA    ]: l1d_refill_unmatched peId=0 requestId=17293822569102704801 pending=0
[C:584384 ][TMA.NA    ]: l1d_refill_unmatched peId=0 requestId=17293822569102704802 pending=0
[C:584781 ][TMA.NA    ]: l1d_refill_unmatched peId=0 requestId=17293822569102704805 pending=2
[C:584814 ][TMA.NA    ]: l1d_refill_unmatched peId=0 requestId=17293822569102704808 pending=2
[C:584863 ][TMA.NA    ]: l1d_refill_unmatched peId=0 requestId=17293822569102704810 pending=1
[C:584878 ][TMA.NA    ]: l1d_refill_unmatched peId=0 requestId=17293822569102704812 pending=1
[C:585635 ][TMA.NA    ]: l1d_refill_unmatched peId=0 requestId=17293822569102704816 pending=4
tid: 0 Core@600000: Retired blocks 235168. BROB head info: B159 STID0 BPC 0x12496 [STD DIRECT]
tid: 1 Core@600000: Retired blocks 235168. BROB head info: B171 STID1 BPC 0x12496 [STD DIRECT]
tid: 2 Core@600000: Retired blocks 235168. BROB head info: B170 STID2 BPC 0x12474 [STD COND]
tid: 3 Core@600000: Retired blocks 235168. BROB head info: B172 STID3 BPC 0x1246a [STD COND]
[C:625993 ][TMA.NA    ]: l1d_refill_unmatched peId=0 requestId=17293822569102704843 pending=1
[C:626028 ][TMA.NA    ]: l1d_refill_unmatched peId=0 requestId=17293822569102704846 pending=3
[C:626118 ][TMA.NA    ]: l1d_refill_unmatched peId=0 requestId=17293822569102704851 pending=0
[C:626121 ][TMA.NA    ]: l1d_refill_unmatched peId=0 requestId=17293822569102704852 pending=0
[C:629170 ][TMA.NA    ]: l1d_refill_unmatched peId=0 requestId=17293822569102704859 pending=0
tid: 0 Core@700000: Retired blocks 252660. BROB head info: B149 STID0 BPC 0x1305e [TMA FALL] rdy:1  TLOAD, lb0:16, lb1:4, lb2:16 UINT32 DR, NORM.normal, UINT32, zero GMBase:0x19000 stride:64 -> T TileTag:0 generation:1 physValid:1 addr:0x0 regCat:0 accSrcCat:0 accDstCat:0 size:256 ready:0 isZero: 0 cellTracked: 0
tid: 1 Core@700000: Retired blocks 252660. BROB head info: B94 STID1 BPC 0x1305e [TMA FALL] rdy:1  TLOAD, lb0:16, lb1:4, lb2:16 UINT32 DR, NORM.normal, UINT32, zero GMBase:0x19100 stride:64 -> T TileTag:0 generation:1 physValid:1 addr:0x0 regCat:0 accSrcCat:0 accDstCat:0 size:256 ready:0 isZero: 0 cellTracked: 0
tid: 2 Core@700000: Retired blocks 252660. BROB head info: B30 STID2 BPC 0x1305e [TMA FALL] rdy:1  TLOAD, lb0:16, lb1:4, lb2:16 UINT32 DR, NORM.normal, UINT32, zero GMBase:0x19200 stride:64 -> T TileTag:0 generation:1 physValid:1 addr:0x0 regCat:0 accSrcCat:0 accDstCat:0 size:256 ready:0 isZero: 0 cellTracked: 0
tid: 3 Core@700000: Retired blocks 252660. BROB head info: B227 STID3 BPC 0x1305e [TMA FALL] rdy:1  TLOAD, lb0:16, lb1:4, lb2:16 UINT32 DR, NORM.normal, UINT32, zero GMBase:0x19300 stride:64 -> T TileTag:0 generation:1 physValid:1 addr:0x0 regCat:0 accSrcCat:0 accDstCat:0 size:256 ready:0 isZero: 0 cellTracked: 0
tid: 0 Core@800000: Retired blocks 252660. BROB head info: B149 STID0 BPC 0x1305e [TMA FALL] rdy:1  TLOAD, lb0:16, lb1:4, lb2:16 UINT32 DR, NORM.normal, UINT32, zero GMBase:0x19000 stride:64 -> T TileTag:0 generation:1 physValid:1 addr:0x0 regCat:0 accSrcCat:0 accDstCat:0 size:256 ready:0 isZero: 0 cellTracked: 0
tid: 1 Core@800000: Retired blocks 252660. BROB head info: B94 STID1 BPC 0x1305e [TMA FALL] rdy:1  TLOAD, lb0:16, lb1:4, lb2:16 UINT32 DR, NORM.normal, UINT32, zero GMBase:0x19100 stride:64 -> T TileTag:0 generation:1 physValid:1 addr:0x0 regCat:0 accSrcCat:0 accDstCat:0 size:256 ready:0 isZero: 0 cellTracked: 0
tid: 2 Core@800000: Retired blocks 252660. BROB head info: B30 STID2 BPC 0x1305e [TMA FALL] rdy:1  TLOAD, lb0:16, lb1:4, lb2:16 UINT32 DR, NORM.normal, UINT32, zero GMBase:0x19200 stride:64 -> T TileTag:0 generation:1 physValid:1 addr:0x0 regCat:0 accSrcCat:0 accDstCat:0 size:256 ready:0 isZero: 0 cellTracked: 0
tid: 3 Core@800000: Retired blocks 252660. BROB head info: B227 STID3 BPC 0x1305e [TMA FALL] rdy:1  TLOAD, lb0:16, lb1:4, lb2:16 UINT32 DR, NORM.normal, UINT32, zero GMBase:0x19300 stride:64 -> T TileTag:0 generation:1 physValid:1 addr:0x0 regCat:0 accSrcCat:0 accDstCat:0 size:256 ready:0 isZero: 0 cellTracked: 0
tid: 0 Core@900000: Retired blocks 252660. BROB head info: B149 STID0 BPC 0x1305e [TMA FALL] rdy:1  TLOAD, lb0:16, lb1:4, lb2:16 UINT32 DR, NORM.normal, UINT32, zero GMBase:0x19000 stride:64 -> T TileTag:0 generation:1 physValid:1 addr:0x0 regCat:0 accSrcCat:0 accDstCat:0 size:256 ready:0 isZero: 0 cellTracked: 0
tid: 1 Core@900000: Retired blocks 252660. BROB head info: B94 STID1 BPC 0x1305e [TMA FALL] rdy:1  TLOAD, lb0:16, lb1:4, lb2:16 UINT32 DR, NORM.normal, UINT32, zero GMBase:0x19100 stride:64 -> T TileTag:0 generation:1 physValid:1 addr:0x0 regCat:0 accSrcCat:0 accDstCat:0 size:256 ready:0 isZero: 0 cellTracked: 0
tid: 2 Core@900000: Retired blocks 252660. BROB head info: B30 STID2 BPC 0x1305e [TMA FALL] rdy:1  TLOAD, lb0:16, lb1:4, lb2:16 UINT32 DR, NORM.normal, UINT32, zero GMBase:0x19200 stride:64 -> T TileTag:0 generation:1 physValid:1 addr:0x0 regCat:0 accSrcCat:0 accDstCat:0 size:256 ready:0 isZero: 0 cellTracked: 0
tid: 3 Core@900000: Retired blocks 252660. BROB head info: B227 STID3 BPC 0x1305e [TMA FALL] rdy:1  TLOAD, lb0:16, lb1:4, lb2:16 UINT32 DR, NORM.normal, UINT32, zero GMBase:0x19300 stride:64 -> T TileTag:0 generation:1 physValid:1 addr:0x0 regCat:0 accSrcCat:0 accDstCat:0 size:256 ready:0 isZero: 0 cellTracked: 0
tid: 0 Core@1000000: Retired blocks 252660. BROB head info: B149 STID0 BPC 0x1305e [TMA FALL] rdy:1  TLOAD, lb0:16, lb1:4, lb2:16 UINT32 DR, NORM.normal, UINT32, zero GMBase:0x19000 stride:64 -> T TileTag:0 generation:1 physValid:1 addr:0x0 regCat:0 accSrcCat:0 accDstCat:0 size:256 ready:0 isZero: 0 cellTracked: 0
tid: 1 Core@1000000: Retired blocks 252660. BROB head info: B94 STID1 BPC 0x1305e [TMA FALL] rdy:1  TLOAD, lb0:16, lb1:4, lb2:16 UINT32 DR, NORM.normal, UINT32, zero GMBase:0x19100 stride:64 -> T TileTag:0 generation:1 physValid:1 addr:0x0 regCat:0 accSrcCat:0 accDstCat:0 size:256 ready:0 isZero: 0 cellTracked: 0
tid: 2 Core@1000000: Retired blocks 252660. BROB head info: B30 STID2 BPC 0x1305e [TMA FALL] rdy:1  TLOAD, lb0:16, lb1:4, lb2:16 UINT32 DR, NORM.normal, UINT32, zero GMBase:0x19200 stride:64 -> T TileTag:0 generation:1 physValid:1 addr:0x0 regCat:0 accSrcCat:0 accDstCat:0 size:256 ready:0 isZero: 0 cellTracked: 0
tid: 3 Core@1000000: Retired blocks 252660. BROB head info: B227 STID3 BPC 0x1305e [TMA FALL] rdy:1  TLOAD, lb0:16, lb1:4, lb2:16 UINT32 DR, NORM.normal, UINT32, zero GMBase:0x19300 stride:64 -> T TileTag:0 generation:1 physValid:1 addr:0x0 regCat:0 accSrcCat:0 accDstCat:0 size:256 ready:0 isZero: 0 cellTracked: 0
tid: 0 Core@1100000: Retired blocks 252660. BROB head info: B149 STID0 BPC 0x1305e [TMA FALL] rdy:1  TLOAD, lb0:16, lb1:4, lb2:16 UINT32 DR, NORM.normal, UINT32, zero GMBase:0x19000 stride:64 -> T TileTag:0 generation:1 physValid:1 addr:0x0 regCat:0 accSrcCat:0 accDstCat:0 size:256 ready:0 isZero: 0 cellTracked: 0
tid: 1 Core@1100000: Retired blocks 252660. BROB head info: B94 STID1 BPC 0x1305e [TMA FALL] rdy:1  TLOAD, lb0:16, lb1:4, lb2:16 UINT32 DR, NORM.normal, UINT32, zero GMBase:0x19100 stride:64 -> T TileTag:0 generation:1 physValid:1 addr:0x0 regCat:0 accSrcCat:0 accDstCat:0 size:256 ready:0 isZero: 0 cellTracked: 0
tid: 2 Core@1100000: Retired blocks 252660. BROB head info: B30 STID2 BPC 0x1305e [TMA FALL] rdy:1  TLOAD, lb0:16, lb1:4, lb2:16 UINT32 DR, NORM.normal, UINT32, zero GMBase:0x19200 stride:64 -> T TileTag:0 generation:1 physValid:1 addr:0x0 regCat:0 accSrcCat:0 accDstCat:0 size:256 ready:0 isZero: 0 cellTracked: 0
tid: 3 Core@1100000: Retired blocks 252660. BROB head info: B227 STID3 BPC 0x1305e [TMA FALL] rdy:1  TLOAD, lb0:16, lb1:4, lb2:16 UINT32 DR, NORM.normal, UINT32, zero GMBase:0x19300 stride:64 -> T TileTag:0 generation:1 physValid:1 addr:0x0 regCat:0 accSrcCat:0 accDstCat:0 size:256 ready:0 isZero: 0 cellTracked: 0
tid: 0 Core@1200000: Retired blocks 252660. BROB head info: B149 STID0 BPC 0x1305e [TMA FALL] rdy:1  TLOAD, lb0:16, lb1:4, lb2:16 UINT32 DR, NORM.normal, UINT32, zero GMBase:0x19000 stride:64 -> T TileTag:0 generation:1 physValid:1 addr:0x0 regCat:0 accSrcCat:0 accDstCat:0 size:256 ready:0 isZero: 0 cellTracked: 0
tid: 1 Core@1200000: Retired blocks 252660. BROB head info: B94 STID1 BPC 0x1305e [TMA FALL] rdy:1  TLOAD, lb0:16, lb1:4, lb2:16 UINT32 DR, NORM.normal, UINT32, zero GMBase:0x19100 stride:64 -> T TileTag:0 generation:1 physValid:1 addr:0x0 regCat:0 accSrcCat:0 accDstCat:0 size:256 ready:0 isZero: 0 cellTracked: 0
tid: 2 Core@1200000: Retired blocks 252660. BROB head info: B30 STID2 BPC 0x1305e [TMA FALL] rdy:1  TLOAD, lb0:16, lb1:4, lb2:16 UINT32 DR, NORM.normal, UINT32, zero GMBase:0x19200 stride:64 -> T TileTag:0 generation:1 physValid:1 addr:0x0 regCat:0 accSrcCat:0 accDstCat:0 size:256 ready:0 isZero: 0 cellTracked: 0
tid: 3 Core@1200000: Retired blocks 252660. BROB head info: B227 STID3 BPC 0x1305e [TMA FALL] rdy:1  TLOAD, lb0:16, lb1:4, lb2:16 UINT32 DR, NORM.normal, UINT32, zero GMBase:0x19300 stride:64 -> T TileTag:0 generation:1 physValid:1 addr:0x0 regCat:0 accSrcCat:0 accDstCat:0 size:256 ready:0 isZero: 0 cellTracked: 0
tid: 0 Core@1300000: Retired blocks 252660. BROB head info: B149 STID0 BPC 0x1305e [TMA FALL] rdy:1  TLOAD, lb0:16, lb1:4, lb2:16 UINT32 DR, NORM.normal, UINT32, zero GMBase:0x19000 stride:64 -> T TileTag:0 generation:1 physValid:1 addr:0x0 regCat:0 accSrcCat:0 accDstCat:0 size:256 ready:0 isZero: 0 cellTracked: 0
tid: 1 Core@1300000: Retired blocks 252660. BROB head info: B94 STID1 BPC 0x1305e [TMA FALL] rdy:1  TLOAD, lb0:16, lb1:4, lb2:16 UINT32 DR, NORM.normal, UINT32, zero GMBase:0x19100 stride:64 -> T TileTag:0 generation:1 physValid:1 addr:0x0 regCat:0 accSrcCat:0 accDstCat:0 size:256 ready:0 isZero: 0 cellTracked: 0
tid: 2 Core@1300000: Retired blocks 252660. BROB head info: B30 STID2 BPC 0x1305e [TMA FALL] rdy:1  TLOAD, lb0:16, lb1:4, lb2:16 UINT32 DR, NORM.normal, UINT32, zero GMBase:0x19200 stride:64 -> T TileTag:0 generation:1 physValid:1 addr:0x0 regCat:0 accSrcCat:0 accDstCat:0 size:256 ready:0 isZero: 0 cellTracked: 0
tid: 3 Core@1300000: Retired blocks 252660. BROB head info: B227 STID3 BPC 0x1305e [TMA FALL] rdy:1  TLOAD, lb0:16, lb1:4, lb2:16 UINT32 DR, NORM.normal, UINT32, zero GMBase:0x19300 stride:64 -> T TileTag:0 generation:1 physValid:1 addr:0x0 regCat:0 accSrcCat:0 accDstCat:0 size:256 ready:0 isZero: 0 cellTracked: 0
tid: 0 Core@1400000: Retired blocks 252660. BROB head info: B149 STID0 BPC 0x1305e [TMA FALL] rdy:1  TLOAD, lb0:16, lb1:4, lb2:16 UINT32 DR, NORM.normal, UINT32, zero GMBase:0x19000 stride:64 -> T TileTag:0 generation:1 physValid:1 addr:0x0 regCat:0 accSrcCat:0 accDstCat:0 size:256 ready:0 isZero: 0 cellTracked: 0
tid: 1 Core@1400000: Retired blocks 252660. BROB head info: B94 STID1 BPC 0x1305e [TMA FALL] rdy:1  TLOAD, lb0:16, lb1:4, lb2:16 UINT32 DR, NORM.normal, UINT32, zero GMBase:0x19100 stride:64 -> T TileTag:0 generation:1 physValid:1 addr:0x0 regCat:0 accSrcCat:0 accDstCat:0 size:256 ready:0 isZero: 0 cellTracked: 0
tid: 2 Core@1400000: Retired blocks 252660. BROB head info: B30 STID2 BPC 0x1305e [TMA FALL] rdy:1  TLOAD, lb0:16, lb1:4, lb2:16 UINT32 DR, NORM.normal, UINT32, zero GMBase:0x19200 stride:64 -> T TileTag:0 generation:1 physValid:1 addr:0x0 regCat:0 accSrcCat:0 accDstCat:0 size:256 ready:0 isZero: 0 cellTracked: 0
tid: 3 Core@1400000: Retired blocks 252660. BROB head info: B227 STID3 BPC 0x1305e [TMA FALL] rdy:1  TLOAD, lb0:16, lb1:4, lb2:16 UINT32 DR, NORM.normal, UINT32, zero GMBase:0x19300 stride:64 -> T TileTag:0 generation:1 physValid:1 addr:0x0 regCat:0 accSrcCat:0 accDstCat:0 size:256 ready:0 isZero: 0 cellTracked: 0
tid: 0 Core@1500000: Retired blocks 252660. BROB head info: B149 STID0 BPC 0x1305e [TMA FALL] rdy:1  TLOAD, lb0:16, lb1:4, lb2:16 UINT32 DR, NORM.normal, UINT32, zero GMBase:0x19000 stride:64 -> T TileTag:0 generation:1 physValid:1 addr:0x0 regCat:0 accSrcCat:0 accDstCat:0 size:256 ready:0 isZero: 0 cellTracked: 0
tid: 1 Core@1500000: Retired blocks 252660. BROB head info: B94 STID1 BPC 0x1305e [TMA FALL] rdy:1  TLOAD, lb0:16, lb1:4, lb2:16 UINT32 DR, NORM.normal, UINT32, zero GMBase:0x19100 stride:64 -> T TileTag:0 generation:1 physValid:1 addr:0x0 regCat:0 accSrcCat:0 accDstCat:0 size:256 ready:0 isZero: 0 cellTracked: 0
tid: 2 Core@1500000: Retired blocks 252660. BROB head info: B30 STID2 BPC 0x1305e [TMA FALL] rdy:1  TLOAD, lb0:16, lb1:4, lb2:16 UINT32 DR, NORM.normal, UINT32, zero GMBase:0x19200 stride:64 -> T TileTag:0 generation:1 physValid:1 addr:0x0 regCat:0 accSrcCat:0 accDstCat:0 size:256 ready:0 isZero: 0 cellTracked: 0
tid: 3 Core@1500000: Retired blocks 252660. BROB head info: B227 STID3 BPC 0x1305e [TMA FALL] rdy:1  TLOAD, lb0:16, lb1:4, lb2:16 UINT32 DR, NORM.normal, UINT32, zero GMBase:0x19300 stride:64 -> T TileTag:0 generation:1 physValid:1 addr:0x0 regCat:0 accSrcCat:0 accDstCat:0 size:256 ready:0 isZero: 0 cellTracked: 0
tid: 0 Core@1600000: Retired blocks 252660. BROB head info: B149 STID0 BPC 0x1305e [TMA FALL] rdy:1  TLOAD, lb0:16, lb1:4, lb2:16 UINT32 DR, NORM.normal, UINT32, zero GMBase:0x19000 stride:64 -> T TileTag:0 generation:1 physValid:1 addr:0x0 regCat:0 accSrcCat:0 accDstCat:0 size:256 ready:0 isZero: 0 cellTracked: 0
tid: 1 Core@1600000: Retired blocks 252660. BROB head info: B94 STID1 BPC 0x1305e [TMA FALL] rdy:1  TLOAD, lb0:16, lb1:4, lb2:16 UINT32 DR, NORM.normal, UINT32, zero GMBase:0x19100 stride:64 -> T TileTag:0 generation:1 physValid:1 addr:0x0 regCat:0 accSrcCat:0 accDstCat:0 size:256 ready:0 isZero: 0 cellTracked: 0
tid: 2 Core@1600000: Retired blocks 252660. BROB head info: B30 STID2 BPC 0x1305e [TMA FALL] rdy:1  TLOAD, lb0:16, lb1:4, lb2:16 UINT32 DR, NORM.normal, UINT32, zero GMBase:0x19200 stride:64 -> T TileTag:0 generation:1 physValid:1 addr:0x0 regCat:0 accSrcCat:0 accDstCat:0 size:256 ready:0 isZero: 0 cellTracked: 0
tid: 3 Core@1600000: Retired blocks 252660. BROB head info: B227 STID3 BPC 0x1305e [TMA FALL] rdy:1  TLOAD, lb0:16, lb1:4, lb2:16 UINT32 DR, NORM.normal, UINT32, zero GMBase:0x19300 stride:64 -> T TileTag:0 generation:1 physValid:1 addr:0x0 regCat:0 accSrcCat:0 accDstCat:0 size:256 ready:0 isZero: 0 cellTracked: 0
tid: 0 Core@1700000: Retired blocks 252660. BROB head info: B149 STID0 BPC 0x1305e [TMA FALL] rdy:1  TLOAD, lb0:16, lb1:4, lb2:16 UINT32 DR, NORM.normal, UINT32, zero GMBase:0x19000 stride:64 -> T TileTag:0 generation:1 physValid:1 addr:0x0 regCat:0 accSrcCat:0 accDstCat:0 size:256 ready:0 isZero: 0 cellTracked: 0
tid: 1 Core@1700000: Retired blocks 252660. BROB head info: B94 STID1 BPC 0x1305e [TMA FALL] rdy:1  TLOAD, lb0:16, lb1:4, lb2:16 UINT32 DR, NORM.normal, UINT32, zero GMBase:0x19100 stride:64 -> T TileTag:0 generation:1 physValid:1 addr:0x0 regCat:0 accSrcCat:0 accDstCat:0 size:256 ready:0 isZero: 0 cellTracked: 0
tid: 2 Core@1700000: Retired blocks 252660. BROB head info: B30 STID2 BPC 0x1305e [TMA FALL] rdy:1  TLOAD, lb0:16, lb1:4, lb2:16 UINT32 DR, NORM.normal, UINT32, zero GMBase:0x19200 stride:64 -> T TileTag:0 generation:1 physValid:1 addr:0x0 regCat:0 accSrcCat:0 accDstCat:0 size:256 ready:0 isZero: 0 cellTracked: 0
tid: 3 Core@1700000: Retired blocks 252660. BROB head info: B227 STID3 BPC 0x1305e [TMA FALL] rdy:1  TLOAD, lb0:16, lb1:4, lb2:16 UINT32 DR, NORM.normal, UINT32, zero GMBase:0x19300 stride:64 -> T TileTag:0 generation:1 physValid:1 addr:0x0 regCat:0 accSrcCat:0 accDstCat:0 size:256 ready:0 isZero: 0 cellTracked: 0
tid: 0 Core@1800000: Retired blocks 252660. BROB head info: B149 STID0 BPC 0x1305e [TMA FALL] rdy:1  TLOAD, lb0:16, lb1:4, lb2:16 UINT32 DR, NORM.normal, UINT32, zero GMBase:0x19000 stride:64 -> T TileTag:0 generation:1 physValid:1 addr:0x0 regCat:0 accSrcCat:0 accDstCat:0 size:256 ready:0 isZero: 0 cellTracked: 0
tid: 1 Core@1800000: Retired blocks 252660. BROB head info: B94 STID1 BPC 0x1305e [TMA FALL] rdy:1  TLOAD, lb0:16, lb1:4, lb2:16 UINT32 DR, NORM.normal, UINT32, zero GMBase:0x19100 stride:64 -> T TileTag:0 generation:1 physValid:1 addr:0x0 regCat:0 accSrcCat:0 accDstCat:0 size:256 ready:0 isZero: 0 cellTracked: 0
tid: 2 Core@1800000: Retired blocks 252660. BROB head info: B30 STID2 BPC 0x1305e [TMA FALL] rdy:1  TLOAD, lb0:16, lb1:4, lb2:16 UINT32 DR, NORM.normal, UINT32, zero GMBase:0x19200 stride:64 -> T TileTag:0 generation:1 physValid:1 addr:0x0 regCat:0 accSrcCat:0 accDstCat:0 size:256 ready:0 isZero: 0 cellTracked: 0
tid: 3 Core@1800000: Retired blocks 252660. BROB head info: B227 STID3 BPC 0x1305e [TMA FALL] rdy:1  TLOAD, lb0:16, lb1:4, lb2:16 UINT32 DR, NORM.normal, UINT32, zero GMBase:0x19300 stride:64 -> T TileTag:0 generation:1 physValid:1 addr:0x0 regCat:0 accSrcCat:0 accDstCat:0 size:256 ready:0 isZero: 0 cellTracked: 0
tid: 0 Core@1900000: Retired blocks 252660. BROB head info: B149 STID0 BPC 0x1305e [TMA FALL] rdy:1  TLOAD, lb0:16, lb1:4, lb2:16 UINT32 DR, NORM.normal, UINT32, zero GMBase:0x19000 stride:64 -> T TileTag:0 generation:1 physValid:1 addr:0x0 regCat:0 accSrcCat:0 accDstCat:0 size:256 ready:0 isZero: 0 cellTracked: 0
tid: 1 Core@1900000: Retired blocks 252660. BROB head info: B94 STID1 BPC 0x1305e [TMA FALL] rdy:1  TLOAD, lb0:16, lb1:4, lb2:16 UINT32 DR, NORM.normal, UINT32, zero GMBase:0x19100 stride:64 -> T TileTag:0 generation:1 physValid:1 addr:0x0 regCat:0 accSrcCat:0 accDstCat:0 size:256 ready:0 isZero: 0 cellTracked: 0
tid: 2 Core@1900000: Retired blocks 252660. BROB head info: B30 STID2 BPC 0x1305e [TMA FALL] rdy:1  TLOAD, lb0:16, lb1:4, lb2:16 UINT32 DR, NORM.normal, UINT32, zero GMBase:0x19200 stride:64 -> T TileTag:0 generation:1 physValid:1 addr:0x0 regCat:0 accSrcCat:0 accDstCat:0 size:256 ready:0 isZero: 0 cellTracked: 0
tid: 3 Core@1900000: Retired blocks 252660. BROB head info: B227 STID3 BPC 0x1305e [TMA FALL] rdy:1  TLOAD, lb0:16, lb1:4, lb2:16 UINT32 DR, NORM.normal, UINT32, zero GMBase:0x19300 stride:64 -> T TileTag:0 generation:1 physValid:1 addr:0x0 regCat:0 accSrcCat:0 accDstCat:0 size:256 ready:0 isZero: 0 cellTracked: 0
tid: 0 Core@2000000: Retired blocks 252660. BROB head info: B149 STID0 BPC 0x1305e [TMA FALL] rdy:1  TLOAD, lb0:16, lb1:4, lb2:16 UINT32 DR, NORM.normal, UINT32, zero GMBase:0x19000 stride:64 -> T TileTag:0 generation:1 physValid:1 addr:0x0 regCat:0 accSrcCat:0 accDstCat:0 size:256 ready:0 isZero: 0 cellTracked: 0
tid: 1 Core@2000000: Retired blocks 252660. BROB head info: B94 STID1 BPC 0x1305e [TMA FALL] rdy:1  TLOAD, lb0:16, lb1:4, lb2:16 UINT32 DR, NORM.normal, UINT32, zero GMBase:0x19100 stride:64 -> T TileTag:0 generation:1 physValid:1 addr:0x0 regCat:0 accSrcCat:0 accDstCat:0 size:256 ready:0 isZero: 0 cellTracked: 0
tid: 2 Core@2000000: Retired blocks 252660. BROB head info: B30 STID2 BPC 0x1305e [TMA FALL] rdy:1  TLOAD, lb0:16, lb1:4, lb2:16 UINT32 DR, NORM.normal, UINT32, zero GMBase:0x19200 stride:64 -> T TileTag:0 generation:1 physValid:1 addr:0x0 regCat:0 accSrcCat:0 accDstCat:0 size:256 ready:0 isZero: 0 cellTracked: 0
tid: 3 Core@2000000: Retired blocks 252660. BROB head info: B227 STID3 BPC 0x1305e [TMA FALL] rdy:1  TLOAD, lb0:16, lb1:4, lb2:16 UINT32 DR, NORM.normal, UINT32, zero GMBase:0x19300 stride:64 -> T TileTag:0 generation:1 physValid:1 addr:0x0 regCat:0 accSrcCat:0 accDstCat:0 size:256 ready:0 isZero: 0 cellTracked: 0
tid: 0 Core@2100000: Retired blocks 252660. BROB head info: B149 STID0 BPC 0x1305e [TMA FALL] rdy:1  TLOAD, lb0:16, lb1:4, lb2:16 UINT32 DR, NORM.normal, UINT32, zero GMBase:0x19000 stride:64 -> T TileTag:0 generation:1 physValid:1 addr:0x0 regCat:0 accSrcCat:0 accDstCat:0 size:256 ready:0 isZero: 0 cellTracked: 0
tid: 1 Core@2100000: Retired blocks 252660. BROB head info: B94 STID1 BPC 0x1305e [TMA FALL] rdy:1  TLOAD, lb0:16, lb1:4, lb2:16 UINT32 DR, NORM.normal, UINT32, zero GMBase:0x19100 stride:64 -> T TileTag:0 generation:1 physValid:1 addr:0x0 regCat:0 accSrcCat:0 accDstCat:0 size:256 ready:0 isZero: 0 cellTracked: 0
tid: 2 Core@2100000: Retired blocks 252660. BROB head info: B30 STID2 BPC 0x1305e [TMA FALL] rdy:1  TLOAD, lb0:16, lb1:4, lb2:16 UINT32 DR, NORM.normal, UINT32, zero GMBase:0x19200 stride:64 -> T TileTag:0 generation:1 physValid:1 addr:0x0 regCat:0 accSrcCat:0 accDstCat:0 size:256 ready:0 isZero: 0 cellTracked: 0
tid: 3 Core@2100000: Retired blocks 252660. BROB head info: B227 STID3 BPC 0x1305e [TMA FALL] rdy:1  TLOAD, lb0:16, lb1:4, lb2:16 UINT32 DR, NORM.normal, UINT32, zero GMBase:0x19300 stride:64 -> T TileTag:0 generation:1 physValid:1 addr:0x0 regCat:0 accSrcCat:0 accDstCat:0 size:256 ready:0 isZero: 0 cellTracked: 0
tid: 0 Core@2200000: Retired blocks 252660. BROB head info: B149 STID0 BPC 0x1305e [TMA FALL] rdy:1  TLOAD, lb0:16, lb1:4, lb2:16 UINT32 DR, NORM.normal, UINT32, zero GMBase:0x19000 stride:64 -> T TileTag:0 generation:1 physValid:1 addr:0x0 regCat:0 accSrcCat:0 accDstCat:0 size:256 ready:0 isZero: 0 cellTracked: 0
tid: 1 Core@2200000: Retired blocks 252660. BROB head info: B94 STID1 BPC 0x1305e [TMA FALL] rdy:1  TLOAD, lb0:16, lb1:4, lb2:16 UINT32 DR, NORM.normal, UINT32, zero GMBase:0x19100 stride:64 -> T TileTag:0 generation:1 physValid:1 addr:0x0 regCat:0 accSrcCat:0 accDstCat:0 size:256 ready:0 isZero: 0 cellTracked: 0
tid: 2 Core@2200000: Retired blocks 252660. BROB head info: B30 STID2 BPC 0x1305e [TMA FALL] rdy:1  TLOAD, lb0:16, lb1:4, lb2:16 UINT32 DR, NORM.normal, UINT32, zero GMBase:0x19200 stride:64 -> T TileTag:0 generation:1 physValid:1 addr:0x0 regCat:0 accSrcCat:0 accDstCat:0 size:256 ready:0 isZero: 0 cellTracked: 0
tid: 3 Core@2200000: Retired blocks 252660. BROB head info: B227 STID3 BPC 0x1305e [TMA FALL] rdy:1  TLOAD, lb0:16, lb1:4, lb2:16 UINT32 DR, NORM.normal, UINT32, zero GMBase:0x19300 stride:64 -> T TileTag:0 generation:1 physValid:1 addr:0x0 regCat:0 accSrcCat:0 accDstCat:0 size:256 ready:0 isZero: 0 cellTracked: 0
tid: 0 Core@2300000: Retired blocks 252660. BROB head info: B149 STID0 BPC 0x1305e [TMA FALL] rdy:1  TLOAD, lb0:16, lb1:4, lb2:16 UINT32 DR, NORM.normal, UINT32, zero GMBase:0x19000 stride:64 -> T TileTag:0 generation:1 physValid:1 addr:0x0 regCat:0 accSrcCat:0 accDstCat:0 size:256 ready:0 isZero: 0 cellTracked: 0
tid: 1 Core@2300000: Retired blocks 252660. BROB head info: B94 STID1 BPC 0x1305e [TMA FALL] rdy:1  TLOAD, lb0:16, lb1:4, lb2:16 UINT32 DR, NORM.normal, UINT32, zero GMBase:0x19100 stride:64 -> T TileTag:0 generation:1 physValid:1 addr:0x0 regCat:0 accSrcCat:0 accDstCat:0 size:256 ready:0 isZero: 0 cellTracked: 0
tid: 2 Core@2300000: Retired blocks 252660. BROB head info: B30 STID2 BPC 0x1305e [TMA FALL] rdy:1  TLOAD, lb0:16, lb1:4, lb2:16 UINT32 DR, NORM.normal, UINT32, zero GMBase:0x19200 stride:64 -> T TileTag:0 generation:1 physValid:1 addr:0x0 regCat:0 accSrcCat:0 accDstCat:0 size:256 ready:0 isZero: 0 cellTracked: 0
tid: 3 Core@2300000: Retired blocks 252660. BROB head info: B227 STID3 BPC 0x1305e [TMA FALL] rdy:1  TLOAD, lb0:16, lb1:4, lb2:16 UINT32 DR, NORM.normal, UINT32, zero GMBase:0x19300 stride:64 -> T TileTag:0 generation:1 physValid:1 addr:0x0 regCat:0 accSrcCat:0 accDstCat:0 size:256 ready:0 isZero: 0 cellTracked: 0
tid: 0 Core@2400000: Retired blocks 252660. BROB head info: B149 STID0 BPC 0x1305e [TMA FALL] rdy:1  TLOAD, lb0:16, lb1:4, lb2:16 UINT32 DR, NORM.normal, UINT32, zero GMBase:0x19000 stride:64 -> T TileTag:0 generation:1 physValid:1 addr:0x0 regCat:0 accSrcCat:0 accDstCat:0 size:256 ready:0 isZero: 0 cellTracked: 0
tid: 1 Core@2400000: Retired blocks 252660. BROB head info: B94 STID1 BPC 0x1305e [TMA FALL] rdy:1  TLOAD, lb0:16, lb1:4, lb2:16 UINT32 DR, NORM.normal, UINT32, zero GMBase:0x19100 stride:64 -> T TileTag:0 generation:1 physValid:1 addr:0x0 regCat:0 accSrcCat:0 accDstCat:0 size:256 ready:0 isZero: 0 cellTracked: 0
tid: 2 Core@2400000: Retired blocks 252660. BROB head info: B30 STID2 BPC 0x1305e [TMA FALL] rdy:1  TLOAD, lb0:16, lb1:4, lb2:16 UINT32 DR, NORM.normal, UINT32, zero GMBase:0x19200 stride:64 -> T TileTag:0 generation:1 physValid:1 addr:0x0 regCat:0 accSrcCat:0 accDstCat:0 size:256 ready:0 isZero: 0 cellTracked: 0
tid: 3 Core@2400000: Retired blocks 252660. BROB head info: B227 STID3 BPC 0x1305e [TMA FALL] rdy:1  TLOAD, lb0:16, lb1:4, lb2:16 UINT32 DR, NORM.normal, UINT32, zero GMBase:0x19300 stride:64 -> T TileTag:0 generation:1 physValid:1 addr:0x0 regCat:0 accSrcCat:0 accDstCat:0 size:256 ready:0 isZero: 0 cellTracked: 0
tid: 0 Core@2500000: Retired blocks 252660. BROB head info: B149 STID0 BPC 0x1305e [TMA FALL] rdy:1  TLOAD, lb0:16, lb1:4, lb2:16 UINT32 DR, NORM.normal, UINT32, zero GMBase:0x19000 stride:64 -> T TileTag:0 generation:1 physValid:1 addr:0x0 regCat:0 accSrcCat:0 accDstCat:0 size:256 ready:0 isZero: 0 cellTracked: 0
tid: 1 Core@2500000: Retired blocks 252660. BROB head info: B94 STID1 BPC 0x1305e [TMA FALL] rdy:1  TLOAD, lb0:16, lb1:4, lb2:16 UINT32 DR, NORM.normal, UINT32, zero GMBase:0x19100 stride:64 -> T TileTag:0 generation:1 physValid:1 addr:0x0 regCat:0 accSrcCat:0 accDstCat:0 size:256 ready:0 isZero: 0 cellTracked: 0
tid: 2 Core@2500000: Retired blocks 252660. BROB head info: B30 STID2 BPC 0x1305e [TMA FALL] rdy:1  TLOAD, lb0:16, lb1:4, lb2:16 UINT32 DR, NORM.normal, UINT32, zero GMBase:0x19200 stride:64 -> T TileTag:0 generation:1 physValid:1 addr:0x0 regCat:0 accSrcCat:0 accDstCat:0 size:256 ready:0 isZero: 0 cellTracked: 0
tid: 3 Core@2500000: Retired blocks 252660. BROB head info: B227 STID3 BPC 0x1305e [TMA FALL] rdy:1  TLOAD, lb0:16, lb1:4, lb2:16 UINT32 DR, NORM.normal, UINT32, zero GMBase:0x19300 stride:64 -> T TileTag:0 generation:1 physValid:1 addr:0x0 regCat:0 accSrcCat:0 accDstCat:0 size:256 ready:0 isZero: 0 cellTracked: 0
tid: 0 Core@2600000: Retired blocks 252660. BROB head info: B149 STID0 BPC 0x1305e [TMA FALL] rdy:1  TLOAD, lb0:16, lb1:4, lb2:16 UINT32 DR, NORM.normal, UINT32, zero GMBase:0x19000 stride:64 -> T TileTag:0 generation:1 physValid:1 addr:0x0 regCat:0 accSrcCat:0 accDstCat:0 size:256 ready:0 isZero: 0 cellTracked: 0
tid: 1 Core@2600000: Retired blocks 252660. BROB head info: B94 STID1 BPC 0x1305e [TMA FALL] rdy:1  TLOAD, lb0:16, lb1:4, lb2:16 UINT32 DR, NORM.normal, UINT32, zero GMBase:0x19100 stride:64 -> T TileTag:0 generation:1 physValid:1 addr:0x0 regCat:0 accSrcCat:0 accDstCat:0 size:256 ready:0 isZero: 0 cellTracked: 0
tid: 2 Core@2600000: Retired blocks 252660. BROB head info: B30 STID2 BPC 0x1305e [TMA FALL] rdy:1  TLOAD, lb0:16, lb1:4, lb2:16 UINT32 DR, NORM.normal, UINT32, zero GMBase:0x19200 stride:64 -> T TileTag:0 generation:1 physValid:1 addr:0x0 regCat:0 accSrcCat:0 accDstCat:0 size:256 ready:0 isZero: 0 cellTracked: 0
tid: 3 Core@2600000: Retired blocks 252660. BROB head info: B227 STID3 BPC 0x1305e [TMA FALL] rdy:1  TLOAD, lb0:16, lb1:4, lb2:16 UINT32 DR, NORM.normal, UINT32, zero GMBase:0x19300 stride:64 -> T TileTag:0 generation:1 physValid:1 addr:0x0 regCat:0 accSrcCat:0 accDstCat:0 size:256 ready:0 isZero: 0 cellTracked: 0
tid: 0 Core@2700000: Retired blocks 252660. BROB head info: B149 STID0 BPC 0x1305e [TMA FALL] rdy:1  TLOAD, lb0:16, lb1:4, lb2:16 UINT32 DR, NORM.normal, UINT32, zero GMBase:0x19000 stride:64 -> T TileTag:0 generation:1 physValid:1 addr:0x0 regCat:0 accSrcCat:0 accDstCat:0 size:256 ready:0 isZero: 0 cellTracked: 0
tid: 1 Core@2700000: Retired blocks 252660. BROB head info: B94 STID1 BPC 0x1305e [TMA FALL] rdy:1  TLOAD, lb0:16, lb1:4, lb2:16 UINT32 DR, NORM.normal, UINT32, zero GMBase:0x19100 stride:64 -> T TileTag:0 generation:1 physValid:1 addr:0x0 regCat:0 accSrcCat:0 accDstCat:0 size:256 ready:0 isZero: 0 cellTracked: 0
tid: 2 Core@2700000: Retired blocks 252660. BROB head info: B30 STID2 BPC 0x1305e [TMA FALL] rdy:1  TLOAD, lb0:16, lb1:4, lb2:16 UINT32 DR, NORM.normal, UINT32, zero GMBase:0x19200 stride:64 -> T TileTag:0 generation:1 physValid:1 addr:0x0 regCat:0 accSrcCat:0 accDstCat:0 size:256 ready:0 isZero: 0 cellTracked: 0
tid: 3 Core@2700000: Retired blocks 252660. BROB head info: B227 STID3 BPC 0x1305e [TMA FALL] rdy:1  TLOAD, lb0:16, lb1:4, lb2:16 UINT32 DR, NORM.normal, UINT32, zero GMBase:0x19300 stride:64 -> T TileTag:0 generation:1 physValid:1 addr:0x0 regCat:0 accSrcCat:0 accDstCat:0 size:256 ready:0 isZero: 0 cellTracked: 0
tid: 0 Core@2800000: Retired blocks 252660. BROB head info: B149 STID0 BPC 0x1305e [TMA FALL] rdy:1  TLOAD, lb0:16, lb1:4, lb2:16 UINT32 DR, NORM.normal, UINT32, zero GMBase:0x19000 stride:64 -> T TileTag:0 generation:1 physValid:1 addr:0x0 regCat:0 accSrcCat:0 accDstCat:0 size:256 ready:0 isZero: 0 cellTracked: 0
tid: 1 Core@2800000: Retired blocks 252660. BROB head info: B94 STID1 BPC 0x1305e [TMA FALL] rdy:1  TLOAD, lb0:16, lb1:4, lb2:16 UINT32 DR, NORM.normal, UINT32, zero GMBase:0x19100 stride:64 -> T TileTag:0 generation:1 physValid:1 addr:0x0 regCat:0 accSrcCat:0 accDstCat:0 size:256 ready:0 isZero: 0 cellTracked: 0
tid: 2 Core@2800000: Retired blocks 252660. BROB head info: B30 STID2 BPC 0x1305e [TMA FALL] rdy:1  TLOAD, lb0:16, lb1:4, lb2:16 UINT32 DR, NORM.normal, UINT32, zero GMBase:0x19200 stride:64 -> T TileTag:0 generation:1 physValid:1 addr:0x0 regCat:0 accSrcCat:0 accDstCat:0 size:256 ready:0 isZero: 0 cellTracked: 0
tid: 3 Core@2800000: Retired blocks 252660. BROB head info: B227 STID3 BPC 0x1305e [TMA FALL] rdy:1  TLOAD, lb0:16, lb1:4, lb2:16 UINT32 DR, NORM.normal, UINT32, zero GMBase:0x19300 stride:64 -> T TileTag:0 generation:1 physValid:1 addr:0x0 regCat:0 accSrcCat:0 accDstCat:0 size:256 ready:0 isZero: 0 cellTracked: 0
tid: 0 Core@2900000: Retired blocks 252660. BROB head info: B149 STID0 BPC 0x1305e [TMA FALL] rdy:1  TLOAD, lb0:16, lb1:4, lb2:16 UINT32 DR, NORM.normal, UINT32, zero GMBase:0x19000 stride:64 -> T TileTag:0 generation:1 physValid:1 addr:0x0 regCat:0 accSrcCat:0 accDstCat:0 size:256 ready:0 isZero: 0 cellTracked: 0
tid: 1 Core@2900000: Retired blocks 252660. BROB head info: B94 STID1 BPC 0x1305e [TMA FALL] rdy:1  TLOAD, lb0:16, lb1:4, lb2:16 UINT32 DR, NORM.normal, UINT32, zero GMBase:0x19100 stride:64 -> T TileTag:0 generation:1 physValid:1 addr:0x0 regCat:0 accSrcCat:0 accDstCat:0 size:256 ready:0 isZero: 0 cellTracked: 0
tid: 2 Core@2900000: Retired blocks 252660. BROB head info: B30 STID2 BPC 0x1305e [TMA FALL] rdy:1  TLOAD, lb0:16, lb1:4, lb2:16 UINT32 DR, NORM.normal, UINT32, zero GMBase:0x19200 stride:64 -> T TileTag:0 generation:1 physValid:1 addr:0x0 regCat:0 accSrcCat:0 accDstCat:0 size:256 ready:0 isZero: 0 cellTracked: 0
tid: 3 Core@2900000: Retired blocks 252660. BROB head info: B227 STID3 BPC 0x1305e [TMA FALL] rdy:1  TLOAD, lb0:16, lb1:4, lb2:16 UINT32 DR, NORM.normal, UINT32, zero GMBase:0x19300 stride:64 -> T TileTag:0 generation:1 physValid:1 addr:0x0 regCat:0 accSrcCat:0 accDstCat:0 size:256 ready:0 isZero: 0 cellTracked: 0
tid: 0 Core@3000000: Retired blocks 252660. BROB head info: B149 STID0 BPC 0x1305e [TMA FALL] rdy:1  TLOAD, lb0:16, lb1:4, lb2:16 UINT32 DR, NORM.normal, UINT32, zero GMBase:0x19000 stride:64 -> T TileTag:0 generation:1 physValid:1 addr:0x0 regCat:0 accSrcCat:0 accDstCat:0 size:256 ready:0 isZero: 0 cellTracked: 0
tid: 1 Core@3000000: Retired blocks 252660. BROB head info: B94 STID1 BPC 0x1305e [TMA FALL] rdy:1  TLOAD, lb0:16, lb1:4, lb2:16 UINT32 DR, NORM.normal, UINT32, zero GMBase:0x19100 stride:64 -> T TileTag:0 generation:1 physValid:1 addr:0x0 regCat:0 accSrcCat:0 accDstCat:0 size:256 ready:0 isZero: 0 cellTracked: 0
tid: 2 Core@3000000: Retired blocks 252660. BROB head info: B30 STID2 BPC 0x1305e [TMA FALL] rdy:1  TLOAD, lb0:16, lb1:4, lb2:16 UINT32 DR, NORM.normal, UINT32, zero GMBase:0x19200 stride:64 -> T TileTag:0 generation:1 physValid:1 addr:0x0 regCat:0 accSrcCat:0 accDstCat:0 size:256 ready:0 isZero: 0 cellTracked: 0
tid: 3 Core@3000000: Retired blocks 252660. BROB head info: B227 STID3 BPC 0x1305e [TMA FALL] rdy:1  TLOAD, lb0:16, lb1:4, lb2:16 UINT32 DR, NORM.normal, UINT32, zero GMBase:0x19300 stride:64 -> T TileTag:0 generation:1 physValid:1 addr:0x0 regCat:0 accSrcCat:0 accDstCat:0 size:256 ready:0 isZero: 0 cellTracked: 0
tid: 0 Core@3100000: Retired blocks 252660. BROB head info: B149 STID0 BPC 0x1305e [TMA FALL] rdy:1  TLOAD, lb0:16, lb1:4, lb2:16 UINT32 DR, NORM.normal, UINT32, zero GMBase:0x19000 stride:64 -> T TileTag:0 generation:1 physValid:1 addr:0x0 regCat:0 accSrcCat:0 accDstCat:0 size:256 ready:0 isZero: 0 cellTracked: 0
tid: 1 Core@3100000: Retired blocks 252660. BROB head info: B94 STID1 BPC 0x1305e [TMA FALL] rdy:1  TLOAD, lb0:16, lb1:4, lb2:16 UINT32 DR, NORM.normal, UINT32, zero GMBase:0x19100 stride:64 -> T TileTag:0 generation:1 physValid:1 addr:0x0 regCat:0 accSrcCat:0 accDstCat:0 size:256 ready:0 isZero: 0 cellTracked: 0
tid: 2 Core@3100000: Retired blocks 252660. BROB head info: B30 STID2 BPC 0x1305e [TMA FALL] rdy:1  TLOAD, lb0:16, lb1:4, lb2:16 UINT32 DR, NORM.normal, UINT32, zero GMBase:0x19200 stride:64 -> T TileTag:0 generation:1 physValid:1 addr:0x0 regCat:0 accSrcCat:0 accDstCat:0 size:256 ready:0 isZero: 0 cellTracked: 0
tid: 3 Core@3100000: Retired blocks 252660. BROB head info: B227 STID3 BPC 0x1305e [TMA FALL] rdy:1  TLOAD, lb0:16, lb1:4, lb2:16 UINT32 DR, NORM.normal, UINT32, zero GMBase:0x19300 stride:64 -> T TileTag:0 generation:1 physValid:1 addr:0x0 regCat:0 accSrcCat:0 accDstCat:0 size:256 ready:0 isZero: 0 cellTracked: 0
tid: 0 Core@3200000: Retired blocks 252660. BROB head info: B149 STID0 BPC 0x1305e [TMA FALL] rdy:1  TLOAD, lb0:16, lb1:4, lb2:16 UINT32 DR, NORM.normal, UINT32, zero GMBase:0x19000 stride:64 -> T TileTag:0 generation:1 physValid:1 addr:0x0 regCat:0 accSrcCat:0 accDstCat:0 size:256 ready:0 isZero: 0 cellTracked: 0
tid: 1 Core@3200000: Retired blocks 252660. BROB head info: B94 STID1 BPC 0x1305e [TMA FALL] rdy:1  TLOAD, lb0:16, lb1:4, lb2:16 UINT32 DR, NORM.normal, UINT32, zero GMBase:0x19100 stride:64 -> T TileTag:0 generation:1 physValid:1 addr:0x0 regCat:0 accSrcCat:0 accDstCat:0 size:256 ready:0 isZero: 0 cellTracked: 0
tid: 2 Core@3200000: Retired blocks 252660. BROB head info: B30 STID2 BPC 0x1305e [TMA FALL] rdy:1  TLOAD, lb0:16, lb1:4, lb2:16 UINT32 DR, NORM.normal, UINT32, zero GMBase:0x19200 stride:64 -> T TileTag:0 generation:1 physValid:1 addr:0x0 regCat:0 accSrcCat:0 accDstCat:0 size:256 ready:0 isZero: 0 cellTracked: 0
tid: 3 Core@3200000: Retired blocks 252660. BROB head info: B227 STID3 BPC 0x1305e [TMA FALL] rdy:1  TLOAD, lb0:16, lb1:4, lb2:16 UINT32 DR, NORM.normal, UINT32, zero GMBase:0x19300 stride:64 -> T TileTag:0 generation:1 physValid:1 addr:0x0 regCat:0 accSrcCat:0 accDstCat:0 size:256 ready:0 isZero: 0 cellTracked: 0
tid: 0 Core@3300000: Retired blocks 252660. BROB head info: B149 STID0 BPC 0x1305e [TMA FALL] rdy:1  TLOAD, lb0:16, lb1:4, lb2:16 UINT32 DR, NORM.normal, UINT32, zero GMBase:0x19000 stride:64 -> T TileTag:0 generation:1 physValid:1 addr:0x0 regCat:0 accSrcCat:0 accDstCat:0 size:256 ready:0 isZero: 0 cellTracked: 0
tid: 1 Core@3300000: Retired blocks 252660. BROB head info: B94 STID1 BPC 0x1305e [TMA FALL] rdy:1  TLOAD, lb0:16, lb1:4, lb2:16 UINT32 DR, NORM.normal, UINT32, zero GMBase:0x19100 stride:64 -> T TileTag:0 generation:1 physValid:1 addr:0x0 regCat:0 accSrcCat:0 accDstCat:0 size:256 ready:0 isZero: 0 cellTracked: 0
tid: 2 Core@3300000: Retired blocks 252660. BROB head info: B30 STID2 BPC 0x1305e [TMA FALL] rdy:1  TLOAD, lb0:16, lb1:4, lb2:16 UINT32 DR, NORM.normal, UINT32, zero GMBase:0x19200 stride:64 -> T TileTag:0 generation:1 physValid:1 addr:0x0 regCat:0 accSrcCat:0 accDstCat:0 size:256 ready:0 isZero: 0 cellTracked: 0
tid: 3 Core@3300000: Retired blocks 252660. BROB head info: B227 STID3 BPC 0x1305e [TMA FALL] rdy:1  TLOAD, lb0:16, lb1:4, lb2:16 UINT32 DR, NORM.normal, UINT32, zero GMBase:0x19300 stride:64 -> T TileTag:0 generation:1 physValid:1 addr:0x0 regCat:0 accSrcCat:0 accDstCat:0 size:256 ready:0 isZero: 0 cellTracked: 0
tid: 0 Core@3400000: Retired blocks 252660. BROB head info: B149 STID0 BPC 0x1305e [TMA FALL] rdy:1  TLOAD, lb0:16, lb1:4, lb2:16 UINT32 DR, NORM.normal, UINT32, zero GMBase:0x19000 stride:64 -> T TileTag:0 generation:1 physValid:1 addr:0x0 regCat:0 accSrcCat:0 accDstCat:0 size:256 ready:0 isZero: 0 cellTracked: 0
tid: 1 Core@3400000: Retired blocks 252660. BROB head info: B94 STID1 BPC 0x1305e [TMA FALL] rdy:1  TLOAD, lb0:16, lb1:4, lb2:16 UINT32 DR, NORM.normal, UINT32, zero GMBase:0x19100 stride:64 -> T TileTag:0 generation:1 physValid:1 addr:0x0 regCat:0 accSrcCat:0 accDstCat:0 size:256 ready:0 isZero: 0 cellTracked: 0
tid: 2 Core@3400000: Retired blocks 252660. BROB head info: B30 STID2 BPC 0x1305e [TMA FALL] rdy:1  TLOAD, lb0:16, lb1:4, lb2:16 UINT32 DR, NORM.normal, UINT32, zero GMBase:0x19200 stride:64 -> T TileTag:0 generation:1 physValid:1 addr:0x0 regCat:0 accSrcCat:0 accDstCat:0 size:256 ready:0 isZero: 0 cellTracked: 0
tid: 3 Core@3400000: Retired blocks 252660. BROB head info: B227 STID3 BPC 0x1305e [TMA FALL] rdy:1  TLOAD, lb0:16, lb1:4, lb2:16 UINT32 DR, NORM.normal, UINT32, zero GMBase:0x19300 stride:64 -> T TileTag:0 generation:1 physValid:1 addr:0x0 regCat:0 accSrcCat:0 accDstCat:0 size:256 ready:0 isZero: 0 cellTracked: 0
tid: 0 Core@3500000: Retired blocks 252660. BROB head info: B149 STID0 BPC 0x1305e [TMA FALL] rdy:1  TLOAD, lb0:16, lb1:4, lb2:16 UINT32 DR, NORM.normal, UINT32, zero GMBase:0x19000 stride:64 -> T TileTag:0 generation:1 physValid:1 addr:0x0 regCat:0 accSrcCat:0 accDstCat:0 size:256 ready:0 isZero: 0 cellTracked: 0
tid: 1 Core@3500000: Retired blocks 252660. BROB head info: B94 STID1 BPC 0x1305e [TMA FALL] rdy:1  TLOAD, lb0:16, lb1:4, lb2:16 UINT32 DR, NORM.normal, UINT32, zero GMBase:0x19100 stride:64 -> T TileTag:0 generation:1 physValid:1 addr:0x0 regCat:0 accSrcCat:0 accDstCat:0 size:256 ready:0 isZero: 0 cellTracked: 0
tid: 2 Core@3500000: Retired blocks 252660. BROB head info: B30 STID2 BPC 0x1305e [TMA FALL] rdy:1  TLOAD, lb0:16, lb1:4, lb2:16 UINT32 DR, NORM.normal, UINT32, zero GMBase:0x19200 stride:64 -> T TileTag:0 generation:1 physValid:1 addr:0x0 regCat:0 accSrcCat:0 accDstCat:0 size:256 ready:0 isZero: 0 cellTracked: 0
tid: 3 Core@3500000: Retired blocks 252660. BROB head info: B227 STID3 BPC 0x1305e [TMA FALL] rdy:1  TLOAD, lb0:16, lb1:4, lb2:16 UINT32 DR, NORM.normal, UINT32, zero GMBase:0x19300 stride:64 -> T TileTag:0 generation:1 physValid:1 addr:0x0 regCat:0 accSrcCat:0 accDstCat:0 size:256 ready:0 isZero: 0 cellTracked: 0
tid: 0 Core@3600000: Retired blocks 252660. BROB head info: B149 STID0 BPC 0x1305e [TMA FALL] rdy:1  TLOAD, lb0:16, lb1:4, lb2:16 UINT32 DR, NORM.normal, UINT32, zero GMBase:0x19000 stride:64 -> T TileTag:0 generation:1 physValid:1 addr:0x0 regCat:0 accSrcCat:0 accDstCat:0 size:256 ready:0 isZero: 0 cellTracked: 0
tid: 1 Core@3600000: Retired blocks 252660. BROB head info: B94 STID1 BPC 0x1305e [TMA FALL] rdy:1  TLOAD, lb0:16, lb1:4, lb2:16 UINT32 DR, NORM.normal, UINT32, zero GMBase:0x19100 stride:64 -> T TileTag:0 generation:1 physValid:1 addr:0x0 regCat:0 accSrcCat:0 accDstCat:0 size:256 ready:0 isZero: 0 cellTracked: 0
tid: 2 Core@3600000: Retired blocks 252660. BROB head info: B30 STID2 BPC 0x1305e [TMA FALL] rdy:1  TLOAD, lb0:16, lb1:4, lb2:16 UINT32 DR, NORM.normal, UINT32, zero GMBase:0x19200 stride:64 -> T TileTag:0 generation:1 physValid:1 addr:0x0 regCat:0 accSrcCat:0 accDstCat:0 size:256 ready:0 isZero: 0 cellTracked: 0
tid: 3 Core@3600000: Retired blocks 252660. BROB head info: B227 STID3 BPC 0x1305e [TMA FALL] rdy:1  TLOAD, lb0:16, lb1:4, lb2:16 UINT32 DR, NORM.normal, UINT32, zero GMBase:0x19300 stride:64 -> T TileTag:0 generation:1 physValid:1 addr:0x0 regCat:0 accSrcCat:0 accDstCat:0 size:256 ready:0 isZero: 0 cellTracked: 0
tid: 0 Core@3700000: Retired blocks 252660. BROB head info: B149 STID0 BPC 0x1305e [TMA FALL] rdy:1  TLOAD, lb0:16, lb1:4, lb2:16 UINT32 DR, NORM.normal, UINT32, zero GMBase:0x19000 stride:64 -> T TileTag:0 generation:1 physValid:1 addr:0x0 regCat:0 accSrcCat:0 accDstCat:0 size:256 ready:0 isZero: 0 cellTracked: 0
tid: 1 Core@3700000: Retired blocks 252660. BROB head info: B94 STID1 BPC 0x1305e [TMA FALL] rdy:1  TLOAD, lb0:16, lb1:4, lb2:16 UINT32 DR, NORM.normal, UINT32, zero GMBase:0x19100 stride:64 -> T TileTag:0 generation:1 physValid:1 addr:0x0 regCat:0 accSrcCat:0 accDstCat:0 size:256 ready:0 isZero: 0 cellTracked: 0
tid: 2 Core@3700000: Retired blocks 252660. BROB head info: B30 STID2 BPC 0x1305e [TMA FALL] rdy:1  TLOAD, lb0:16, lb1:4, lb2:16 UINT32 DR, NORM.normal, UINT32, zero GMBase:0x19200 stride:64 -> T TileTag:0 generation:1 physValid:1 addr:0x0 regCat:0 accSrcCat:0 accDstCat:0 size:256 ready:0 isZero: 0 cellTracked: 0
tid: 3 Core@3700000: Retired blocks 252660. BROB head info: B227 STID3 BPC 0x1305e [TMA FALL] rdy:1  TLOAD, lb0:16, lb1:4, lb2:16 UINT32 DR, NORM.normal, UINT32, zero GMBase:0x19300 stride:64 -> T TileTag:0 generation:1 physValid:1 addr:0x0 regCat:0 accSrcCat:0 accDstCat:0 size:256 ready:0 isZero: 0 cellTracked: 0
tid: 0 Core@3800000: Retired blocks 252660. BROB head info: B149 STID0 BPC 0x1305e [TMA FALL] rdy:1  TLOAD, lb0:16, lb1:4, lb2:16 UINT32 DR, NORM.normal, UINT32, zero GMBase:0x19000 stride:64 -> T TileTag:0 generation:1 physValid:1 addr:0x0 regCat:0 accSrcCat:0 accDstCat:0 size:256 ready:0 isZero: 0 cellTracked: 0
tid: 1 Core@3800000: Retired blocks 252660. BROB head info: B94 STID1 BPC 0x1305e [TMA FALL] rdy:1  TLOAD, lb0:16, lb1:4, lb2:16 UINT32 DR, NORM.normal, UINT32, zero GMBase:0x19100 stride:64 -> T TileTag:0 generation:1 physValid:1 addr:0x0 regCat:0 accSrcCat:0 accDstCat:0 size:256 ready:0 isZero: 0 cellTracked: 0
tid: 2 Core@3800000: Retired blocks 252660. BROB head info: B30 STID2 BPC 0x1305e [TMA FALL] rdy:1  TLOAD, lb0:16, lb1:4, lb2:16 UINT32 DR, NORM.normal, UINT32, zero GMBase:0x19200 stride:64 -> T TileTag:0 generation:1 physValid:1 addr:0x0 regCat:0 accSrcCat:0 accDstCat:0 size:256 ready:0 isZero: 0 cellTracked: 0
tid: 3 Core@3800000: Retired blocks 252660. BROB head info: B227 STID3 BPC 0x1305e [TMA FALL] rdy:1  TLOAD, lb0:16, lb1:4, lb2:16 UINT32 DR, NORM.normal, UINT32, zero GMBase:0x19300 stride:64 -> T TileTag:0 generation:1 physValid:1 addr:0x0 regCat:0 accSrcCat:0 accDstCat:0 size:256 ready:0 isZero: 0 cellTracked: 0
tid: 0 Core@3900000: Retired blocks 252660. BROB head info: B149 STID0 BPC 0x1305e [TMA FALL] rdy:1  TLOAD, lb0:16, lb1:4, lb2:16 UINT32 DR, NORM.normal, UINT32, zero GMBase:0x19000 stride:64 -> T TileTag:0 generation:1 physValid:1 addr:0x0 regCat:0 accSrcCat:0 accDstCat:0 size:256 ready:0 isZero: 0 cellTracked: 0
tid: 1 Core@3900000: Retired blocks 252660. BROB head info: B94 STID1 BPC 0x1305e [TMA FALL] rdy:1  TLOAD, lb0:16, lb1:4, lb2:16 UINT32 DR, NORM.normal, UINT32, zero GMBase:0x19100 stride:64 -> T TileTag:0 generation:1 physValid:1 addr:0x0 regCat:0 accSrcCat:0 accDstCat:0 size:256 ready:0 isZero: 0 cellTracked: 0
tid: 2 Core@3900000: Retired blocks 252660. BROB head info: B30 STID2 BPC 0x1305e [TMA FALL] rdy:1  TLOAD, lb0:16, lb1:4, lb2:16 UINT32 DR, NORM.normal, UINT32, zero GMBase:0x19200 stride:64 -> T TileTag:0 generation:1 physValid:1 addr:0x0 regCat:0 accSrcCat:0 accDstCat:0 size:256 ready:0 isZero: 0 cellTracked: 0
tid: 3 Core@3900000: Retired blocks 252660. BROB head info: B227 STID3 BPC 0x1305e [TMA FALL] rdy:1  TLOAD, lb0:16, lb1:4, lb2:16 UINT32 DR, NORM.normal, UINT32, zero GMBase:0x19300 stride:64 -> T TileTag:0 generation:1 physValid:1 addr:0x0 regCat:0 accSrcCat:0 accDstCat:0 size:256 ready:0 isZero: 0 cellTracked: 0
tid: 0 Core@4000000: Retired blocks 252660. BROB head info: B149 STID0 BPC 0x1305e [TMA FALL] rdy:1  TLOAD, lb0:16, lb1:4, lb2:16 UINT32 DR, NORM.normal, UINT32, zero GMBase:0x19000 stride:64 -> T TileTag:0 generation:1 physValid:1 addr:0x0 regCat:0 accSrcCat:0 accDstCat:0 size:256 ready:0 isZero: 0 cellTracked: 0
tid: 1 Core@4000000: Retired blocks 252660. BROB head info: B94 STID1 BPC 0x1305e [TMA FALL] rdy:1  TLOAD, lb0:16, lb1:4, lb2:16 UINT32 DR, NORM.normal, UINT32, zero GMBase:0x19100 stride:64 -> T TileTag:0 generation:1 physValid:1 addr:0x0 regCat:0 accSrcCat:0 accDstCat:0 size:256 ready:0 isZero: 0 cellTracked: 0
tid: 2 Core@4000000: Retired blocks 252660. BROB head info: B30 STID2 BPC 0x1305e [TMA FALL] rdy:1  TLOAD, lb0:16, lb1:4, lb2:16 UINT32 DR, NORM.normal, UINT32, zero GMBase:0x19200 stride:64 -> T TileTag:0 generation:1 physValid:1 addr:0x0 regCat:0 accSrcCat:0 accDstCat:0 size:256 ready:0 isZero: 0 cellTracked: 0
tid: 3 Core@4000000: Retired blocks 252660. BROB head info: B227 STID3 BPC 0x1305e [TMA FALL] rdy:1  TLOAD, lb0:16, lb1:4, lb2:16 UINT32 DR, NORM.normal, UINT32, zero GMBase:0x19300 stride:64 -> T TileTag:0 generation:1 physValid:1 addr:0x0 regCat:0 accSrcCat:0 accDstCat:0 size:256 ready:0 isZero: 0 cellTracked: 0
tid: 0 Core@4100000: Retired blocks 252660. BROB head info: B149 STID0 BPC 0x1305e [TMA FALL] rdy:1  TLOAD, lb0:16, lb1:4, lb2:16 UINT32 DR, NORM.normal, UINT32, zero GMBase:0x19000 stride:64 -> T TileTag:0 generation:1 physValid:1 addr:0x0 regCat:0 accSrcCat:0 accDstCat:0 size:256 ready:0 isZero: 0 cellTracked: 0
tid: 1 Core@4100000: Retired blocks 252660. BROB head info: B94 STID1 BPC 0x1305e [TMA FALL] rdy:1  TLOAD, lb0:16, lb1:4, lb2:16 UINT32 DR, NORM.normal, UINT32, zero GMBase:0x19100 stride:64 -> T TileTag:0 generation:1 physValid:1 addr:0x0 regCat:0 accSrcCat:0 accDstCat:0 size:256 ready:0 isZero: 0 cellTracked: 0
tid: 2 Core@4100000: Retired blocks 252660. BROB head info: B30 STID2 BPC 0x1305e [TMA FALL] rdy:1  TLOAD, lb0:16, lb1:4, lb2:16 UINT32 DR, NORM.normal, UINT32, zero GMBase:0x19200 stride:64 -> T TileTag:0 generation:1 physValid:1 addr:0x0 regCat:0 accSrcCat:0 accDstCat:0 size:256 ready:0 isZero: 0 cellTracked: 0
tid: 3 Core@4100000: Retired blocks 252660. BROB head info: B227 STID3 BPC 0x1305e [TMA FALL] rdy:1  TLOAD, lb0:16, lb1:4, lb2:16 UINT32 DR, NORM.normal, UINT32, zero GMBase:0x19300 stride:64 -> T TileTag:0 generation:1 physValid:1 addr:0x0 regCat:0 accSrcCat:0 accDstCat:0 size:256 ready:0 isZero: 0 cellTracked: 0
tid: 0 Core@4200000: Retired blocks 252660. BROB head info: B149 STID0 BPC 0x1305e [TMA FALL] rdy:1  TLOAD, lb0:16, lb1:4, lb2:16 UINT32 DR, NORM.normal, UINT32, zero GMBase:0x19000 stride:64 -> T TileTag:0 generation:1 physValid:1 addr:0x0 regCat:0 accSrcCat:0 accDstCat:0 size:256 ready:0 isZero: 0 cellTracked: 0
tid: 1 Core@4200000: Retired blocks 252660. BROB head info: B94 STID1 BPC 0x1305e [TMA FALL] rdy:1  TLOAD, lb0:16, lb1:4, lb2:16 UINT32 DR, NORM.normal, UINT32, zero GMBase:0x19100 stride:64 -> T TileTag:0 generation:1 physValid:1 addr:0x0 regCat:0 accSrcCat:0 accDstCat:0 size:256 ready:0 isZero: 0 cellTracked: 0
tid: 2 Core@4200000: Retired blocks 252660. BROB head info: B30 STID2 BPC 0x1305e [TMA FALL] rdy:1  TLOAD, lb0:16, lb1:4, lb2:16 UINT32 DR, NORM.normal, UINT32, zero GMBase:0x19200 stride:64 -> T TileTag:0 generation:1 physValid:1 addr:0x0 regCat:0 accSrcCat:0 accDstCat:0 size:256 ready:0 isZero: 0 cellTracked: 0
tid: 3 Core@4200000: Retired blocks 252660. BROB head info: B227 STID3 BPC 0x1305e [TMA FALL] rdy:1  TLOAD, lb0:16, lb1:4, lb2:16 UINT32 DR, NORM.normal, UINT32, zero GMBase:0x19300 stride:64 -> T TileTag:0 generation:1 physValid:1 addr:0x0 regCat:0 accSrcCat:0 accDstCat:0 size:256 ready:0 isZero: 0 cellTracked: 0
tid: 0 Core@4300000: Retired blocks 252660. BROB head info: B149 STID0 BPC 0x1305e [TMA FALL] rdy:1  TLOAD, lb0:16, lb1:4, lb2:16 UINT32 DR, NORM.normal, UINT32, zero GMBase:0x19000 stride:64 -> T TileTag:0 generation:1 physValid:1 addr:0x0 regCat:0 accSrcCat:0 accDstCat:0 size:256 ready:0 isZero: 0 cellTracked: 0
tid: 1 Core@4300000: Retired blocks 252660. BROB head info: B94 STID1 BPC 0x1305e [TMA FALL] rdy:1  TLOAD, lb0:16, lb1:4, lb2:16 UINT32 DR, NORM.normal, UINT32, zero GMBase:0x19100 stride:64 -> T TileTag:0 generation:1 physValid:1 addr:0x0 regCat:0 accSrcCat:0 accDstCat:0 size:256 ready:0 isZero: 0 cellTracked: 0
tid: 2 Core@4300000: Retired blocks 252660. BROB head info: B30 STID2 BPC 0x1305e [TMA FALL] rdy:1  TLOAD, lb0:16, lb1:4, lb2:16 UINT32 DR, NORM.normal, UINT32, zero GMBase:0x19200 stride:64 -> T TileTag:0 generation:1 physValid:1 addr:0x0 regCat:0 accSrcCat:0 accDstCat:0 size:256 ready:0 isZero: 0 cellTracked: 0
tid: 3 Core@4300000: Retired blocks 252660. BROB head info: B227 STID3 BPC 0x1305e [TMA FALL] rdy:1  TLOAD, lb0:16, lb1:4, lb2:16 UINT32 DR, NORM.normal, UINT32, zero GMBase:0x19300 stride:64 -> T TileTag:0 generation:1 physValid:1 addr:0x0 regCat:0 accSrcCat:0 accDstCat:0 size:256 ready:0 isZero: 0 cellTracked: 0
tid: 0 Core@4400000: Retired blocks 252660. BROB head info: B149 STID0 BPC 0x1305e [TMA FALL] rdy:1  TLOAD, lb0:16, lb1:4, lb2:16 UINT32 DR, NORM.normal, UINT32, zero GMBase:0x19000 stride:64 -> T TileTag:0 generation:1 physValid:1 addr:0x0 regCat:0 accSrcCat:0 accDstCat:0 size:256 ready:0 isZero: 0 cellTracked: 0
tid: 1 Core@4400000: Retired blocks 252660. BROB head info: B94 STID1 BPC 0x1305e [TMA FALL] rdy:1  TLOAD, lb0:16, lb1:4, lb2:16 UINT32 DR, NORM.normal, UINT32, zero GMBase:0x19100 stride:64 -> T TileTag:0 generation:1 physValid:1 addr:0x0 regCat:0 accSrcCat:0 accDstCat:0 size:256 ready:0 isZero: 0 cellTracked: 0
tid: 2 Core@4400000: Retired blocks 252660. BROB head info: B30 STID2 BPC 0x1305e [TMA FALL] rdy:1  TLOAD, lb0:16, lb1:4, lb2:16 UINT32 DR, NORM.normal, UINT32, zero GMBase:0x19200 stride:64 -> T TileTag:0 generation:1 physValid:1 addr:0x0 regCat:0 accSrcCat:0 accDstCat:0 size:256 ready:0 isZero: 0 cellTracked: 0
tid: 3 Core@4400000: Retired blocks 252660. BROB head info: B227 STID3 BPC 0x1305e [TMA FALL] rdy:1  TLOAD, lb0:16, lb1:4, lb2:16 UINT32 DR, NORM.normal, UINT32, zero GMBase:0x19300 stride:64 -> T TileTag:0 generation:1 physValid:1 addr:0x0 regCat:0 accSrcCat:0 accDstCat:0 size:256 ready:0 isZero: 0 cellTracked: 0
tid: 0 Core@4500000: Retired blocks 252660. BROB head info: B149 STID0 BPC 0x1305e [TMA FALL] rdy:1  TLOAD, lb0:16, lb1:4, lb2:16 UINT32 DR, NORM.normal, UINT32, zero GMBase:0x19000 stride:64 -> T TileTag:0 generation:1 physValid:1 addr:0x0 regCat:0 accSrcCat:0 accDstCat:0 size:256 ready:0 isZero: 0 cellTracked: 0
tid: 1 Core@4500000: Retired blocks 252660. BROB head info: B94 STID1 BPC 0x1305e [TMA FALL] rdy:1  TLOAD, lb0:16, lb1:4, lb2:16 UINT32 DR, NORM.normal, UINT32, zero GMBase:0x19100 stride:64 -> T TileTag:0 generation:1 physValid:1 addr:0x0 regCat:0 accSrcCat:0 accDstCat:0 size:256 ready:0 isZero: 0 cellTracked: 0
tid: 2 Core@4500000: Retired blocks 252660. BROB head info: B30 STID2 BPC 0x1305e [TMA FALL] rdy:1  TLOAD, lb0:16, lb1:4, lb2:16 UINT32 DR, NORM.normal, UINT32, zero GMBase:0x19200 stride:64 -> T TileTag:0 generation:1 physValid:1 addr:0x0 regCat:0 accSrcCat:0 accDstCat:0 size:256 ready:0 isZero: 0 cellTracked: 0
tid: 3 Core@4500000: Retired blocks 252660. BROB head info: B227 STID3 BPC 0x1305e [TMA FALL] rdy:1  TLOAD, lb0:16, lb1:4, lb2:16 UINT32 DR, NORM.normal, UINT32, zero GMBase:0x19300 stride:64 -> T TileTag:0 generation:1 physValid:1 addr:0x0 regCat:0 accSrcCat:0 accDstCat:0 size:256 ready:0 isZero: 0 cellTracked: 0
tid: 0 Core@4600000: Retired blocks 252660. BROB head info: B149 STID0 BPC 0x1305e [TMA FALL] rdy:1  TLOAD, lb0:16, lb1:4, lb2:16 UINT32 DR, NORM.normal, UINT32, zero GMBase:0x19000 stride:64 -> T TileTag:0 generation:1 physValid:1 addr:0x0 regCat:0 accSrcCat:0 accDstCat:0 size:256 ready:0 isZero: 0 cellTracked: 0
tid: 1 Core@4600000: Retired blocks 252660. BROB head info: B94 STID1 BPC 0x1305e [TMA FALL] rdy:1  TLOAD, lb0:16, lb1:4, lb2:16 UINT32 DR, NORM.normal, UINT32, zero GMBase:0x19100 stride:64 -> T TileTag:0 generation:1 physValid:1 addr:0x0 regCat:0 accSrcCat:0 accDstCat:0 size:256 ready:0 isZero: 0 cellTracked: 0
tid: 2 Core@4600000: Retired blocks 252660. BROB head info: B30 STID2 BPC 0x1305e [TMA FALL] rdy:1  TLOAD, lb0:16, lb1:4, lb2:16 UINT32 DR, NORM.normal, UINT32, zero GMBase:0x19200 stride:64 -> T TileTag:0 generation:1 physValid:1 addr:0x0 regCat:0 accSrcCat:0 accDstCat:0 size:256 ready:0 isZero: 0 cellTracked: 0
tid: 3 Core@4600000: Retired blocks 252660. BROB head info: B227 STID3 BPC 0x1305e [TMA FALL] rdy:1  TLOAD, lb0:16, lb1:4, lb2:16 UINT32 DR, NORM.normal, UINT32, zero GMBase:0x19300 stride:64 -> T TileTag:0 generation:1 physValid:1 addr:0x0 regCat:0 accSrcCat:0 accDstCat:0 size:256 ready:0 isZero: 0 cellTracked: 0
tid: 0 Core@4700000: Retired blocks 252660. BROB head info: B149 STID0 BPC 0x1305e [TMA FALL] rdy:1  TLOAD, lb0:16, lb1:4, lb2:16 UINT32 DR, NORM.normal, UINT32, zero GMBase:0x19000 stride:64 -> T TileTag:0 generation:1 physValid:1 addr:0x0 regCat:0 accSrcCat:0 accDstCat:0 size:256 ready:0 isZero: 0 cellTracked: 0
tid: 1 Core@4700000: Retired blocks 252660. BROB head info: B94 STID1 BPC 0x1305e [TMA FALL] rdy:1  TLOAD, lb0:16, lb1:4, lb2:16 UINT32 DR, NORM.normal, UINT32, zero GMBase:0x19100 stride:64 -> T TileTag:0 generation:1 physValid:1 addr:0x0 regCat:0 accSrcCat:0 accDstCat:0 size:256 ready:0 isZero: 0 cellTracked: 0
tid: 2 Core@4700000: Retired blocks 252660. BROB head info: B30 STID2 BPC 0x1305e [TMA FALL] rdy:1  TLOAD, lb0:16, lb1:4, lb2:16 UINT32 DR, NORM.normal, UINT32, zero GMBase:0x19200 stride:64 -> T TileTag:0 generation:1 physValid:1 addr:0x0 regCat:0 accSrcCat:0 accDstCat:0 size:256 ready:0 isZero: 0 cellTracked: 0
tid: 3 Core@4700000: Retired blocks 252660. BROB head info: B227 STID3 BPC 0x1305e [TMA FALL] rdy:1  TLOAD, lb0:16, lb1:4, lb2:16 UINT32 DR, NORM.normal, UINT32, zero GMBase:0x19300 stride:64 -> T TileTag:0 generation:1 physValid:1 addr:0x0 regCat:0 accSrcCat:0 accDstCat:0 size:256 ready:0 isZero: 0 cellTracked: 0
tid: 0 Core@4800000: Retired blocks 252660. BROB head info: B149 STID0 BPC 0x1305e [TMA FALL] rdy:1  TLOAD, lb0:16, lb1:4, lb2:16 UINT32 DR, NORM.normal, UINT32, zero GMBase:0x19000 stride:64 -> T TileTag:0 generation:1 physValid:1 addr:0x0 regCat:0 accSrcCat:0 accDstCat:0 size:256 ready:0 isZero: 0 cellTracked: 0
tid: 1 Core@4800000: Retired blocks 252660. BROB head info: B94 STID1 BPC 0x1305e [TMA FALL] rdy:1  TLOAD, lb0:16, lb1:4, lb2:16 UINT32 DR, NORM.normal, UINT32, zero GMBase:0x19100 stride:64 -> T TileTag:0 generation:1 physValid:1 addr:0x0 regCat:0 accSrcCat:0 accDstCat:0 size:256 ready:0 isZero: 0 cellTracked: 0
tid: 2 Core@4800000: Retired blocks 252660. BROB head info: B30 STID2 BPC 0x1305e [TMA FALL] rdy:1  TLOAD, lb0:16, lb1:4, lb2:16 UINT32 DR, NORM.normal, UINT32, zero GMBase:0x19200 stride:64 -> T TileTag:0 generation:1 physValid:1 addr:0x0 regCat:0 accSrcCat:0 accDstCat:0 size:256 ready:0 isZero: 0 cellTracked: 0
tid: 3 Core@4800000: Retired blocks 252660. BROB head info: B227 STID3 BPC 0x1305e [TMA FALL] rdy:1  TLOAD, lb0:16, lb1:4, lb2:16 UINT32 DR, NORM.normal, UINT32, zero GMBase:0x19300 stride:64 -> T TileTag:0 generation:1 physValid:1 addr:0x0 regCat:0 accSrcCat:0 accDstCat:0 size:256 ready:0 isZero: 0 cellTracked: 0
tid: 0 Core@4900000: Retired blocks 252660. BROB head info: B149 STID0 BPC 0x1305e [TMA FALL] rdy:1  TLOAD, lb0:16, lb1:4, lb2:16 UINT32 DR, NORM.normal, UINT32, zero GMBase:0x19000 stride:64 -> T TileTag:0 generation:1 physValid:1 addr:0x0 regCat:0 accSrcCat:0 accDstCat:0 size:256 ready:0 isZero: 0 cellTracked: 0
tid: 1 Core@4900000: Retired blocks 252660. BROB head info: B94 STID1 BPC 0x1305e [TMA FALL] rdy:1  TLOAD, lb0:16, lb1:4, lb2:16 UINT32 DR, NORM.normal, UINT32, zero GMBase:0x19100 stride:64 -> T TileTag:0 generation:1 physValid:1 addr:0x0 regCat:0 accSrcCat:0 accDstCat:0 size:256 ready:0 isZero: 0 cellTracked: 0
tid: 2 Core@4900000: Retired blocks 252660. BROB head info: B30 STID2 BPC 0x1305e [TMA FALL] rdy:1  TLOAD, lb0:16, lb1:4, lb2:16 UINT32 DR, NORM.normal, UINT32, zero GMBase:0x19200 stride:64 -> T TileTag:0 generation:1 physValid:1 addr:0x0 regCat:0 accSrcCat:0 accDstCat:0 size:256 ready:0 isZero: 0 cellTracked: 0
tid: 3 Core@4900000: Retired blocks 252660. BROB head info: B227 STID3 BPC 0x1305e [TMA FALL] rdy:1  TLOAD, lb0:16, lb1:4, lb2:16 UINT32 DR, NORM.normal, UINT32, zero GMBase:0x19300 stride:64 -> T TileTag:0 generation:1 physValid:1 addr:0x0 regCat:0 accSrcCat:0 accDstCat:0 size:256 ready:0 isZero: 0 cellTracked: 0
tid: 0 Core@5000000: Retired blocks 252660. BROB head info: B149 STID0 BPC 0x1305e [TMA FALL] rdy:1  TLOAD, lb0:16, lb1:4, lb2:16 UINT32 DR, NORM.normal, UINT32, zero GMBase:0x19000 stride:64 -> T TileTag:0 generation:1 physValid:1 addr:0x0 regCat:0 accSrcCat:0 accDstCat:0 size:256 ready:0 isZero: 0 cellTracked: 0
tid: 1 Core@5000000: Retired blocks 252660. BROB head info: B94 STID1 BPC 0x1305e [TMA FALL] rdy:1  TLOAD, lb0:16, lb1:4, lb2:16 UINT32 DR, NORM.normal, UINT32, zero GMBase:0x19100 stride:64 -> T TileTag:0 generation:1 physValid:1 addr:0x0 regCat:0 accSrcCat:0 accDstCat:0 size:256 ready:0 isZero: 0 cellTracked: 0
tid: 2 Core@5000000: Retired blocks 252660. BROB head info: B30 STID2 BPC 0x1305e [TMA FALL] rdy:1  TLOAD, lb0:16, lb1:4, lb2:16 UINT32 DR, NORM.normal, UINT32, zero GMBase:0x19200 stride:64 -> T TileTag:0 generation:1 physValid:1 addr:0x0 regCat:0 accSrcCat:0 accDstCat:0 size:256 ready:0 isZero: 0 cellTracked: 0
tid: 3 Core@5000000: Retired blocks 252660. BROB head info: B227 STID3 BPC 0x1305e [TMA FALL] rdy:1  TLOAD, lb0:16, lb1:4, lb2:16 UINT32 DR, NORM.normal, UINT32, zero GMBase:0x19300 stride:64 -> T TileTag:0 generation:1 physValid:1 addr:0x0 regCat:0 accSrcCat:0 accDstCat:0 size:256 ready:0 isZero: 0 cellTracked: 0
tid: 0 Core@5100000: Retired blocks 252660. BROB head info: B149 STID0 BPC 0x1305e [TMA FALL] rdy:1  TLOAD, lb0:16, lb1:4, lb2:16 UINT32 DR, NORM.normal, UINT32, zero GMBase:0x19000 stride:64 -> T TileTag:0 generation:1 physValid:1 addr:0x0 regCat:0 accSrcCat:0 accDstCat:0 size:256 ready:0 isZero: 0 cellTracked: 0
tid: 1 Core@5100000: Retired blocks 252660. BROB head info: B94 STID1 BPC 0x1305e [TMA FALL] rdy:1  TLOAD, lb0:16, lb1:4, lb2:16 UINT32 DR, NORM.normal, UINT32, zero GMBase:0x19100 stride:64 -> T TileTag:0 generation:1 physValid:1 addr:0x0 regCat:0 accSrcCat:0 accDstCat:0 size:256 ready:0 isZero: 0 cellTracked: 0
tid: 2 Core@5100000: Retired blocks 252660. BROB head info: B30 STID2 BPC 0x1305e [TMA FALL] rdy:1  TLOAD, lb0:16, lb1:4, lb2:16 UINT32 DR, NORM.normal, UINT32, zero GMBase:0x19200 stride:64 -> T TileTag:0 generation:1 physValid:1 addr:0x0 regCat:0 accSrcCat:0 accDstCat:0 size:256 ready:0 isZero: 0 cellTracked: 0
tid: 3 Core@5100000: Retired blocks 252660. BROB head info: B227 STID3 BPC 0x1305e [TMA FALL] rdy:1  TLOAD, lb0:16, lb1:4, lb2:16 UINT32 DR, NORM.normal, UINT32, zero GMBase:0x19300 stride:64 -> T TileTag:0 generation:1 physValid:1 addr:0x0 regCat:0 accSrcCat:0 accDstCat:0 size:256 ready:0 isZero: 0 cellTracked: 0
tid: 0 Core@5200000: Retired blocks 252660. BROB head info: B149 STID0 BPC 0x1305e [TMA FALL] rdy:1  TLOAD, lb0:16, lb1:4, lb2:16 UINT32 DR, NORM.normal, UINT32, zero GMBase:0x19000 stride:64 -> T TileTag:0 generation:1 physValid:1 addr:0x0 regCat:0 accSrcCat:0 accDstCat:0 size:256 ready:0 isZero: 0 cellTracked: 0
tid: 1 Core@5200000: Retired blocks 252660. BROB head info: B94 STID1 BPC 0x1305e [TMA FALL] rdy:1  TLOAD, lb0:16, lb1:4, lb2:16 UINT32 DR, NORM.normal, UINT32, zero GMBase:0x19100 stride:64 -> T TileTag:0 generation:1 physValid:1 addr:0x0 regCat:0 accSrcCat:0 accDstCat:0 size:256 ready:0 isZero: 0 cellTracked: 0
tid: 2 Core@5200000: Retired blocks 252660. BROB head info: B30 STID2 BPC 0x1305e [TMA FALL] rdy:1  TLOAD, lb0:16, lb1:4, lb2:16 UINT32 DR, NORM.normal, UINT32, zero GMBase:0x19200 stride:64 -> T TileTag:0 generation:1 physValid:1 addr:0x0 regCat:0 accSrcCat:0 accDstCat:0 size:256 ready:0 isZero: 0 cellTracked: 0
tid: 3 Core@5200000: Retired blocks 252660. BROB head info: B227 STID3 BPC 0x1305e [TMA FALL] rdy:1  TLOAD, lb0:16, lb1:4, lb2:16 UINT32 DR, NORM.normal, UINT32, zero GMBase:0x19300 stride:64 -> T TileTag:0 generation:1 physValid:1 addr:0x0 regCat:0 accSrcCat:0 accDstCat:0 size:256 ready:0 isZero: 0 cellTracked: 0
tid: 0 Core@5300000: Retired blocks 252660. BROB head info: B149 STID0 BPC 0x1305e [TMA FALL] rdy:1  TLOAD, lb0:16, lb1:4, lb2:16 UINT32 DR, NORM.normal, UINT32, zero GMBase:0x19000 stride:64 -> T TileTag:0 generation:1 physValid:1 addr:0x0 regCat:0 accSrcCat:0 accDstCat:0 size:256 ready:0 isZero: 0 cellTracked: 0
tid: 1 Core@5300000: Retired blocks 252660. BROB head info: B94 STID1 BPC 0x1305e [TMA FALL] rdy:1  TLOAD, lb0:16, lb1:4, lb2:16 UINT32 DR, NORM.normal, UINT32, zero GMBase:0x19100 stride:64 -> T TileTag:0 generation:1 physValid:1 addr:0x0 regCat:0 accSrcCat:0 accDstCat:0 size:256 ready:0 isZero: 0 cellTracked: 0
tid: 2 Core@5300000: Retired blocks 252660. BROB head info: B30 STID2 BPC 0x1305e [TMA FALL] rdy:1  TLOAD, lb0:16, lb1:4, lb2:16 UINT32 DR, NORM.normal, UINT32, zero GMBase:0x19200 stride:64 -> T TileTag:0 generation:1 physValid:1 addr:0x0 regCat:0 accSrcCat:0 accDstCat:0 size:256 ready:0 isZero: 0 cellTracked: 0
tid: 3 Core@5300000: Retired blocks 252660. BROB head info: B227 STID3 BPC 0x1305e [TMA FALL] rdy:1  TLOAD, lb0:16, lb1:4, lb2:16 UINT32 DR, NORM.normal, UINT32, zero GMBase:0x19300 stride:64 -> T TileTag:0 generation:1 physValid:1 addr:0x0 regCat:0 accSrcCat:0 accDstCat:0 size:256 ready:0 isZero: 0 cellTracked: 0
tid: 0 Core@5400000: Retired blocks 252660. BROB head info: B149 STID0 BPC 0x1305e [TMA FALL] rdy:1  TLOAD, lb0:16, lb1:4, lb2:16 UINT32 DR, NORM.normal, UINT32, zero GMBase:0x19000 stride:64 -> T TileTag:0 generation:1 physValid:1 addr:0x0 regCat:0 accSrcCat:0 accDstCat:0 size:256 ready:0 isZero: 0 cellTracked: 0
tid: 1 Core@5400000: Retired blocks 252660. BROB head info: B94 STID1 BPC 0x1305e [TMA FALL] rdy:1  TLOAD, lb0:16, lb1:4, lb2:16 UINT32 DR, NORM.normal, UINT32, zero GMBase:0x19100 stride:64 -> T TileTag:0 generation:1 physValid:1 addr:0x0 regCat:0 accSrcCat:0 accDstCat:0 size:256 ready:0 isZero: 0 cellTracked: 0
tid: 2 Core@5400000: Retired blocks 252660. BROB head info: B30 STID2 BPC 0x1305e [TMA FALL] rdy:1  TLOAD, lb0:16, lb1:4, lb2:16 UINT32 DR, NORM.normal, UINT32, zero GMBase:0x19200 stride:64 -> T TileTag:0 generation:1 physValid:1 addr:0x0 regCat:0 accSrcCat:0 accDstCat:0 size:256 ready:0 isZero: 0 cellTracked: 0
tid: 3 Core@5400000: Retired blocks 252660. BROB head info: B227 STID3 BPC 0x1305e [TMA FALL] rdy:1  TLOAD, lb0:16, lb1:4, lb2:16 UINT32 DR, NORM.normal, UINT32, zero GMBase:0x19300 stride:64 -> T TileTag:0 generation:1 physValid:1 addr:0x0 regCat:0 accSrcCat:0 accDstCat:0 size:256 ready:0 isZero: 0 cellTracked: 0
tid: 0 Core@5500000: Retired blocks 252660. BROB head info: B149 STID0 BPC 0x1305e [TMA FALL] rdy:1  TLOAD, lb0:16, lb1:4, lb2:16 UINT32 DR, NORM.normal, UINT32, zero GMBase:0x19000 stride:64 -> T TileTag:0 generation:1 physValid:1 addr:0x0 regCat:0 accSrcCat:0 accDstCat:0 size:256 ready:0 isZero: 0 cellTracked: 0
tid: 1 Core@5500000: Retired blocks 252660. BROB head info: B94 STID1 BPC 0x1305e [TMA FALL] rdy:1  TLOAD, lb0:16, lb1:4, lb2:16 UINT32 DR, NORM.normal, UINT32, zero GMBase:0x19100 stride:64 -> T TileTag:0 generation:1 physValid:1 addr:0x0 regCat:0 accSrcCat:0 accDstCat:0 size:256 ready:0 isZero: 0 cellTracked: 0
tid: 2 Core@5500000: Retired blocks 252660. BROB head info: B30 STID2 BPC 0x1305e [TMA FALL] rdy:1  TLOAD, lb0:16, lb1:4, lb2:16 UINT32 DR, NORM.normal, UINT32, zero GMBase:0x19200 stride:64 -> T TileTag:0 generation:1 physValid:1 addr:0x0 regCat:0 accSrcCat:0 accDstCat:0 size:256 ready:0 isZero: 0 cellTracked: 0
tid: 3 Core@5500000: Retired blocks 252660. BROB head info: B227 STID3 BPC 0x1305e [TMA FALL] rdy:1  TLOAD, lb0:16, lb1:4, lb2:16 UINT32 DR, NORM.normal, UINT32, zero GMBase:0x19300 stride:64 -> T TileTag:0 generation:1 physValid:1 addr:0x0 regCat:0 accSrcCat:0 accDstCat:0 size:256 ready:0 isZero: 0 cellTracked: 0
tid: 0 Core@5600000: Retired blocks 252660. BROB head info: B149 STID0 BPC 0x1305e [TMA FALL] rdy:1  TLOAD, lb0:16, lb1:4, lb2:16 UINT32 DR, NORM.normal, UINT32, zero GMBase:0x19000 stride:64 -> T TileTag:0 generation:1 physValid:1 addr:0x0 regCat:0 accSrcCat:0 accDstCat:0 size:256 ready:0 isZero: 0 cellTracked: 0
tid: 1 Core@5600000: Retired blocks 252660. BROB head info: B94 STID1 BPC 0x1305e [TMA FALL] rdy:1  TLOAD, lb0:16, lb1:4, lb2:16 UINT32 DR, NORM.normal, UINT32, zero GMBase:0x19100 stride:64 -> T TileTag:0 generation:1 physValid:1 addr:0x0 regCat:0 accSrcCat:0 accDstCat:0 size:256 ready:0 isZero: 0 cellTracked: 0
tid: 2 Core@5600000: Retired blocks 252660. BROB head info: B30 STID2 BPC 0x1305e [TMA FALL] rdy:1  TLOAD, lb0:16, lb1:4, lb2:16 UINT32 DR, NORM.normal, UINT32, zero GMBase:0x19200 stride:64 -> T TileTag:0 generation:1 physValid:1 addr:0x0 regCat:0 accSrcCat:0 accDstCat:0 size:256 ready:0 isZero: 0 cellTracked: 0
tid: 3 Core@5600000: Retired blocks 252660. BROB head info: B227 STID3 BPC 0x1305e [TMA FALL] rdy:1  TLOAD, lb0:16, lb1:4, lb2:16 UINT32 DR, NORM.normal, UINT32, zero GMBase:0x19300 stride:64 -> T TileTag:0 generation:1 physValid:1 addr:0x0 regCat:0 accSrcCat:0 accDstCat:0 size:256 ready:0 isZero: 0 cellTracked: 0
tid: 0 Core@5700000: Retired blocks 252660. BROB head info: B149 STID0 BPC 0x1305e [TMA FALL] rdy:1  TLOAD, lb0:16, lb1:4, lb2:16 UINT32 DR, NORM.normal, UINT32, zero GMBase:0x19000 stride:64 -> T TileTag:0 generation:1 physValid:1 addr:0x0 regCat:0 accSrcCat:0 accDstCat:0 size:256 ready:0 isZero: 0 cellTracked: 0
tid: 1 Core@5700000: Retired blocks 252660. BROB head info: B94 STID1 BPC 0x1305e [TMA FALL] rdy:1  TLOAD, lb0:16, lb1:4, lb2:16 UINT32 DR, NORM.normal, UINT32, zero GMBase:0x19100 stride:64 -> T TileTag:0 generation:1 physValid:1 addr:0x0 regCat:0 accSrcCat:0 accDstCat:0 size:256 ready:0 isZero: 0 cellTracked: 0
tid: 2 Core@5700000: Retired blocks 252660. BROB head info: B30 STID2 BPC 0x1305e [TMA FALL] rdy:1  TLOAD, lb0:16, lb1:4, lb2:16 UINT32 DR, NORM.normal, UINT32, zero GMBase:0x19200 stride:64 -> T TileTag:0 generation:1 physValid:1 addr:0x0 regCat:0 accSrcCat:0 accDstCat:0 size:256 ready:0 isZero: 0 cellTracked: 0
tid: 3 Core@5700000: Retired blocks 252660. BROB head info: B227 STID3 BPC 0x1305e [TMA FALL] rdy:1  TLOAD, lb0:16, lb1:4, lb2:16 UINT32 DR, NORM.normal, UINT32, zero GMBase:0x19300 stride:64 -> T TileTag:0 generation:1 physValid:1 addr:0x0 regCat:0 accSrcCat:0 accDstCat:0 size:256 ready:0 isZero: 0 cellTracked: 0
tid: 0 Core@5800000: Retired blocks 252660. BROB head info: B149 STID0 BPC 0x1305e [TMA FALL] rdy:1  TLOAD, lb0:16, lb1:4, lb2:16 UINT32 DR, NORM.normal, UINT32, zero GMBase:0x19000 stride:64 -> T TileTag:0 generation:1 physValid:1 addr:0x0 regCat:0 accSrcCat:0 accDstCat:0 size:256 ready:0 isZero: 0 cellTracked: 0
tid: 1 Core@5800000: Retired blocks 252660. BROB head info: B94 STID1 BPC 0x1305e [TMA FALL] rdy:1  TLOAD, lb0:16, lb1:4, lb2:16 UINT32 DR, NORM.normal, UINT32, zero GMBase:0x19100 stride:64 -> T TileTag:0 generation:1 physValid:1 addr:0x0 regCat:0 accSrcCat:0 accDstCat:0 size:256 ready:0 isZero: 0 cellTracked: 0
tid: 2 Core@5800000: Retired blocks 252660. BROB head info: B30 STID2 BPC 0x1305e [TMA FALL] rdy:1  TLOAD, lb0:16, lb1:4, lb2:16 UINT32 DR, NORM.normal, UINT32, zero GMBase:0x19200 stride:64 -> T TileTag:0 generation:1 physValid:1 addr:0x0 regCat:0 accSrcCat:0 accDstCat:0 size:256 ready:0 isZero: 0 cellTracked: 0
tid: 3 Core@5800000: Retired blocks 252660. BROB head info: B227 STID3 BPC 0x1305e [TMA FALL] rdy:1  TLOAD, lb0:16, lb1:4, lb2:16 UINT32 DR, NORM.normal, UINT32, zero GMBase:0x19300 stride:64 -> T TileTag:0 generation:1 physValid:1 addr:0x0 regCat:0 accSrcCat:0 accDstCat:0 size:256 ready:0 isZero: 0 cellTracked: 0
tid: 0 Core@5900000: Retired blocks 252660. BROB head info: B149 STID0 BPC 0x1305e [TMA FALL] rdy:1  TLOAD, lb0:16, lb1:4, lb2:16 UINT32 DR, NORM.normal, UINT32, zero GMBase:0x19000 stride:64 -> T TileTag:0 generation:1 physValid:1 addr:0x0 regCat:0 accSrcCat:0 accDstCat:0 size:256 ready:0 isZero: 0 cellTracked: 0
tid: 1 Core@5900000: Retired blocks 252660. BROB head info: B94 STID1 BPC 0x1305e [TMA FALL] rdy:1  TLOAD, lb0:16, lb1:4, lb2:16 UINT32 DR, NORM.normal, UINT32, zero GMBase:0x19100 stride:64 -> T TileTag:0 generation:1 physValid:1 addr:0x0 regCat:0 accSrcCat:0 accDstCat:0 size:256 ready:0 isZero: 0 cellTracked: 0
tid: 2 Core@5900000: Retired blocks 252660. BROB head info: B30 STID2 BPC 0x1305e [TMA FALL] rdy:1  TLOAD, lb0:16, lb1:4, lb2:16 UINT32 DR, NORM.normal, UINT32, zero GMBase:0x19200 stride:64 -> T TileTag:0 generation:1 physValid:1 addr:0x0 regCat:0 accSrcCat:0 accDstCat:0 size:256 ready:0 isZero: 0 cellTracked: 0
tid: 3 Core@5900000: Retired blocks 252660. BROB head info: B227 STID3 BPC 0x1305e [TMA FALL] rdy:1  TLOAD, lb0:16, lb1:4, lb2:16 UINT32 DR, NORM.normal, UINT32, zero GMBase:0x19300 stride:64 -> T TileTag:0 generation:1 physValid:1 addr:0x0 regCat:0 accSrcCat:0 accDstCat:0 size:256 ready:0 isZero: 0 cellTracked: 0
tid: 0 Core@6000000: Retired blocks 252660. BROB head info: B149 STID0 BPC 0x1305e [TMA FALL] rdy:1  TLOAD, lb0:16, lb1:4, lb2:16 UINT32 DR, NORM.normal, UINT32, zero GMBase:0x19000 stride:64 -> T TileTag:0 generation:1 physValid:1 addr:0x0 regCat:0 accSrcCat:0 accDstCat:0 size:256 ready:0 isZero: 0 cellTracked: 0
tid: 1 Core@6000000: Retired blocks 252660. BROB head info: B94 STID1 BPC 0x1305e [TMA FALL] rdy:1  TLOAD, lb0:16, lb1:4, lb2:16 UINT32 DR, NORM.normal, UINT32, zero GMBase:0x19100 stride:64 -> T TileTag:0 generation:1 physValid:1 addr:0x0 regCat:0 accSrcCat:0 accDstCat:0 size:256 ready:0 isZero: 0 cellTracked: 0
tid: 2 Core@6000000: Retired blocks 252660. BROB head info: B30 STID2 BPC 0x1305e [TMA FALL] rdy:1  TLOAD, lb0:16, lb1:4, lb2:16 UINT32 DR, NORM.normal, UINT32, zero GMBase:0x19200 stride:64 -> T TileTag:0 generation:1 physValid:1 addr:0x0 regCat:0 accSrcCat:0 accDstCat:0 size:256 ready:0 isZero: 0 cellTracked: 0
tid: 3 Core@6000000: Retired blocks 252660. BROB head info: B227 STID3 BPC 0x1305e [TMA FALL] rdy:1  TLOAD, lb0:16, lb1:4, lb2:16 UINT32 DR, NORM.normal, UINT32, zero GMBase:0x19300 stride:64 -> T TileTag:0 generation:1 physValid:1 addr:0x0 regCat:0 accSrcCat:0 accDstCat:0 size:256 ready:0 isZero: 0 cellTracked: 0
tid: 0 Core@6100000: Retired blocks 252660. BROB head info: B149 STID0 BPC 0x1305e [TMA FALL] rdy:1  TLOAD, lb0:16, lb1:4, lb2:16 UINT32 DR, NORM.normal, UINT32, zero GMBase:0x19000 stride:64 -> T TileTag:0 generation:1 physValid:1 addr:0x0 regCat:0 accSrcCat:0 accDstCat:0 size:256 ready:0 isZero: 0 cellTracked: 0
tid: 1 Core@6100000: Retired blocks 252660. BROB head info: B94 STID1 BPC 0x1305e [TMA FALL] rdy:1  TLOAD, lb0:16, lb1:4, lb2:16 UINT32 DR, NORM.normal, UINT32, zero GMBase:0x19100 stride:64 -> T TileTag:0 generation:1 physValid:1 addr:0x0 regCat:0 accSrcCat:0 accDstCat:0 size:256 ready:0 isZero: 0 cellTracked: 0
tid: 2 Core@6100000: Retired blocks 252660. BROB head info: B30 STID2 BPC 0x1305e [TMA FALL] rdy:1  TLOAD, lb0:16, lb1:4, lb2:16 UINT32 DR, NORM.normal, UINT32, zero GMBase:0x19200 stride:64 -> T TileTag:0 generation:1 physValid:1 addr:0x0 regCat:0 accSrcCat:0 accDstCat:0 size:256 ready:0 isZero: 0 cellTracked: 0
tid: 3 Core@6100000: Retired blocks 252660. BROB head info: B227 STID3 BPC 0x1305e [TMA FALL] rdy:1  TLOAD, lb0:16, lb1:4, lb2:16 UINT32 DR, NORM.normal, UINT32, zero GMBase:0x19300 stride:64 -> T TileTag:0 generation:1 physValid:1 addr:0x0 regCat:0 accSrcCat:0 accDstCat:0 size:256 ready:0 isZero: 0 cellTracked: 0
tid: 0 Core@6200000: Retired blocks 252660. BROB head info: B149 STID0 BPC 0x1305e [TMA FALL] rdy:1  TLOAD, lb0:16, lb1:4, lb2:16 UINT32 DR, NORM.normal, UINT32, zero GMBase:0x19000 stride:64 -> T TileTag:0 generation:1 physValid:1 addr:0x0 regCat:0 accSrcCat:0 accDstCat:0 size:256 ready:0 isZero: 0 cellTracked: 0
tid: 1 Core@6200000: Retired blocks 252660. BROB head info: B94 STID1 BPC 0x1305e [TMA FALL] rdy:1  TLOAD, lb0:16, lb1:4, lb2:16 UINT32 DR, NORM.normal, UINT32, zero GMBase:0x19100 stride:64 -> T TileTag:0 generation:1 physValid:1 addr:0x0 regCat:0 accSrcCat:0 accDstCat:0 size:256 ready:0 isZero: 0 cellTracked: 0
tid: 2 Core@6200000: Retired blocks 252660. BROB head info: B30 STID2 BPC 0x1305e [TMA FALL] rdy:1  TLOAD, lb0:16, lb1:4, lb2:16 UINT32 DR, NORM.normal, UINT32, zero GMBase:0x19200 stride:64 -> T TileTag:0 generation:1 physValid:1 addr:0x0 regCat:0 accSrcCat:0 accDstCat:0 size:256 ready:0 isZero: 0 cellTracked: 0
tid: 3 Core@6200000: Retired blocks 252660. BROB head info: B227 STID3 BPC 0x1305e [TMA FALL] rdy:1  TLOAD, lb0:16, lb1:4, lb2:16 UINT32 DR, NORM.normal, UINT32, zero GMBase:0x19300 stride:64 -> T TileTag:0 generation:1 physValid:1 addr:0x0 regCat:0 accSrcCat:0 accDstCat:0 size:256 ready:0 isZero: 0 cellTracked: 0
tid: 0 Core@6300000: Retired blocks 252660. BROB head info: B149 STID0 BPC 0x1305e [TMA FALL] rdy:1  TLOAD, lb0:16, lb1:4, lb2:16 UINT32 DR, NORM.normal, UINT32, zero GMBase:0x19000 stride:64 -> T TileTag:0 generation:1 physValid:1 addr:0x0 regCat:0 accSrcCat:0 accDstCat:0 size:256 ready:0 isZero: 0 cellTracked: 0
tid: 1 Core@6300000: Retired blocks 252660. BROB head info: B94 STID1 BPC 0x1305e [TMA FALL] rdy:1  TLOAD, lb0:16, lb1:4, lb2:16 UINT32 DR, NORM.normal, UINT32, zero GMBase:0x19100 stride:64 -> T TileTag:0 generation:1 physValid:1 addr:0x0 regCat:0 accSrcCat:0 accDstCat:0 size:256 ready:0 isZero: 0 cellTracked: 0
tid: 2 Core@6300000: Retired blocks 252660. BROB head info: B30 STID2 BPC 0x1305e [TMA FALL] rdy:1  TLOAD, lb0:16, lb1:4, lb2:16 UINT32 DR, NORM.normal, UINT32, zero GMBase:0x19200 stride:64 -> T TileTag:0 generation:1 physValid:1 addr:0x0 regCat:0 accSrcCat:0 accDstCat:0 size:256 ready:0 isZero: 0 cellTracked: 0
tid: 3 Core@6300000: Retired blocks 252660. BROB head info: B227 STID3 BPC 0x1305e [TMA FALL] rdy:1  TLOAD, lb0:16, lb1:4, lb2:16 UINT32 DR, NORM.normal, UINT32, zero GMBase:0x19300 stride:64 -> T TileTag:0 generation:1 physValid:1 addr:0x0 regCat:0 accSrcCat:0 accDstCat:0 size:256 ready:0 isZero: 0 cellTracked: 0
tid: 0 Core@6400000: Retired blocks 252660. BROB head info: B149 STID0 BPC 0x1305e [TMA FALL] rdy:1  TLOAD, lb0:16, lb1:4, lb2:16 UINT32 DR, NORM.normal, UINT32, zero GMBase:0x19000 stride:64 -> T TileTag:0 generation:1 physValid:1 addr:0x0 regCat:0 accSrcCat:0 accDstCat:0 size:256 ready:0 isZero: 0 cellTracked: 0
tid: 1 Core@6400000: Retired blocks 252660. BROB head info: B94 STID1 BPC 0x1305e [TMA FALL] rdy:1  TLOAD, lb0:16, lb1:4, lb2:16 UINT32 DR, NORM.normal, UINT32, zero GMBase:0x19100 stride:64 -> T TileTag:0 generation:1 physValid:1 addr:0x0 regCat:0 accSrcCat:0 accDstCat:0 size:256 ready:0 isZero: 0 cellTracked: 0
tid: 2 Core@6400000: Retired blocks 252660. BROB head info: B30 STID2 BPC 0x1305e [TMA FALL] rdy:1  TLOAD, lb0:16, lb1:4, lb2:16 UINT32 DR, NORM.normal, UINT32, zero GMBase:0x19200 stride:64 -> T TileTag:0 generation:1 physValid:1 addr:0x0 regCat:0 accSrcCat:0 accDstCat:0 size:256 ready:0 isZero: 0 cellTracked: 0
tid: 3 Core@6400000: Retired blocks 252660. BROB head info: B227 STID3 BPC 0x1305e [TMA FALL] rdy:1  TLOAD, lb0:16, lb1:4, lb2:16 UINT32 DR, NORM.normal, UINT32, zero GMBase:0x19300 stride:64 -> T TileTag:0 generation:1 physValid:1 addr:0x0 regCat:0 accSrcCat:0 accDstCat:0 size:256 ready:0 isZero: 0 cellTracked: 0
tid: 0 Core@6500000: Retired blocks 252660. BROB head info: B149 STID0 BPC 0x1305e [TMA FALL] rdy:1  TLOAD, lb0:16, lb1:4, lb2:16 UINT32 DR, NORM.normal, UINT32, zero GMBase:0x19000 stride:64 -> T TileTag:0 generation:1 physValid:1 addr:0x0 regCat:0 accSrcCat:0 accDstCat:0 size:256 ready:0 isZero: 0 cellTracked: 0
tid: 1 Core@6500000: Retired blocks 252660. BROB head info: B94 STID1 BPC 0x1305e [TMA FALL] rdy:1  TLOAD, lb0:16, lb1:4, lb2:16 UINT32 DR, NORM.normal, UINT32, zero GMBase:0x19100 stride:64 -> T TileTag:0 generation:1 physValid:1 addr:0x0 regCat:0 accSrcCat:0 accDstCat:0 size:256 ready:0 isZero: 0 cellTracked: 0
tid: 2 Core@6500000: Retired blocks 252660. BROB head info: B30 STID2 BPC 0x1305e [TMA FALL] rdy:1  TLOAD, lb0:16, lb1:4, lb2:16 UINT32 DR, NORM.normal, UINT32, zero GMBase:0x19200 stride:64 -> T TileTag:0 generation:1 physValid:1 addr:0x0 regCat:0 accSrcCat:0 accDstCat:0 size:256 ready:0 isZero: 0 cellTracked: 0
tid: 3 Core@6500000: Retired blocks 252660. BROB head info: B227 STID3 BPC 0x1305e [TMA FALL] rdy:1  TLOAD, lb0:16, lb1:4, lb2:16 UINT32 DR, NORM.normal, UINT32, zero GMBase:0x19300 stride:64 -> T TileTag:0 generation:1 physValid:1 addr:0x0 regCat:0 accSrcCat:0 accDstCat:0 size:256 ready:0 isZero: 0 cellTracked: 0
tid: 0 Core@6600000: Retired blocks 252660. BROB head info: B149 STID0 BPC 0x1305e [TMA FALL] rdy:1  TLOAD, lb0:16, lb1:4, lb2:16 UINT32 DR, NORM.normal, UINT32, zero GMBase:0x19000 stride:64 -> T TileTag:0 generation:1 physValid:1 addr:0x0 regCat:0 accSrcCat:0 accDstCat:0 size:256 ready:0 isZero: 0 cellTracked: 0
tid: 1 Core@6600000: Retired blocks 252660. BROB head info: B94 STID1 BPC 0x1305e [TMA FALL] rdy:1  TLOAD, lb0:16, lb1:4, lb2:16 UINT32 DR, NORM.normal, UINT32, zero GMBase:0x19100 stride:64 -> T TileTag:0 generation:1 physValid:1 addr:0x0 regCat:0 accSrcCat:0 accDstCat:0 size:256 ready:0 isZero: 0 cellTracked: 0
tid: 2 Core@6600000: Retired blocks 252660. BROB head info: B30 STID2 BPC 0x1305e [TMA FALL] rdy:1  TLOAD, lb0:16, lb1:4, lb2:16 UINT32 DR, NORM.normal, UINT32, zero GMBase:0x19200 stride:64 -> T TileTag:0 generation:1 physValid:1 addr:0x0 regCat:0 accSrcCat:0 accDstCat:0 size:256 ready:0 isZero: 0 cellTracked: 0
tid: 3 Core@6600000: Retired blocks 252660. BROB head info: B227 STID3 BPC 0x1305e [TMA FALL] rdy:1  TLOAD, lb0:16, lb1:4, lb2:16 UINT32 DR, NORM.normal, UINT32, zero GMBase:0x19300 stride:64 -> T TileTag:0 generation:1 physValid:1 addr:0x0 regCat:0 accSrcCat:0 accDstCat:0 size:256 ready:0 isZero: 0 cellTracked: 0
tid: 0 Core@6700000: Retired blocks 252660. BROB head info: B149 STID0 BPC 0x1305e [TMA FALL] rdy:1  TLOAD, lb0:16, lb1:4, lb2:16 UINT32 DR, NORM.normal, UINT32, zero GMBase:0x19000 stride:64 -> T TileTag:0 generation:1 physValid:1 addr:0x0 regCat:0 accSrcCat:0 accDstCat:0 size:256 ready:0 isZero: 0 cellTracked: 0
tid: 1 Core@6700000: Retired blocks 252660. BROB head info: B94 STID1 BPC 0x1305e [TMA FALL] rdy:1  TLOAD, lb0:16, lb1:4, lb2:16 UINT32 DR, NORM.normal, UINT32, zero GMBase:0x19100 stride:64 -> T TileTag:0 generation:1 physValid:1 addr:0x0 regCat:0 accSrcCat:0 accDstCat:0 size:256 ready:0 isZero: 0 cellTracked: 0
tid: 2 Core@6700000: Retired blocks 252660. BROB head info: B30 STID2 BPC 0x1305e [TMA FALL] rdy:1  TLOAD, lb0:16, lb1:4, lb2:16 UINT32 DR, NORM.normal, UINT32, zero GMBase:0x19200 stride:64 -> T TileTag:0 generation:1 physValid:1 addr:0x0 regCat:0 accSrcCat:0 accDstCat:0 size:256 ready:0 isZero: 0 cellTracked: 0
tid: 3 Core@6700000: Retired blocks 252660. BROB head info: B227 STID3 BPC 0x1305e [TMA FALL] rdy:1  TLOAD, lb0:16, lb1:4, lb2:16 UINT32 DR, NORM.normal, UINT32, zero GMBase:0x19300 stride:64 -> T TileTag:0 generation:1 physValid:1 addr:0x0 regCat:0 accSrcCat:0 accDstCat:0 size:256 ready:0 isZero: 0 cellTracked: 0
tid: 0 Core@6800000: Retired blocks 252660. BROB head info: B149 STID0 BPC 0x1305e [TMA FALL] rdy:1  TLOAD, lb0:16, lb1:4, lb2:16 UINT32 DR, NORM.normal, UINT32, zero GMBase:0x19000 stride:64 -> T TileTag:0 generation:1 physValid:1 addr:0x0 regCat:0 accSrcCat:0 accDstCat:0 size:256 ready:0 isZero: 0 cellTracked: 0
tid: 1 Core@6800000: Retired blocks 252660. BROB head info: B94 STID1 BPC 0x1305e [TMA FALL] rdy:1  TLOAD, lb0:16, lb1:4, lb2:16 UINT32 DR, NORM.normal, UINT32, zero GMBase:0x19100 stride:64 -> T TileTag:0 generation:1 physValid:1 addr:0x0 regCat:0 accSrcCat:0 accDstCat:0 size:256 ready:0 isZero: 0 cellTracked: 0
tid: 2 Core@6800000: Retired blocks 252660. BROB head info: B30 STID2 BPC 0x1305e [TMA FALL] rdy:1  TLOAD, lb0:16, lb1:4, lb2:16 UINT32 DR, NORM.normal, UINT32, zero GMBase:0x19200 stride:64 -> T TileTag:0 generation:1 physValid:1 addr:0x0 regCat:0 accSrcCat:0 accDstCat:0 size:256 ready:0 isZero: 0 cellTracked: 0
tid: 3 Core@6800000: Retired blocks 252660. BROB head info: B227 STID3 BPC 0x1305e [TMA FALL] rdy:1  TLOAD, lb0:16, lb1:4, lb2:16 UINT32 DR, NORM.normal, UINT32, zero GMBase:0x19300 stride:64 -> T TileTag:0 generation:1 physValid:1 addr:0x0 regCat:0 accSrcCat:0 accDstCat:0 size:256 ready:0 isZero: 0 cellTracked: 0
tid: 0 Core@6900000: Retired blocks 252660. BROB head info: B149 STID0 BPC 0x1305e [TMA FALL] rdy:1  TLOAD, lb0:16, lb1:4, lb2:16 UINT32 DR, NORM.normal, UINT32, zero GMBase:0x19000 stride:64 -> T TileTag:0 generation:1 physValid:1 addr:0x0 regCat:0 accSrcCat:0 accDstCat:0 size:256 ready:0 isZero: 0 cellTracked: 0
tid: 1 Core@6900000: Retired blocks 252660. BROB head info: B94 STID1 BPC 0x1305e [TMA FALL] rdy:1  TLOAD, lb0:16, lb1:4, lb2:16 UINT32 DR, NORM.normal, UINT32, zero GMBase:0x19100 stride:64 -> T TileTag:0 generation:1 physValid:1 addr:0x0 regCat:0 accSrcCat:0 accDstCat:0 size:256 ready:0 isZero: 0 cellTracked: 0
tid: 2 Core@6900000: Retired blocks 252660. BROB head info: B30 STID2 BPC 0x1305e [TMA FALL] rdy:1  TLOAD, lb0:16, lb1:4, lb2:16 UINT32 DR, NORM.normal, UINT32, zero GMBase:0x19200 stride:64 -> T TileTag:0 generation:1 physValid:1 addr:0x0 regCat:0 accSrcCat:0 accDstCat:0 size:256 ready:0 isZero: 0 cellTracked: 0
tid: 3 Core@6900000: Retired blocks 252660. BROB head info: B227 STID3 BPC 0x1305e [TMA FALL] rdy:1  TLOAD, lb0:16, lb1:4, lb2:16 UINT32 DR, NORM.normal, UINT32, zero GMBase:0x19300 stride:64 -> T TileTag:0 generation:1 physValid:1 addr:0x0 regCat:0 accSrcCat:0 accDstCat:0 size:256 ready:0 isZero: 0 cellTracked: 0
tid: 0 Core@7000000: Retired blocks 252660. BROB head info: B149 STID0 BPC 0x1305e [TMA FALL] rdy:1  TLOAD, lb0:16, lb1:4, lb2:16 UINT32 DR, NORM.normal, UINT32, zero GMBase:0x19000 stride:64 -> T TileTag:0 generation:1 physValid:1 addr:0x0 regCat:0 accSrcCat:0 accDstCat:0 size:256 ready:0 isZero: 0 cellTracked: 0
tid: 1 Core@7000000: Retired blocks 252660. BROB head info: B94 STID1 BPC 0x1305e [TMA FALL] rdy:1  TLOAD, lb0:16, lb1:4, lb2:16 UINT32 DR, NORM.normal, UINT32, zero GMBase:0x19100 stride:64 -> T TileTag:0 generation:1 physValid:1 addr:0x0 regCat:0 accSrcCat:0 accDstCat:0 size:256 ready:0 isZero: 0 cellTracked: 0
tid: 2 Core@7000000: Retired blocks 252660. BROB head info: B30 STID2 BPC 0x1305e [TMA FALL] rdy:1  TLOAD, lb0:16, lb1:4, lb2:16 UINT32 DR, NORM.normal, UINT32, zero GMBase:0x19200 stride:64 -> T TileTag:0 generation:1 physValid:1 addr:0x0 regCat:0 accSrcCat:0 accDstCat:0 size:256 ready:0 isZero: 0 cellTracked: 0
tid: 3 Core@7000000: Retired blocks 252660. BROB head info: B227 STID3 BPC 0x1305e [TMA FALL] rdy:1  TLOAD, lb0:16, lb1:4, lb2:16 UINT32 DR, NORM.normal, UINT32, zero GMBase:0x19300 stride:64 -> T TileTag:0 generation:1 physValid:1 addr:0x0 regCat:0 accSrcCat:0 accDstCat:0 size:256 ready:0 isZero: 0 cellTracked: 0
tid: 0 Core@7100000: Retired blocks 252660. BROB head info: B149 STID0 BPC 0x1305e [TMA FALL] rdy:1  TLOAD, lb0:16, lb1:4, lb2:16 UINT32 DR, NORM.normal, UINT32, zero GMBase:0x19000 stride:64 -> T TileTag:0 generation:1 physValid:1 addr:0x0 regCat:0 accSrcCat:0 accDstCat:0 size:256 ready:0 isZero: 0 cellTracked: 0
tid: 1 Core@7100000: Retired blocks 252660. BROB head info: B94 STID1 BPC 0x1305e [TMA FALL] rdy:1  TLOAD, lb0:16, lb1:4, lb2:16 UINT32 DR, NORM.normal, UINT32, zero GMBase:0x19100 stride:64 -> T TileTag:0 generation:1 physValid:1 addr:0x0 regCat:0 accSrcCat:0 accDstCat:0 size:256 ready:0 isZero: 0 cellTracked: 0
tid: 2 Core@7100000: Retired blocks 252660. BROB head info: B30 STID2 BPC 0x1305e [TMA FALL] rdy:1  TLOAD, lb0:16, lb1:4, lb2:16 UINT32 DR, NORM.normal, UINT32, zero GMBase:0x19200 stride:64 -> T TileTag:0 generation:1 physValid:1 addr:0x0 regCat:0 accSrcCat:0 accDstCat:0 size:256 ready:0 isZero: 0 cellTracked: 0
tid: 3 Core@7100000: Retired blocks 252660. BROB head info: B227 STID3 BPC 0x1305e [TMA FALL] rdy:1  TLOAD, lb0:16, lb1:4, lb2:16 UINT32 DR, NORM.normal, UINT32, zero GMBase:0x19300 stride:64 -> T TileTag:0 generation:1 physValid:1 addr:0x0 regCat:0 accSrcCat:0 accDstCat:0 size:256 ready:0 isZero: 0 cellTracked: 0
tid: 0 Core@7200000: Retired blocks 252660. BROB head info: B149 STID0 BPC 0x1305e [TMA FALL] rdy:1  TLOAD, lb0:16, lb1:4, lb2:16 UINT32 DR, NORM.normal, UINT32, zero GMBase:0x19000 stride:64 -> T TileTag:0 generation:1 physValid:1 addr:0x0 regCat:0 accSrcCat:0 accDstCat:0 size:256 ready:0 isZero: 0 cellTracked: 0
tid: 1 Core@7200000: Retired blocks 252660. BROB head info: B94 STID1 BPC 0x1305e [TMA FALL] rdy:1  TLOAD, lb0:16, lb1:4, lb2:16 UINT32 DR, NORM.normal, UINT32, zero GMBase:0x19100 stride:64 -> T TileTag:0 generation:1 physValid:1 addr:0x0 regCat:0 accSrcCat:0 accDstCat:0 size:256 ready:0 isZero: 0 cellTracked: 0
tid: 2 Core@7200000: Retired blocks 252660. BROB head info: B30 STID2 BPC 0x1305e [TMA FALL] rdy:1  TLOAD, lb0:16, lb1:4, lb2:16 UINT32 DR, NORM.normal, UINT32, zero GMBase:0x19200 stride:64 -> T TileTag:0 generation:1 physValid:1 addr:0x0 regCat:0 accSrcCat:0 accDstCat:0 size:256 ready:0 isZero: 0 cellTracked: 0
tid: 3 Core@7200000: Retired blocks 252660. BROB head info: B227 STID3 BPC 0x1305e [TMA FALL] rdy:1  TLOAD, lb0:16, lb1:4, lb2:16 UINT32 DR, NORM.normal, UINT32, zero GMBase:0x19300 stride:64 -> T TileTag:0 generation:1 physValid:1 addr:0x0 regCat:0 accSrcCat:0 accDstCat:0 size:256 ready:0 isZero: 0 cellTracked: 0
tid: 0 Core@7300000: Retired blocks 252660. BROB head info: B149 STID0 BPC 0x1305e [TMA FALL] rdy:1  TLOAD, lb0:16, lb1:4, lb2:16 UINT32 DR, NORM.normal, UINT32, zero GMBase:0x19000 stride:64 -> T TileTag:0 generation:1 physValid:1 addr:0x0 regCat:0 accSrcCat:0 accDstCat:0 size:256 ready:0 isZero: 0 cellTracked: 0
tid: 1 Core@7300000: Retired blocks 252660. BROB head info: B94 STID1 BPC 0x1305e [TMA FALL] rdy:1  TLOAD, lb0:16, lb1:4, lb2:16 UINT32 DR, NORM.normal, UINT32, zero GMBase:0x19100 stride:64 -> T TileTag:0 generation:1 physValid:1 addr:0x0 regCat:0 accSrcCat:0 accDstCat:0 size:256 ready:0 isZero: 0 cellTracked: 0
tid: 2 Core@7300000: Retired blocks 252660. BROB head info: B30 STID2 BPC 0x1305e [TMA FALL] rdy:1  TLOAD, lb0:16, lb1:4, lb2:16 UINT32 DR, NORM.normal, UINT32, zero GMBase:0x19200 stride:64 -> T TileTag:0 generation:1 physValid:1 addr:0x0 regCat:0 accSrcCat:0 accDstCat:0 size:256 ready:0 isZero: 0 cellTracked: 0
tid: 3 Core@7300000: Retired blocks 252660. BROB head info: B227 STID3 BPC 0x1305e [TMA FALL] rdy:1  TLOAD, lb0:16, lb1:4, lb2:16 UINT32 DR, NORM.normal, UINT32, zero GMBase:0x19300 stride:64 -> T TileTag:0 generation:1 physValid:1 addr:0x0 regCat:0 accSrcCat:0 accDstCat:0 size:256 ready:0 isZero: 0 cellTracked: 0
tid: 0 Core@7400000: Retired blocks 252660. BROB head info: B149 STID0 BPC 0x1305e [TMA FALL] rdy:1  TLOAD, lb0:16, lb1:4, lb2:16 UINT32 DR, NORM.normal, UINT32, zero GMBase:0x19000 stride:64 -> T TileTag:0 generation:1 physValid:1 addr:0x0 regCat:0 accSrcCat:0 accDstCat:0 size:256 ready:0 isZero: 0 cellTracked: 0
tid: 1 Core@7400000: Retired blocks 252660. BROB head info: B94 STID1 BPC 0x1305e [TMA FALL] rdy:1  TLOAD, lb0:16, lb1:4, lb2:16 UINT32 DR, NORM.normal, UINT32, zero GMBase:0x19100 stride:64 -> T TileTag:0 generation:1 physValid:1 addr:0x0 regCat:0 accSrcCat:0 accDstCat:0 size:256 ready:0 isZero: 0 cellTracked: 0
tid: 2 Core@7400000: Retired blocks 252660. BROB head info: B30 STID2 BPC 0x1305e [TMA FALL] rdy:1  TLOAD, lb0:16, lb1:4, lb2:16 UINT32 DR, NORM.normal, UINT32, zero GMBase:0x19200 stride:64 -> T TileTag:0 generation:1 physValid:1 addr:0x0 regCat:0 accSrcCat:0 accDstCat:0 size:256 ready:0 isZero: 0 cellTracked: 0
tid: 3 Core@7400000: Retired blocks 252660. BROB head info: B227 STID3 BPC 0x1305e [TMA FALL] rdy:1  TLOAD, lb0:16, lb1:4, lb2:16 UINT32 DR, NORM.normal, UINT32, zero GMBase:0x19300 stride:64 -> T TileTag:0 generation:1 physValid:1 addr:0x0 regCat:0 accSrcCat:0 accDstCat:0 size:256 ready:0 isZero: 0 cellTracked: 0
tid: 0 Core@7500000: Retired blocks 252660. BROB head info: B149 STID0 BPC 0x1305e [TMA FALL] rdy:1  TLOAD, lb0:16, lb1:4, lb2:16 UINT32 DR, NORM.normal, UINT32, zero GMBase:0x19000 stride:64 -> T TileTag:0 generation:1 physValid:1 addr:0x0 regCat:0 accSrcCat:0 accDstCat:0 size:256 ready:0 isZero: 0 cellTracked: 0
tid: 1 Core@7500000: Retired blocks 252660. BROB head info: B94 STID1 BPC 0x1305e [TMA FALL] rdy:1  TLOAD, lb0:16, lb1:4, lb2:16 UINT32 DR, NORM.normal, UINT32, zero GMBase:0x19100 stride:64 -> T TileTag:0 generation:1 physValid:1 addr:0x0 regCat:0 accSrcCat:0 accDstCat:0 size:256 ready:0 isZero: 0 cellTracked: 0
tid: 2 Core@7500000: Retired blocks 252660. BROB head info: B30 STID2 BPC 0x1305e [TMA FALL] rdy:1  TLOAD, lb0:16, lb1:4, lb2:16 UINT32 DR, NORM.normal, UINT32, zero GMBase:0x19200 stride:64 -> T TileTag:0 generation:1 physValid:1 addr:0x0 regCat:0 accSrcCat:0 accDstCat:0 size:256 ready:0 isZero: 0 cellTracked: 0
tid: 3 Core@7500000: Retired blocks 252660. BROB head info: B227 STID3 BPC 0x1305e [TMA FALL] rdy:1  TLOAD, lb0:16, lb1:4, lb2:16 UINT32 DR, NORM.normal, UINT32, zero GMBase:0x19300 stride:64 -> T TileTag:0 generation:1 physValid:1 addr:0x0 regCat:0 accSrcCat:0 accDstCat:0 size:256 ready:0 isZero: 0 cellTracked: 0
tid: 0 Core@7600000: Retired blocks 252660. BROB head info: B149 STID0 BPC 0x1305e [TMA FALL] rdy:1  TLOAD, lb0:16, lb1:4, lb2:16 UINT32 DR, NORM.normal, UINT32, zero GMBase:0x19000 stride:64 -> T TileTag:0 generation:1 physValid:1 addr:0x0 regCat:0 accSrcCat:0 accDstCat:0 size:256 ready:0 isZero: 0 cellTracked: 0
tid: 1 Core@7600000: Retired blocks 252660. BROB head info: B94 STID1 BPC 0x1305e [TMA FALL] rdy:1  TLOAD, lb0:16, lb1:4, lb2:16 UINT32 DR, NORM.normal, UINT32, zero GMBase:0x19100 stride:64 -> T TileTag:0 generation:1 physValid:1 addr:0x0 regCat:0 accSrcCat:0 accDstCat:0 size:256 ready:0 isZero: 0 cellTracked: 0
tid: 2 Core@7600000: Retired blocks 252660. BROB head info: B30 STID2 BPC 0x1305e [TMA FALL] rdy:1  TLOAD, lb0:16, lb1:4, lb2:16 UINT32 DR, NORM.normal, UINT32, zero GMBase:0x19200 stride:64 -> T TileTag:0 generation:1 physValid:1 addr:0x0 regCat:0 accSrcCat:0 accDstCat:0 size:256 ready:0 isZero: 0 cellTracked: 0
tid: 3 Core@7600000: Retired blocks 252660. BROB head info: B227 STID3 BPC 0x1305e [TMA FALL] rdy:1  TLOAD, lb0:16, lb1:4, lb2:16 UINT32 DR, NORM.normal, UINT32, zero GMBase:0x19300 stride:64 -> T TileTag:0 generation:1 physValid:1 addr:0x0 regCat:0 accSrcCat:0 accDstCat:0 size:256 ready:0 isZero: 0 cellTracked: 0
tid: 0 Core@7700000: Retired blocks 252660. BROB head info: B149 STID0 BPC 0x1305e [TMA FALL] rdy:1  TLOAD, lb0:16, lb1:4, lb2:16 UINT32 DR, NORM.normal, UINT32, zero GMBase:0x19000 stride:64 -> T TileTag:0 generation:1 physValid:1 addr:0x0 regCat:0 accSrcCat:0 accDstCat:0 size:256 ready:0 isZero: 0 cellTracked: 0
tid: 1 Core@7700000: Retired blocks 252660. BROB head info: B94 STID1 BPC 0x1305e [TMA FALL] rdy:1  TLOAD, lb0:16, lb1:4, lb2:16 UINT32 DR, NORM.normal, UINT32, zero GMBase:0x19100 stride:64 -> T TileTag:0 generation:1 physValid:1 addr:0x0 regCat:0 accSrcCat:0 accDstCat:0 size:256 ready:0 isZero: 0 cellTracked: 0
tid: 2 Core@7700000: Retired blocks 252660. BROB head info: B30 STID2 BPC 0x1305e [TMA FALL] rdy:1  TLOAD, lb0:16, lb1:4, lb2:16 UINT32 DR, NORM.normal, UINT32, zero GMBase:0x19200 stride:64 -> T TileTag:0 generation:1 physValid:1 addr:0x0 regCat:0 accSrcCat:0 accDstCat:0 size:256 ready:0 isZero: 0 cellTracked: 0
tid: 3 Core@7700000: Retired blocks 252660. BROB head info: B227 STID3 BPC 0x1305e [TMA FALL] rdy:1  TLOAD, lb0:16, lb1:4, lb2:16 UINT32 DR, NORM.normal, UINT32, zero GMBase:0x19300 stride:64 -> T TileTag:0 generation:1 physValid:1 addr:0x0 regCat:0 accSrcCat:0 accDstCat:0 size:256 ready:0 isZero: 0 cellTracked: 0
tid: 0 Core@7800000: Retired blocks 252660. BROB head info: B149 STID0 BPC 0x1305e [TMA FALL] rdy:1  TLOAD, lb0:16, lb1:4, lb2:16 UINT32 DR, NORM.normal, UINT32, zero GMBase:0x19000 stride:64 -> T TileTag:0 generation:1 physValid:1 addr:0x0 regCat:0 accSrcCat:0 accDstCat:0 size:256 ready:0 isZero: 0 cellTracked: 0
tid: 1 Core@7800000: Retired blocks 252660. BROB head info: B94 STID1 BPC 0x1305e [TMA FALL] rdy:1  TLOAD, lb0:16, lb1:4, lb2:16 UINT32 DR, NORM.normal, UINT32, zero GMBase:0x19100 stride:64 -> T TileTag:0 generation:1 physValid:1 addr:0x0 regCat:0 accSrcCat:0 accDstCat:0 size:256 ready:0 isZero: 0 cellTracked: 0
tid: 2 Core@7800000: Retired blocks 252660. BROB head info: B30 STID2 BPC 0x1305e [TMA FALL] rdy:1  TLOAD, lb0:16, lb1:4, lb2:16 UINT32 DR, NORM.normal, UINT32, zero GMBase:0x19200 stride:64 -> T TileTag:0 generation:1 physValid:1 addr:0x0 regCat:0 accSrcCat:0 accDstCat:0 size:256 ready:0 isZero: 0 cellTracked: 0
tid: 3 Core@7800000: Retired blocks 252660. BROB head info: B227 STID3 BPC 0x1305e [TMA FALL] rdy:1  TLOAD, lb0:16, lb1:4, lb2:16 UINT32 DR, NORM.normal, UINT32, zero GMBase:0x19300 stride:64 -> T TileTag:0 generation:1 physValid:1 addr:0x0 regCat:0 accSrcCat:0 accDstCat:0 size:256 ready:0 isZero: 0 cellTracked: 0
tid: 0 Core@7900000: Retired blocks 252660. BROB head info: B149 STID0 BPC 0x1305e [TMA FALL] rdy:1  TLOAD, lb0:16, lb1:4, lb2:16 UINT32 DR, NORM.normal, UINT32, zero GMBase:0x19000 stride:64 -> T TileTag:0 generation:1 physValid:1 addr:0x0 regCat:0 accSrcCat:0 accDstCat:0 size:256 ready:0 isZero: 0 cellTracked: 0
tid: 1 Core@7900000: Retired blocks 252660. BROB head info: B94 STID1 BPC 0x1305e [TMA FALL] rdy:1  TLOAD, lb0:16, lb1:4, lb2:16 UINT32 DR, NORM.normal, UINT32, zero GMBase:0x19100 stride:64 -> T TileTag:0 generation:1 physValid:1 addr:0x0 regCat:0 accSrcCat:0 accDstCat:0 size:256 ready:0 isZero: 0 cellTracked: 0
tid: 2 Core@7900000: Retired blocks 252660. BROB head info: B30 STID2 BPC 0x1305e [TMA FALL] rdy:1  TLOAD, lb0:16, lb1:4, lb2:16 UINT32 DR, NORM.normal, UINT32, zero GMBase:0x19200 stride:64 -> T TileTag:0 generation:1 physValid:1 addr:0x0 regCat:0 accSrcCat:0 accDstCat:0 size:256 ready:0 isZero: 0 cellTracked: 0
tid: 3 Core@7900000: Retired blocks 252660. BROB head info: B227 STID3 BPC 0x1305e [TMA FALL] rdy:1  TLOAD, lb0:16, lb1:4, lb2:16 UINT32 DR, NORM.normal, UINT32, zero GMBase:0x19300 stride:64 -> T TileTag:0 generation:1 physValid:1 addr:0x0 regCat:0 accSrcCat:0 accDstCat:0 size:256 ready:0 isZero: 0 cellTracked: 0
tid: 0 Core@8000000: Retired blocks 252660. BROB head info: B149 STID0 BPC 0x1305e [TMA FALL] rdy:1  TLOAD, lb0:16, lb1:4, lb2:16 UINT32 DR, NORM.normal, UINT32, zero GMBase:0x19000 stride:64 -> T TileTag:0 generation:1 physValid:1 addr:0x0 regCat:0 accSrcCat:0 accDstCat:0 size:256 ready:0 isZero: 0 cellTracked: 0
tid: 1 Core@8000000: Retired blocks 252660. BROB head info: B94 STID1 BPC 0x1305e [TMA FALL] rdy:1  TLOAD, lb0:16, lb1:4, lb2:16 UINT32 DR, NORM.normal, UINT32, zero GMBase:0x19100 stride:64 -> T TileTag:0 generation:1 physValid:1 addr:0x0 regCat:0 accSrcCat:0 accDstCat:0 size:256 ready:0 isZero: 0 cellTracked: 0
tid: 2 Core@8000000: Retired blocks 252660. BROB head info: B30 STID2 BPC 0x1305e [TMA FALL] rdy:1  TLOAD, lb0:16, lb1:4, lb2:16 UINT32 DR, NORM.normal, UINT32, zero GMBase:0x19200 stride:64 -> T TileTag:0 generation:1 physValid:1 addr:0x0 regCat:0 accSrcCat:0 accDstCat:0 size:256 ready:0 isZero: 0 cellTracked: 0
tid: 3 Core@8000000: Retired blocks 252660. BROB head info: B227 STID3 BPC 0x1305e [TMA FALL] rdy:1  TLOAD, lb0:16, lb1:4, lb2:16 UINT32 DR, NORM.normal, UINT32, zero GMBase:0x19300 stride:64 -> T TileTag:0 generation:1 physValid:1 addr:0x0 regCat:0 accSrcCat:0 accDstCat:0 size:256 ready:0 isZero: 0 cellTracked: 0
tid: 0 Core@8100000: Retired blocks 252660. BROB head info: B149 STID0 BPC 0x1305e [TMA FALL] rdy:1  TLOAD, lb0:16, lb1:4, lb2:16 UINT32 DR, NORM.normal, UINT32, zero GMBase:0x19000 stride:64 -> T TileTag:0 generation:1 physValid:1 addr:0x0 regCat:0 accSrcCat:0 accDstCat:0 size:256 ready:0 isZero: 0 cellTracked: 0
tid: 1 Core@8100000: Retired blocks 252660. BROB head info: B94 STID1 BPC 0x1305e [TMA FALL] rdy:1  TLOAD, lb0:16, lb1:4, lb2:16 UINT32 DR, NORM.normal, UINT32, zero GMBase:0x19100 stride:64 -> T TileTag:0 generation:1 physValid:1 addr:0x0 regCat:0 accSrcCat:0 accDstCat:0 size:256 ready:0 isZero: 0 cellTracked: 0
tid: 2 Core@8100000: Retired blocks 252660. BROB head info: B30 STID2 BPC 0x1305e [TMA FALL] rdy:1  TLOAD, lb0:16, lb1:4, lb2:16 UINT32 DR, NORM.normal, UINT32, zero GMBase:0x19200 stride:64 -> T TileTag:0 generation:1 physValid:1 addr:0x0 regCat:0 accSrcCat:0 accDstCat:0 size:256 ready:0 isZero: 0 cellTracked: 0
tid: 3 Core@8100000: Retired blocks 252660. BROB head info: B227 STID3 BPC 0x1305e [TMA FALL] rdy:1  TLOAD, lb0:16, lb1:4, lb2:16 UINT32 DR, NORM.normal, UINT32, zero GMBase:0x19300 stride:64 -> T TileTag:0 generation:1 physValid:1 addr:0x0 regCat:0 accSrcCat:0 accDstCat:0 size:256 ready:0 isZero: 0 cellTracked: 0
tid: 0 Core@8200000: Retired blocks 252660. BROB head info: B149 STID0 BPC 0x1305e [TMA FALL] rdy:1  TLOAD, lb0:16, lb1:4, lb2:16 UINT32 DR, NORM.normal, UINT32, zero GMBase:0x19000 stride:64 -> T TileTag:0 generation:1 physValid:1 addr:0x0 regCat:0 accSrcCat:0 accDstCat:0 size:256 ready:0 isZero: 0 cellTracked: 0
tid: 1 Core@8200000: Retired blocks 252660. BROB head info: B94 STID1 BPC 0x1305e [TMA FALL] rdy:1  TLOAD, lb0:16, lb1:4, lb2:16 UINT32 DR, NORM.normal, UINT32, zero GMBase:0x19100 stride:64 -> T TileTag:0 generation:1 physValid:1 addr:0x0 regCat:0 accSrcCat:0 accDstCat:0 size:256 ready:0 isZero: 0 cellTracked: 0
tid: 2 Core@8200000: Retired blocks 252660. BROB head info: B30 STID2 BPC 0x1305e [TMA FALL] rdy:1  TLOAD, lb0:16, lb1:4, lb2:16 UINT32 DR, NORM.normal, UINT32, zero GMBase:0x19200 stride:64 -> T TileTag:0 generation:1 physValid:1 addr:0x0 regCat:0 accSrcCat:0 accDstCat:0 size:256 ready:0 isZero: 0 cellTracked: 0
tid: 3 Core@8200000: Retired blocks 252660. BROB head info: B227 STID3 BPC 0x1305e [TMA FALL] rdy:1  TLOAD, lb0:16, lb1:4, lb2:16 UINT32 DR, NORM.normal, UINT32, zero GMBase:0x19300 stride:64 -> T TileTag:0 generation:1 physValid:1 addr:0x0 regCat:0 accSrcCat:0 accDstCat:0 size:256 ready:0 isZero: 0 cellTracked: 0
tid: 0 Core@8300000: Retired blocks 252660. BROB head info: B149 STID0 BPC 0x1305e [TMA FALL] rdy:1  TLOAD, lb0:16, lb1:4, lb2:16 UINT32 DR, NORM.normal, UINT32, zero GMBase:0x19000 stride:64 -> T TileTag:0 generation:1 physValid:1 addr:0x0 regCat:0 accSrcCat:0 accDstCat:0 size:256 ready:0 isZero: 0 cellTracked: 0
tid: 1 Core@8300000: Retired blocks 252660. BROB head info: B94 STID1 BPC 0x1305e [TMA FALL] rdy:1  TLOAD, lb0:16, lb1:4, lb2:16 UINT32 DR, NORM.normal, UINT32, zero GMBase:0x19100 stride:64 -> T TileTag:0 generation:1 physValid:1 addr:0x0 regCat:0 accSrcCat:0 accDstCat:0 size:256 ready:0 isZero: 0 cellTracked: 0
tid: 2 Core@8300000: Retired blocks 252660. BROB head info: B30 STID2 BPC 0x1305e [TMA FALL] rdy:1  TLOAD, lb0:16, lb1:4, lb2:16 UINT32 DR, NORM.normal, UINT32, zero GMBase:0x19200 stride:64 -> T TileTag:0 generation:1 physValid:1 addr:0x0 regCat:0 accSrcCat:0 accDstCat:0 size:256 ready:0 isZero: 0 cellTracked: 0
tid: 3 Core@8300000: Retired blocks 252660. BROB head info: B227 STID3 BPC 0x1305e [TMA FALL] rdy:1  TLOAD, lb0:16, lb1:4, lb2:16 UINT32 DR, NORM.normal, UINT32, zero GMBase:0x19300 stride:64 -> T TileTag:0 generation:1 physValid:1 addr:0x0 regCat:0 accSrcCat:0 accDstCat:0 size:256 ready:0 isZero: 0 cellTracked: 0
tid: 0 Core@8400000: Retired blocks 252660. BROB head info: B149 STID0 BPC 0x1305e [TMA FALL] rdy:1  TLOAD, lb0:16, lb1:4, lb2:16 UINT32 DR, NORM.normal, UINT32, zero GMBase:0x19000 stride:64 -> T TileTag:0 generation:1 physValid:1 addr:0x0 regCat:0 accSrcCat:0 accDstCat:0 size:256 ready:0 isZero: 0 cellTracked: 0
tid: 1 Core@8400000: Retired blocks 252660. BROB head info: B94 STID1 BPC 0x1305e [TMA FALL] rdy:1  TLOAD, lb0:16, lb1:4, lb2:16 UINT32 DR, NORM.normal, UINT32, zero GMBase:0x19100 stride:64 -> T TileTag:0 generation:1 physValid:1 addr:0x0 regCat:0 accSrcCat:0 accDstCat:0 size:256 ready:0 isZero: 0 cellTracked: 0
tid: 2 Core@8400000: Retired blocks 252660. BROB head info: B30 STID2 BPC 0x1305e [TMA FALL] rdy:1  TLOAD, lb0:16, lb1:4, lb2:16 UINT32 DR, NORM.normal, UINT32, zero GMBase:0x19200 stride:64 -> T TileTag:0 generation:1 physValid:1 addr:0x0 regCat:0 accSrcCat:0 accDstCat:0 size:256 ready:0 isZero: 0 cellTracked: 0
tid: 3 Core@8400000: Retired blocks 252660. BROB head info: B227 STID3 BPC 0x1305e [TMA FALL] rdy:1  TLOAD, lb0:16, lb1:4, lb2:16 UINT32 DR, NORM.normal, UINT32, zero GMBase:0x19300 stride:64 -> T TileTag:0 generation:1 physValid:1 addr:0x0 regCat:0 accSrcCat:0 accDstCat:0 size:256 ready:0 isZero: 0 cellTracked: 0
